{"type":"FeatureCollection","features":[{"type":"Feature","geometry":{"type":"Polygon","coordinates":[[[-1.0423,45.5444],[-1.0384,45.5355],[-1.0413,45.5336],[-1.0419,45.5309],[-1.0467,45.5301],[-1.0497,45.5368],[-1.0554,45.5364],[-1.0616,45.536],[-1.0597,45.5333],[-1.054,45.5323],[-1.0514,45.5259],[-1.0546,45.524],[-1.0566,45.5246],[-1.0548,45.5267],[-1.0565,45.5294],[-1.0682,45.5281],[-1.0696,45.5265],[-1.0707,45.5218],[-1.0797,45.5216],[-1.0797,45.5216],[-1.084,45.5128],[-1.084,45.5128],[-1.0842,45.5128],[-1.0855,45.5128],[-1.0857,45.5128],[-1.0857,45.5128],[-1.1072,45.4932],[-1.1072,45.4932],[-1.1072,45.4932],[-1.1107,45.4721],[-1.103,45.4429],[-1.0956,45.4369],[-1.0631,45.4313],[-1.0457,45.4212],[-1.0172,45.3956],[-0.9985,45.3724],[-0.9622,45.3389],[-0.9463,45.312],[-0.9456,45.3109],[-0.9243,45.2786],[-0.9227,45.2787],[-0.9129,45.2762],[-0.9128,45.2762],[-0.9128,45.2762],[-0.8944,45.2818],[-0.8943,45.2819],[-0.8942,45.2818],[-0.881,45.2748],[-0.88,45.274],[-0.8676,45.2516],[-0.8625,45.2379],[-0.8369,45.2087],[-0.8114,45.1903],[-0.8114,45.1903],[-0.8114,45.1903],[-0.8114,45.1903],[-0.8116,45.1903],[-0.8135,45.1903],[-0.8137,45.1902],[-0.8137,45.1902],[-0.8137,45.1902],[-0.8137,45.1902],[-0.8077,45.1796],[-0.7727,45.1552],[-0.7688,45.1491],[-0.7688,45.1491],[-0.7688,45.1491],[-0.79,45.1374],[-0.8116,45.1294],[-0.815,45.1254],[-0.815,45.1254],[-0.815,45.1254],[-0.8133,45.1163],[-0.8051,45.1114],[-0.805,45.1114],[-0.8049,45.1114],[-0.7647,45.1189],[-0.7646,45.119],[-0.7646,45.1189],[-0.7492,45.1133],[-0.7482,45.1125],[-0.738,45.1008],[-0.7387,45.0953],[-0.7387,45.0952],[-0.7387,45.0952],[-0.7439,45.0873],[-0.7686,45.0763],[-0.7871,45.0706],[-0.7956,45.0583],[-0.7956,45.0583],[-0.7956,45.0583],[-0.793,45.0437],[-0.7868,45.0355],[-0.7717,45.0283],[-0.7717,45.0283],[-0.7715,45.0283],[-0.7547,45.0305],[-0.7547,45.0305],[-0.7546,45.0305],[-0.7103,45.0274],[-0.6856,45.0158],[-0.6656,44.9998],[-0.6656,44.9997],[-0.6655,44.9998],[-0.6485,45.0064],[-0.6484,45.0065],[-0.6484,45.0065],[-0.633,44.999],[-0.6326,44.9979],[-0.6164,44.981],[-0.599,44.9493],[-0.5992,44.9367],[-0.5992,44.9367],[-0.5992,44.9367],[-0.6102,44.9317],[-0.6102,44.9317],[-0.6104,44.9317],[-0.6205,44.9328],[-0.6206,44.9329],[-0.6206,44.9328],[-0.6259,44.9286],[-0.6259,44.9286],[-0.6259,44.9286],[-0.6267,44.9176],[-0.6267,44.9176],[-0.6267,44.9176],[-0.628,44.9164],[-0.6389,44.911],[-0.639,44.9109],[-0.639,44.911],[-0.6391,44.9123],[-0.6581,44.9153],[-0.6582,44.9153],[-0.6583,44.9153],[-0.6721,44.9096],[-0.6748,44.9038],[-0.6748,44.9038],[-0.6748,44.9038],[-0.6761,44.8964],[-0.6761,44.8964],[-0.6761,44.8964],[-0.6842,44.8896],[-0.7054,44.8887],[-0.7197,44.8842],[-0.7259,44.8715],[-0.7259,44.8715],[-0.7259,44.8715],[-0.722,44.8631],[-0.7098,44.8551],[-0.7062,44.8532],[-0.6933,44.8454],[-0.694,44.8395],[-0.694,44.8395],[-0.694,44.8395],[-0.7046,44.8232],[-0.7046,44.8232],[-0.7046,44.8232],[-0.7016,44.8125],[-0.7006,44.8114],[-0.6775,44.7993],[-0.6742,44.7874],[-0.6625,44.7772],[-0.6625,44.7771],[-0.6624,44.7772],[-0.6368,44.7841],[-0.6367,44.7841],[-0.6367,44.7841],[-0.6228,44.7807],[-0.6212,44.7805],[-0.6171,44.7584],[-0.6079,44.7447],[-0.6078,44.7446],[-0.6077,44.7447],[-0.5842,44.7531],[-0.5841,44.7531],[-0.584,44.7531],[-0.5772,44.7492],[-0.5756,44.7329],[-0.5747,44.7277],[-0.5695,44.7239],[-0.5694,44.7239],[-0.5693,44.7239],[-0.5492,44.7293],[-0.5491,44.7294],[-0.5491,44.7293],[-0.5425,44.7254],[-0.54,44.7176],[-0.54,44.7176],[-0.54,44.7176],[-0.5451,44.7095],[-0.5451,44.7095],[-0.5451,44.7095],[-0.5448,44.7017],[-0.5448,44.7017],[-0.5448,44.7017],[-0.5448,44.7017],[-0.545,44.7017],[-0.5466,44.7017],[-0.5467,44.7017],[-0.5467,44.7017],[-0.5467,44.7017],[-0.5467,44.7017],[-0.5226,44.6834],[-0.5166,44.6702],[-0.5094,44.6651],[-0.5094,44.6651],[-0.5092,44.6651],[-0.5017,44.6664],[-0.4978,44.6729],[-0.4978,44.6729],[-0.4978,44.6729],[-0.5023,44.698],[-0.5023,44.698],[-0.5023,44.698],[-0.4932,44.6998],[-0.4931,44.6998],[-0.493,44.6998],[-0.472,44.6943],[-0.4191,44.6678],[-0.3832,44.6442],[-0.3822,44.6433],[-0.3606,44.6201],[-0.3673,44.5966],[-0.3749,44.5657],[-0.3749,44.5657],[-0.3749,44.5657],[-0.387,44.5363],[-0.387,44.5363],[-0.387,44.5363],[-0.3922,44.5038],[-0.3796,44.4972],[-0.3764,44.4836],[-0.3655,44.4788],[-0.3654,44.4788],[-0.3654,44.4788],[-0.3516,44.4858],[-0.3504,44.4864],[-0.3442,44.4957],[-0.3442,44.4957],[-0.3442,44.4957],[-0.3446,44.5043],[-0.3446,44.5043],[-0.3446,44.5043],[-0.3351,44.5129],[-0.335,44.513],[-0.3349,44.5129],[-0.3335,44.5124],[-0.3334,44.5123],[-0.3333,44.5124],[-0.3162,44.5225],[-0.3156,44.5235],[-0.3156,44.5237],[-0.3155,44.5235],[-0.3071,44.5104],[-0.2861,44.4753],[-0.235,44.4468],[-0.1922,44.4379],[-0.154,44.427],[-0.1146,44.4094],[-0.0692,44.4018],[-0.045,44.3951],[-0.0275,44.3908],[-0.0151,44.3852],[0.0278,44.3709],[0.0195,44.3265],[0.0679,44.3111],[0.0944,44.2918],[0.0944,44.2918],[0.0945,44.2918],[0.1249,44.2934],[0.125,44.2934],[0.125,44.2934],[0.1274,44.2917],[0.1474,44.2768],[0.1661,44.2702],[0.1862,44.2668],[0.2251,44.2655],[0.2552,44.2584],[0.2688,44.2492],[0.2688,44.2471],[0.28,44.2459],[0.28,44.2459],[0.28,44.2459],[0.2743,44.2414],[0.2743,44.2414],[0.2641,44.2333],[0.2528,44.2256],[0.2449,44.2106],[0.2449,44.2106],[0.2449,44.2106],[0.2484,44.188],[0.2564,44.1723],[0.2823,44.1514],[0.2842,44.1514],[0.2926,44.1346],[0.2906,44.124],[0.2906,44.124],[0.2906,44.124],[0.2707,44.0949],[0.2447,44.0666],[0.2163,44.0552],[0.1904,44.0484],[0.1616,44.0456],[0.1615,44.0456],[0.1615,44.0456],[0.138,44.0601],[0.1265,44.065],[0.1264,44.065],[0.1263,44.065],[0.1167,44.0601],[0.1167,44.0601],[0.1167,44.0601],[0.1197,44.0413],[0.1145,44.0252],[0.1149,43.9989],[0.1149,43.9989],[0.1149,43.9989],[0.1112,43.9952],[0.0968,43.9946],[0.0966,43.9945],[0.0966,43.9945],[0.0734,43.9992],[0.0734,43.9992],[0.0733,43.9992],[0.067,43.9982],[0.0538,43.9957],[0.0077,43.965],[0.0077,43.965],[-0.0006,43.9631],[-0.0007,43.9631],[-0.0008,43.9631],[-0.0255,43.9666],[-0.105,43.9882],[-0.1803,43.9952],[-0.1803,43.9952],[-0.1804,43.9951],[-0.1945,43.9933],[-0.2121,43.9889],[-0.2436,43.9648],[-0.2436,43.9648],[-0.2436,43.9648],[-0.2414,43.9648],[-0.2414,43.9648],[-0.2414,43.9648],[-0.2555,43.9534],[-0.2556,43.9533],[-0.2557,43.9534],[-0.2568,43.9544],[-0.2569,43.9544],[-0.257,43.9544],[-0.2912,43.9289],[-0.3265,43.9147],[-0.3369,43.9065],[-0.3391,43.904],[-0.3471,43.8882],[-0.3471,43.8882],[-0.3471,43.8882],[-0.3478,43.8816],[-0.348,43.88],[-0.3488,43.8745],[-0.3497,43.8658],[-0.3497,43.8658],[-0.3497,43.8658],[-0.3577,43.8496],[-0.3728,43.8376],[-0.3981,43.831],[-0.3981,43.831],[-0.3983,43.831],[-0.457,43.8298],[-0.4572,43.8298],[-0.4572,43.8298],[-0.506,43.8249],[-0.6047,43.7977],[-0.6495,43.7876],[-0.7215,43.7801],[-0.7538,43.778],[-0.7539,43.778],[-0.7539,43.778],[-0.7833,43.7853],[-0.8244,43.8022],[-0.8509,43.803],[-0.8598,43.8043],[-0.8865,43.8083],[-0.8866,43.8083],[-0.8867,43.8083],[-0.9037,43.7982],[-0.9144,43.7915],[-0.9339,43.7845],[-0.9466,43.7745],[-0.9638,43.7563],[-0.9976,43.7422],[-1.0132,43.7384],[-1.0554,43.7314],[-1.0847,43.7238],[-1.1071,43.7094],[-1.1224,43.6949],[-1.1224,43.6949],[-1.1224,43.6949],[-1.1221,43.6937],[-1.1221,43.6937],[-1.1221,43.6937],[-1.152,43.6735],[-1.209,43.6539],[-1.2233,43.6434],[-1.2245,43.6427],[-1.2416,43.6198],[-1.251,43.6118],[-1.2618,43.6074],[-1.295,43.6028],[-1.3036,43.6016],[-1.324,43.5937],[-1.3467,43.583],[-1.3759,43.5705],[-1.3788,43.5693],[-1.4231,43.5573],[-1.4773,43.5252],[-1.4862,43.523],[-1.4862,43.523],[-1.4863,43.523],[-1.4912,43.5229],[-1.5015,43.5281],[-1.5234,43.5302],[-1.5234,43.5302],[-1.5149,43.5406],[-1.5149,43.5417],[-1.5099,43.5475],[-1.5015,43.5602],[-1.4968,43.5649],[-1.4921,43.5696],[-1.4864,43.5771],[-1.4845,43.5844],[-1.4823,43.5871],[-1.48,43.5914],[-1.4733,43.6007],[-1.4699,43.6056],[-1.4669,43.6108],[-1.4645,43.6145],[-1.4597,43.6212],[-1.4563,43.627],[-1.4541,43.632],[-1.4531,43.634],[-1.4481,43.6419],[-1.4461,43.6495],[-1.4466,43.6529],[-1.4464,43.6576],[-1.4423,43.6655],[-1.4412,43.6738],[-1.4408,43.6837],[-1.4404,43.6929],[-1.4397,43.6967],[-1.4387,43.7049],[-1.4355,43.7145],[-1.4333,43.723],[-1.4302,43.7348],[-1.4288,43.7395],[-1.4268,43.7444],[-1.424,43.7543],[-1.4195,43.7718],[-1.4182,43.7765],[-1.4156,43.783],[-1.416,43.785],[-1.4147,43.7857],[-1.4152,43.7869],[-1.414,43.7914],[-1.4131,43.7951],[-1.4106,43.8025],[-1.4094,43.8071],[-1.4043,43.8247],[-1.4019,43.829],[-1.4006,43.8345],[-1.3966,43.8468],[-1.3946,43.852],[-1.3898,43.8561],[-1.3889,43.8579],[-1.3918,43.8588],[-1.3908,43.8658],[-1.3868,43.8746],[-1.3832,43.8875],[-1.3824,43.8889],[-1.3807,43.897],[-1.3751,43.9164],[-1.3718,43.9266],[-1.3702,43.935],[-1.3686,43.9408],[-1.3656,43.9526],[-1.3607,43.9707],[-1.3585,43.9764],[-1.3581,43.9794],[-1.3537,43.9965],[-1.3509,44.0033],[-1.3499,44.0083],[-1.3482,44.0167],[-1.3445,44.0302],[-1.3433,44.0366],[-1.3422,44.0413],[-1.3394,44.0491],[-1.3362,44.0594],[-1.3312,44.0762],[-1.3295,44.0819],[-1.3279,44.0866],[-1.327,44.0888],[-1.3257,44.09],[-1.3266,44.0923],[-1.3253,44.0997],[-1.3216,44.111],[-1.3177,44.1283],[-1.3141,44.1408],[-1.3127,44.1446],[-1.3122,44.1483],[-1.3078,44.1677],[-1.306,44.1777],[-1.304,44.1898],[-1.302,44.1988],[-1.2997,44.2102],[-1.298,44.2221],[-1.295,44.237],[-1.2914,44.2544],[-1.2893,44.2671],[-1.2878,44.2754],[-1.2845,44.2901],[-1.2831,44.3001],[-1.2804,44.3121],[-1.2786,44.3183],[-1.277,44.3282],[-1.2758,44.3376],[-1.2739,44.3444],[-1.273,44.3507],[-1.2697,44.369],[-1.2666,44.3875],[-1.2652,44.3961],[-1.2598,44.4286],[-1.2592,44.435],[-1.2589,44.4384],[-1.2571,44.4465],[-1.2558,44.4576],[-1.2542,44.4684],[-1.2536,44.477],[-1.2511,44.4927],[-1.2507,44.5038],[-1.2522,44.5171],[-1.2543,44.5286],[-1.2565,44.5349],[-1.2569,44.5394],[-1.254,44.5467],[-1.2477,44.5543],[-1.2381,44.567],[-1.2345,44.5686],[-1.2232,44.5818],[-1.2181,44.5913],[-1.2115,44.6039],[-1.2071,44.6107],[-1.2044,44.6186],[-1.2042,44.6248],[-1.2047,44.6314],[-1.2048,44.6394],[-1.2025,44.644],[-1.1976,44.6494],[-1.1959,44.6567],[-1.1919,44.6608],[-1.1818,44.664],[-1.1739,44.6645],[-1.1641,44.6645],[-1.1573,44.6633],[-1.1513,44.6601],[-1.1434,44.6575],[-1.1374,44.6536],[-1.147,44.65],[-1.1535,44.6467],[-1.1532,44.6434],[-1.1458,44.6394],[-1.1396,44.6422],[-1.123,44.6455],[-1.1189,44.6454],[-1.116,44.6454],[-1.1115,44.6462],[-1.1018,44.6464],[-1.0806,44.6431],[-1.0783,44.6446],[-1.0706,44.6451],[-1.0444,44.6486],[-1.0419,44.653],[-1.0388,44.6539],[-1.033,44.6511],[-1.0294,44.6557],[-1.029,44.6616],[-1.0265,44.6628],[-1.0251,44.6622],[-1.0194,44.6654],[-1.019,44.6688],[-1.0237,44.6745],[-1.0286,44.676],[-1.0354,44.6774],[-1.05,44.6817],[-1.0584,44.687],[-1.0698,44.6962],[-1.0633,44.6979],[-1.0572,44.6946],[-1.0543,44.6958],[-1.0503,44.6956],[-1.0473,44.6938],[-1.0378,44.6925],[-1.0364,44.6934],[-1.0395,44.6951],[-1.0439,44.6965],[-1.0454,44.7001],[-1.0503,44.7011],[-1.0534,44.7031],[-1.0559,44.7071],[-1.0653,44.7123],[-1.0708,44.716],[-1.0753,44.72],[-1.083,44.7243],[-1.0872,44.727],[-1.0948,44.7346],[-1.1043,44.7411],[-1.1119,44.7421],[-1.1192,44.7446],[-1.1211,44.7487],[-1.1243,44.7514],[-1.1273,44.7502],[-1.1321,44.752],[-1.1403,44.759],[-1.1502,44.7622],[-1.152,44.767],[-1.1577,44.7708],[-1.1647,44.7738],[-1.1678,44.7735],[-1.169,44.7705],[-1.1716,44.7669],[-1.1762,44.7626],[-1.1778,44.7574],[-1.1733,44.7555],[-1.171,44.7505],[-1.1726,44.7453],[-1.1809,44.7422],[-1.1854,44.7392],[-1.1893,44.7326],[-1.1953,44.7248],[-1.2035,44.7212],[-1.2033,44.7161],[-1.2167,44.7107],[-1.2203,44.7063],[-1.2298,44.6955],[-1.2317,44.6894],[-1.236,44.683],[-1.2391,44.6686],[-1.2379,44.6602],[-1.2387,44.6547],[-1.244,44.649],[-1.2452,44.6426],[-1.2453,44.6395],[-1.2463,44.6322],[-1.2415,44.6305],[-1.2453,44.6213],[-1.2498,44.6188],[-1.2582,44.6234],[-1.2604,44.6257],[-1.2619,44.6469],[-1.2608,44.6552],[-1.2602,44.6685],[-1.257,44.6897],[-1.2558,44.6951],[-1.2522,44.7122],[-1.2483,44.7371],[-1.2475,44.7484],[-1.2445,44.7632],[-1.2433,44.7695],[-1.2386,44.7823],[-1.2357,44.7974],[-1.2343,44.8092],[-1.2329,44.8195],[-1.2314,44.8326],[-1.2276,44.845],[-1.2261,44.8574],[-1.2224,44.8746],[-1.2228,44.8848],[-1.2193,44.9018],[-1.2194,44.9119],[-1.2177,44.9178],[-1.2161,44.9242],[-1.214,44.935],[-1.2108,44.9535],[-1.2103,44.9577],[-1.2073,44.9708],[-1.207,44.9731],[-1.2047,44.9867],[-1.2029,45.0039],[-1.2013,45.0174],[-1.2004,45.0286],[-1.1977,45.0488],[-1.1971,45.0531],[-1.1953,45.0666],[-1.1945,45.0732],[-1.1938,45.0833],[-1.1927,45.0876],[-1.1925,45.0926],[-1.1899,45.1133],[-1.1888,45.1207],[-1.187,45.1377],[-1.1847,45.1509],[-1.1836,45.159],[-1.1826,45.1689],[-1.1786,45.1936],[-1.176,45.2048],[-1.1733,45.2272],[-1.1727,45.2326],[-1.1712,45.2432],[-1.1686,45.2589],[-1.1672,45.2678],[-1.1658,45.278],[-1.1631,45.2962],[-1.162,45.3072],[-1.161,45.3241],[-1.1599,45.3457],[-1.1593,45.3563],[-1.1604,45.3674],[-1.1612,45.3885],[-1.1612,45.4048],[-1.1606,45.4162],[-1.1571,45.4264],[-1.1514,45.4417],[-1.1525,45.4555],[-1.1534,45.4585],[-1.1563,45.4663],[-1.1572,45.4698],[-1.1555,45.4765],[-1.1541,45.4818],[-1.1519,45.4872],[-1.1486,45.4914],[-1.1444,45.4965],[-1.1419,45.5011],[-1.1348,45.5114],[-1.1299,45.5161],[-1.1228,45.5213],[-1.1203,45.5233],[-1.113,45.5312],[-1.1072,45.5393],[-1.1038,45.5405],[-1.1012,45.5406],[-1.1001,45.5445],[-1.097,45.553],[-1.096,45.5568],[-1.0931,45.5572],[-1.0765,45.5657],[-1.0676,45.5701],[-1.0611,45.5725],[-1.0605,45.5661],[-1.0611,45.5605],[-1.0639,45.5586],[-1.0639,45.5561],[-1.0619,45.5531],[-1.0576,45.5501],[-1.0542,45.5479],[-1.0423,45.5444]]]},"properties":{"code":21,"nom":"Landes","code_her1":13,"nom_her1":"LANDES"}},{"type":"Feature","geometry":{"type":"Polygon","coordinates":[[[6.6623,49.2557],[6.638,49.2695],[6.6238,49.2637],[6.6081,49.251],[6.5978,49.2388],[6.5909,49.2208],[6.6024,49.2187],[6.6104,49.2113],[6.5974,49.205],[6.5957,49.1956],[6.6066,49.1943],[6.5981,49.1746],[6.5883,49.1718],[6.5899,49.1612],[6.5951,49.1523],[6.6126,49.1443],[6.6164,49.1335],[6.6191,49.1214],[6.6114,49.1154],[6.614,49.1037],[6.6262,49.1025],[6.6376,49.0966],[6.6525,49.093],[6.7682,49.1138],[6.797,49.1294],[6.8249,49.1348],[6.8589,49.1349],[6.87,49.1587],[6.902,49.1734],[6.9385,49.197],[6.9541,49.2062],[6.9748,49.2096],[6.9781,49.208],[6.9992,49.1952],[7.0188,49.1893],[7.0356,49.1918],[7.0347,49.1844],[7.0323,49.1783],[7.0283,49.1709],[7.0333,49.1657],[7.0341,49.1562],[7.0445,49.1431],[7.0482,49.1379],[7.0447,49.1214],[7.0473,49.117],[7.0562,49.1132],[7.0638,49.1148],[7.0709,49.1253],[7.0881,49.1305],[7.0814,49.1409],[7.079,49.1493],[7.0836,49.1535],[7.1049,49.1564],[7.1154,49.1518],[7.1052,49.1466],[7.1048,49.1379],[7.1227,49.1416],[7.1272,49.1409],[7.1309,49.1341],[7.1363,49.1284],[7.1433,49.1259],[7.1501,49.1248],[7.1592,49.1208],[7.1657,49.1286],[7.1691,49.1272],[7.1764,49.1292],[7.1848,49.1309],[7.1962,49.1226],[7.1995,49.1149],[7.2086,49.1243],[7.2273,49.126],[7.2355,49.1287],[7.244,49.1294],[7.2663,49.1227],[7.2739,49.1243],[7.2802,49.122],[7.2818,49.1244],[7.2845,49.124],[7.2821,49.1169],[7.2941,49.1151],[7.2991,49.1172],[7.3047,49.1269],[7.3107,49.1295],[7.313,49.1355],[7.3155,49.1389],[7.3304,49.1453],[7.341,49.145],[7.3453,49.1431],[7.362,49.1439],[7.362,49.1557],[7.3687,49.1618],[7.3653,49.1641],[7.3649,49.1697],[7.3651,49.1726],[7.3746,49.1742],[7.4449,49.1839],[7.4368,49.1803],[7.4421,49.1716],[7.4376,49.1649],[7.4249,49.1534],[7.4296,49.1435],[7.4154,49.1348],[7.4063,49.128],[7.4018,49.113],[7.3994,49.1031],[7.3898,49.0944],[7.3879,49.0873],[7.3657,49.0871],[7.3625,49.0891],[7.3592,49.0911],[7.3519,49.0948],[7.3298,49.0955],[7.3228,49.0838],[7.3212,49.0676],[7.3193,49.0607],[7.3133,49.0585],[7.308,49.0451],[7.323,49.0313],[7.3165,49.0246],[7.3066,49.0182],[7.2718,48.988],[7.2485,48.9753],[7.2052,48.9357],[7.1786,48.9177],[7.221,48.8865],[7.2577,48.8767],[7.2815,48.8762],[7.2719,48.8476],[7.2813,48.8175],[7.263,48.8137],[7.2889,48.8023],[7.2928,48.7899],[7.2982,48.7717],[7.2924,48.7609],[7.2674,48.759],[7.2297,48.7332],[7.2058,48.7138],[7.1659,48.7077],[7.1295,48.6874],[7.0861,48.6399],[7.0626,48.6415],[7.0519,48.6212],[7.0214,48.6187],[6.9965,48.6117],[7.005,48.6008],[6.9722,48.5725],[6.9411,48.5377],[6.9268,48.5247],[6.9129,48.5103],[6.9096,48.5039],[6.9073,48.4963],[6.8642,48.4424],[6.8507,48.4395],[6.8126,48.4606],[6.8076,48.4604],[6.8033,48.4551],[6.7783,48.4502],[6.7618,48.4439],[6.7514,48.4364],[6.7243,48.4289],[6.7033,48.4171],[6.7109,48.4054],[6.7215,48.3999],[6.7307,48.3904],[6.7442,48.3905],[6.7568,48.3824],[6.7496,48.3746],[6.7223,48.3729],[6.716,48.3683],[6.7006,48.3634],[6.695,48.3526],[6.7021,48.3392],[6.7146,48.3253],[6.7219,48.3075],[6.7248,48.2965],[6.723,48.2885],[6.7081,48.2869],[6.6994,48.2792],[6.6964,48.2635],[6.7048,48.2577],[6.703,48.253],[6.6992,48.2485],[6.7044,48.2408],[6.6751,48.2308],[6.5865,48.2115],[6.5771,48.2134],[6.5251,48.2013],[6.4965,48.2071],[6.4721,48.2039],[6.4637,48.1947],[6.4505,48.1922],[6.4406,48.1853],[6.4274,48.1775],[6.4017,48.1761],[6.3951,48.1711],[6.3842,48.1676],[6.3633,48.1669],[6.3502,48.1667],[6.3312,48.1654],[6.3134,48.1605],[6.3138,48.1457],[6.3111,48.1417],[6.299,48.1359],[6.2892,48.1328],[6.2739,48.129],[6.247,48.1328],[6.2159,48.1362],[6.2003,48.1374],[6.1892,48.1371],[6.1808,48.132],[6.1714,48.1273],[6.1615,48.1178],[6.1629,48.1075],[6.1648,48.1028],[6.1239,48.1117],[6.0959,48.1314],[6.0666,48.1609],[5.993,48.1681],[5.9708,48.1465],[5.9511,48.1417],[5.9117,48.1322],[5.9008,48.1074],[5.8582,48.0799],[5.8184,48.0599],[5.7863,48.0517],[5.7699,48.0498],[5.7453,48.0468],[5.7193,48.0294],[5.6925,47.9983],[5.6685,47.9763],[5.6427,47.969],[5.6295,47.9653],[5.5856,47.9483],[5.5329,47.9346],[5.489,47.9176],[5.4469,47.8914],[5.4023,47.8607],[5.3832,47.8415],[5.3725,47.837],[5.3402,47.8701],[5.328,47.8685],[5.3186,47.8364],[5.3145,47.8496],[5.3111,47.8692],[5.3044,47.8799],[5.3003,47.893],[5.269,47.8835],[5.2601,47.8738],[5.2405,47.8759],[5.252,47.8821],[5.2677,47.8982],[5.2881,47.9033],[5.2902,47.9158],[5.2658,47.9202],[5.2696,47.9249],[5.2758,47.9318],[5.2766,47.9401],[5.2648,47.9574],[5.261,47.9896],[5.2765,47.9934],[5.2846,47.9653],[5.3131,47.9483],[5.3501,47.9532],[5.3672,47.9546],[5.3833,47.9572],[5.3958,47.9587],[5.4086,47.9581],[5.4222,47.9541],[5.4334,47.9554],[5.4318,47.9703],[5.423,47.9787],[5.4256,47.9931],[5.4015,48.0028],[5.3802,48.0182],[5.3528,48.0243],[5.3614,48.0294],[5.3887,48.0269],[5.403,48.0165],[5.4178,48.0198],[5.4115,48.0321],[5.4037,48.053],[5.3937,48.0709],[5.4127,48.0581],[5.4278,48.0559],[5.4353,48.0766],[5.462,48.0638],[5.4772,48.068],[5.4947,48.0704],[5.4909,48.0821],[5.5056,48.084],[5.5129,48.1025],[5.5105,48.1088],[5.5202,48.1251],[5.513,48.1381],[5.5098,48.1486],[5.5255,48.1552],[5.5449,48.1625],[5.5386,48.1706],[5.5607,48.1898],[5.5809,48.1962],[5.5773,48.1661],[5.5808,48.1439],[5.602,48.1431],[5.6181,48.1559],[5.6323,48.1943],[5.6452,48.2114],[5.6616,48.2282],[5.6714,48.2612],[5.6788,48.23],[5.6953,48.2214],[5.7086,48.2113],[5.7249,48.2166],[5.698,48.2467],[5.6992,48.2558],[5.7249,48.2373],[5.743,48.2217],[5.7546,48.2337],[5.7535,48.2433],[5.7446,48.2558],[5.7571,48.2525],[5.7681,48.254],[5.7689,48.2652],[5.758,48.2755],[5.7506,48.285],[5.7571,48.2881],[5.7648,48.289],[5.7753,48.2892],[5.7766,48.2975],[5.7782,48.3165],[5.7964,48.3072],[5.8265,48.3093],[5.8205,48.3234],[5.833,48.3275],[5.8312,48.3436],[5.8225,48.3648],[5.8377,48.3616],[5.8538,48.3571],[5.8557,48.3806],[5.8705,48.3864],[5.9498,48.3707],[5.9812,48.3612],[5.9967,48.3679],[6.0045,48.3898],[5.9936,48.3983],[6.012,48.4068],[6.0123,48.4163],[5.9881,48.4401],[5.9559,48.4594],[5.9812,48.4859],[5.9634,48.5011],[5.9694,48.5077],[5.9677,48.5194],[5.9668,48.5315],[5.9739,48.5273],[5.9845,48.5189],[5.9936,48.5242],[5.9921,48.5324],[5.9931,48.547],[6.006,48.541],[6.0191,48.5418],[6.0403,48.5399],[6.0482,48.5523],[6.0382,48.56],[6.0314,48.5682],[6.0327,48.5814],[6.046,48.5854],[6.0605,48.5919],[6.0854,48.5923],[6.0967,48.5929],[6.0987,48.6019],[6.0907,48.6072],[6.0708,48.6139],[6.0589,48.6241],[6.0854,48.6218],[6.1087,48.6183],[6.1513,48.6151],[6.1762,48.6194],[6.1854,48.6345],[6.1738,48.6586],[6.1469,48.6704],[6.1398,48.6839],[6.1562,48.691],[6.1574,48.7079],[6.2303,48.7145],[6.2252,48.7304],[6.2282,48.7522],[6.2753,48.751],[6.3127,48.7657],[6.2664,48.7922],[6.2456,48.8169],[6.2296,48.8454],[6.2026,48.8482],[6.181,48.8429],[6.121,48.8708],[6.0775,48.8588],[6.0302,48.8644],[6.0264,48.8898],[5.9966,48.9039],[6.0232,48.9159],[6.0175,48.9422],[5.9967,48.9322],[5.9816,48.9412],[6.0066,48.9471],[6.0068,48.9678],[5.9974,48.9863],[6.0223,48.9918],[6.0339,49.0046],[6.0377,49.0132],[6.0406,49.0189],[6.0327,49.0225],[6.0487,49.0261],[6.0466,49.0464],[6.0449,49.0609],[6.0519,49.0664],[6.0619,49.0741],[6.0517,49.085],[6.0749,49.085],[6.0793,49.0978],[6.0781,49.1114],[6.0725,49.1222],[6.0893,49.1239],[6.1217,49.1177],[6.1313,49.1208],[6.1197,49.1382],[6.0875,49.1582],[6.113,49.1634],[6.0966,49.1842],[6.1111,49.1899],[6.1144,49.195],[6.1241,49.1998],[6.1106,49.2004],[6.0906,49.1964],[6.0921,49.206],[6.1055,49.2128],[6.1008,49.2368],[6.0789,49.2466],[6.0534,49.2632],[6.0948,49.2713],[6.1138,49.2779],[6.0903,49.2965],[6.0725,49.3046],[6.0855,49.3121],[6.0388,49.3338],[6.0527,49.3482],[6.0645,49.3618],[6.0802,49.3752],[6.0907,49.375],[6.0832,49.3865],[6.0858,49.3988],[6.1006,49.4147],[6.1018,49.4265],[6.0987,49.4366],[6.1076,49.4415],[6.1012,49.4511],[6.1021,49.4691],[6.1109,49.4732],[6.1231,49.473],[6.1273,49.4934],[6.1443,49.4902],[6.1555,49.4952],[6.1531,49.5037],[6.1788,49.509],[6.213,49.506],[6.2279,49.5081],[6.2371,49.5089],[6.2397,49.5151],[6.2486,49.5099],[6.2557,49.511],[6.2624,49.5082],[6.2634,49.5063],[6.28,49.5049],[6.2823,49.5018],[6.2814,49.4944],[6.289,49.495],[6.2923,49.4932],[6.2866,49.4903],[6.2906,49.4877],[6.3,49.489],[6.2993,49.4804],[6.3049,49.4785],[6.3126,49.4803],[6.3204,49.4782],[6.3249,49.4753],[6.3344,49.4669],[6.3415,49.4686],[6.3535,49.467],[6.3624,49.4609],[6.3671,49.461],[6.3662,49.4701],[6.3791,49.4672],[6.3817,49.4638],[6.4029,49.4659],[6.4087,49.4709],[6.4274,49.4766],[6.4341,49.475],[6.4432,49.4679],[6.4559,49.4633],[6.4659,49.4662],[6.4731,49.4605],[6.4822,49.453],[6.4993,49.4504],[6.5092,49.445],[6.513,49.4413],[6.5359,49.4349],[6.547,49.4277],[6.5535,49.4193],[6.5369,49.4081],[6.5409,49.4014],[6.5511,49.3997],[6.5524,49.3952],[6.5598,49.3925],[6.566,49.3882],[6.577,49.3899],[6.5889,49.3852],[6.5854,49.3694],[6.597,49.3712],[6.602,49.3669],[6.588,49.3484],[6.569,49.3558],[6.5642,49.3498],[6.5781,49.3351],[6.592,49.3351],[6.5898,49.322],[6.5934,49.3182],[6.6066,49.3092],[6.6163,49.3029],[6.6255,49.3037],[6.6306,49.2992],[6.639,49.295],[6.6688,49.2785],[6.6662,49.2712],[6.6623,49.2557]]]},"properties":{"code":25,"nom":"Plateau lorrain","code_her1":10,"nom_her1":"COTES CALCAIRES EST"}},{"type":"Feature","geometry":{"type":"Polygon","coordinates":[[[6.9869,45.6095],[6.9882,45.5949],[6.987,45.5814],[6.9984,45.5746],[6.9997,45.5561],[7.002,45.5433],[6.9998,45.5304],[7.008,45.5197],[7.0078,45.504],[7.0271,45.496],[7.0598,45.4926],[7.0638,45.486],[7.0553,45.4781],[7.0591,45.4725],[7.0699,45.4722],[7.1082,45.4657],[7.1046,45.4567],[7.1203,45.4348],[7.1621,45.4245],[7.1809,45.4117],[7.19,45.4045],[7.1717,45.3857],[7.1678,45.359],[7.1431,45.35],[7.1427,45.3316],[7.1185,45.3282],[7.1189,45.3126],[7.1255,45.3039],[7.142,45.2848],[7.1389,45.2556],[7.1255,45.2446],[7.1104,45.2476],[7.1043,45.2435],[7.0989,45.2355],[7.077,45.2142],[7.0513,45.2253],[7.0277,45.2147],[7.0018,45.2166],[6.9634,45.2054],[6.9678,45.1968],[6.955,45.1721],[6.9442,45.1721],[6.8979,45.1672],[6.8895,45.1543],[6.8985,45.14],[6.8605,45.1323],[6.8017,45.1531],[6.7739,45.1598],[6.7436,45.1385],[6.7144,45.1449],[6.682,45.1385],[6.6757,45.123],[6.6496,45.1168],[6.6327,45.1126],[6.5577,45.1163],[6.5621,45.1373],[6.5816,45.1496],[6.6387,45.1696],[6.6542,45.2224],[6.6515,45.2618],[6.64,45.2784],[6.6461,45.3205],[6.6853,45.3472],[6.7123,45.3804],[6.7108,45.3918],[6.7079,45.4153],[6.6967,45.4369],[6.6953,45.4762],[6.7046,45.5033],[6.7203,45.5208],[6.7828,45.5486],[6.8285,45.581],[6.8456,45.5803],[6.865,45.5715],[6.8943,45.5783],[6.9364,45.6008],[6.9869,45.6095]]]},"properties":{"code":10,"nom":"Massif de la Vanoise","code_her1":2,"nom_her1":"ALPES INTERNES"}},{"type":"Feature","geometry":{"type":"Polygon","coordinates":[[[3.6745,50.4067],[3.666,50.4054],[3.6289,50.404],[3.5751,50.3827],[3.4827,50.3893],[3.4435,50.3969],[3.361,50.3745],[3.2827,50.3642],[3.2315,50.3318],[3.1664,50.3474],[3.0671,50.3738],[3.0568,50.4029],[3.0115,50.4333],[2.9313,50.4649],[2.9916,50.5207],[3.0791,50.5307],[3.1624,50.5587],[3.2762,50.5907],[3.2765,50.5795],[3.2802,50.5725],[3.2815,50.5501],[3.2893,50.529],[3.3195,50.5203],[3.3324,50.5084],[3.34,50.5078],[3.3648,50.5037],[3.3796,50.4929],[3.4044,50.4998],[3.4339,50.5096],[3.4481,50.5083],[3.4537,50.5196],[3.4734,50.5337],[3.4922,50.5294],[3.5209,50.5246],[3.5205,50.5095],[3.5041,50.5013],[3.5011,50.488],[3.5141,50.492],[3.5187,50.4953],[3.5333,50.4971],[3.5392,50.4954],[3.5461,50.4986],[3.5578,50.4986],[3.5693,50.5014],[3.5783,50.4982],[3.5875,50.4897],[3.6095,50.4955],[3.6169,50.4942],[3.6254,50.4838],[3.6498,50.464],[3.6641,50.4595],[3.6703,50.4343],[3.6741,50.4139],[3.6745,50.4067]]]},"properties":{"code":33,"nom":"Douai-Conde","code_her1":20,"nom_her1":"DEPOTS ARGILO SABLEUX"}},{"type":"Feature","geometry":{"type":"Polygon","coordinates":[[[5.0952,44.7699],[5.0839,44.7777],[5.0812,44.7968],[5.0544,44.8004],[5.057,44.8266],[5.0566,44.8498],[5.0635,44.8679],[5.1013,44.9224],[5.1375,44.9578],[5.1607,44.9779],[5.195,45.0289],[5.2109,45.0383],[5.2198,45.0435],[5.2316,45.0572],[5.2481,45.0604],[5.2876,45.0752],[5.3102,45.1136],[5.3522,45.127],[5.3703,45.1436],[5.4072,45.173],[5.4611,45.1964],[5.4676,45.1957],[5.4756,45.2056],[5.4937,45.2265],[5.5063,45.2335],[5.5103,45.2426],[5.5207,45.2583],[5.536,45.2742],[5.54,45.2836],[5.5471,45.2865],[5.5611,45.2877],[5.5695,45.2905],[5.5794,45.2947],[5.5962,45.3016],[5.6029,45.3011],[5.615,45.2872],[5.6194,45.2662],[5.6198,45.2647],[5.6938,45.1735],[5.6989,45.1541],[5.6966,45.15],[5.6853,45.1293],[5.664,45.0754],[5.66,45.0679],[5.66,45.0655],[5.6459,45.0411],[5.6057,44.9843],[5.6024,44.9619],[5.5963,44.9524],[5.6082,44.894],[5.6014,44.8789],[5.6018,44.8568],[5.6051,44.8254],[5.6229,44.8078],[5.5551,44.8062],[5.5134,44.8138],[5.4741,44.8296],[5.4484,44.847],[5.4305,44.8513],[5.3594,44.8533],[5.3388,44.8736],[5.3244,44.8969],[5.3058,44.8957],[5.2879,44.8874],[5.2671,44.8688],[5.227,44.8588],[5.2036,44.8453],[5.1972,44.8304],[5.2004,44.811],[5.1802,44.8083],[5.1509,44.7892],[5.1369,44.7913],[5.1129,44.7856],[5.0952,44.7699]]]},"properties":{"code":11,"nom":"Vercors nord","code_her1":5,"nom_her1":"JURA-PREALPES DU NORD"}},{"type":"Feature","geometry":{"type":"Polygon","coordinates":[[[5.8041,45.1053],[5.8758,45.0904],[5.9335,45.1027],[6.0102,45.1445],[6.0522,45.1773],[6.1131,45.1934],[6.1799,45.2019],[6.1838,45.1626],[6.1746,45.1317],[6.1801,45.1094],[6.2028,45.0874],[6.2327,45.0682],[6.2834,45.0604],[6.326,45.0609],[6.3473,45.0643],[6.3986,45.0612],[6.452,45.0398],[6.505,44.9951],[6.5601,44.9624],[6.5869,44.9372],[6.5934,44.9193],[6.5949,44.9053],[6.5914,44.8934],[6.5748,44.8811],[6.5548,44.8577],[6.5438,44.834],[6.5377,44.8045],[6.536,44.7823],[6.5389,44.7516],[6.5115,44.7322],[6.4735,44.7113],[6.4397,44.694],[6.3909,44.6856],[6.2984,44.6834],[6.2553,44.6779],[6.2511,44.6818],[6.2148,44.6799],[6.1905,44.6763],[6.156,44.678],[6.1367,44.6837],[6.1157,44.7081],[6.095,44.7153],[6.0693,44.7323],[6.0533,44.751],[6.0421,44.7614],[6.0519,44.7712],[6.0229,44.7989],[5.9703,44.8206],[5.9225,44.8326],[5.8812,44.8501],[5.873,44.8775],[5.9027,44.8766],[5.9091,44.8874],[5.8967,44.8939],[5.8628,44.896],[5.8498,44.9045],[5.8486,44.9229],[5.8026,44.9847],[5.7952,45.0046],[5.8014,45.0125],[5.7993,45.0256],[5.7656,45.0549],[5.7664,45.0669],[5.7947,45.0882],[5.8041,45.1053]]]},"properties":{"code":12,"nom":"Massif de l'Oisans","code_her1":2,"nom_her1":"ALPES INTERNES"}},{"type":"Feature","geometry":{"type":"Polygon","coordinates":[[[3.0741,47.0574],[3.0866,46.9882],[3.0824,46.9243],[3.114,46.8543],[3.117,46.8072],[3.1191,46.7974],[3.1191,46.7974],[3.1192,46.7974],[3.1192,46.7974],[3.1192,46.7974],[3.1192,46.7974],[3.1192,46.7974],[3.1192,46.7974],[3.1192,46.7974],[3.1797,46.8305],[3.1797,46.8305],[3.2185,46.8315],[3.2185,46.8315],[3.2185,46.8315],[3.2185,46.8315],[3.2511,46.8769],[3.2511,46.8769],[3.2511,46.8769],[3.2511,46.8769],[3.2511,46.8769],[3.2511,46.8769],[3.2511,46.8769],[3.2795,46.8596],[3.2795,46.8596],[3.2795,46.8596],[3.2795,46.8595],[3.2795,46.8595],[3.2814,46.8377],[3.2814,46.8377],[3.2814,46.8377],[3.2814,46.8377],[3.2814,46.8377],[3.2814,46.8377],[3.2814,46.8377],[3.2814,46.8377],[3.2814,46.8377],[3.2814,46.8377],[3.3603,46.8332],[3.3603,46.8332],[3.3603,46.8332],[3.3603,46.8332],[3.3603,46.8332],[3.3603,46.8332],[3.3603,46.8332],[3.3672,46.8328],[3.3672,46.8328],[3.3672,46.8328],[3.3672,46.8328],[3.3672,46.8328],[3.389,46.8345],[3.4057,46.8405],[3.4057,46.8405],[3.4057,46.8405],[3.4057,46.8405],[3.4057,46.8405],[3.4164,46.8364],[3.4164,46.8364],[3.4164,46.8364],[3.4164,46.8364],[3.4164,46.8364],[3.4357,46.8412],[3.4357,46.8412],[3.4357,46.8412],[3.4357,46.8412],[3.4357,46.8412],[3.4589,46.8388],[3.4589,46.8388],[3.4589,46.8388],[3.4589,46.8388],[3.5009,46.8428],[3.5875,46.8735],[3.5876,46.8735],[3.5876,46.8735],[3.59,46.9047],[3.6358,46.9362],[3.6358,46.9362],[3.6358,46.9362],[3.6358,46.9362],[3.6358,46.9362],[3.6358,46.9362],[3.6358,46.9362],[3.6666,46.9193],[3.6666,46.9193],[3.6666,46.9193],[3.6666,46.9193],[3.6666,46.9192],[3.6907,46.8727],[3.6907,46.8727],[3.6907,46.8727],[3.6907,46.8727],[3.6907,46.8727],[3.6907,46.8727],[3.6907,46.8727],[3.7021,46.8732],[3.7021,46.8732],[3.7324,46.8854],[3.7324,46.8854],[3.7625,46.8856],[3.7625,46.8856],[3.7625,46.8856],[3.7625,46.8856],[3.7722,46.8934],[3.7821,46.9304],[3.7936,46.9467],[3.7936,46.9467],[3.7936,46.9467],[3.7952,46.9469],[3.8083,46.9536],[3.8083,46.9536],[3.8083,46.9536],[3.8083,46.9536],[3.8083,46.9536],[3.8083,46.9535],[3.8083,46.9535],[3.8454,46.9289],[3.8454,46.9289],[3.8454,46.9289],[3.8454,46.9289],[3.8454,46.9289],[3.8308,46.903],[3.8405,46.8779],[3.8223,46.8449],[3.813,46.8213],[3.816,46.8034],[3.8322,46.764],[3.8208,46.7273],[3.8188,46.7178],[3.8188,46.7178],[3.8188,46.7178],[3.8321,46.6999],[3.8321,46.6999],[3.8321,46.6998],[3.8401,46.676],[3.8294,46.6631],[3.8135,46.6478],[3.8064,46.6408],[3.8064,46.6408],[3.8063,46.6408],[3.7836,46.628],[3.7836,46.628],[3.7836,46.628],[3.7748,46.6198],[3.7748,46.6198],[3.7747,46.6198],[3.7587,46.61],[3.7587,46.61],[3.7587,46.61],[3.7548,46.607],[3.7507,46.6037],[3.7507,46.6037],[3.7507,46.6037],[3.7444,46.6001],[3.7444,46.6001],[3.7443,46.6001],[3.7403,46.5944],[3.7438,46.5863],[3.7427,46.5766],[3.7464,46.5661],[3.7444,46.5577],[3.746,46.5483],[3.746,46.5482],[3.746,46.5482],[3.746,46.5482],[3.746,46.5482],[3.7677,46.5401],[3.7677,46.5401],[3.7852,46.5367],[3.7852,46.5367],[3.7852,46.5367],[3.7852,46.5367],[3.7995,46.5376],[3.7995,46.5376],[3.7995,46.5376],[3.7995,46.5376],[3.8157,46.5358],[3.8157,46.5358],[3.8157,46.5358],[3.8352,46.5328],[3.8352,46.5328],[3.847,46.5271],[3.8615,46.5213],[3.8615,46.5213],[3.8724,46.5193],[3.8724,46.5193],[3.8724,46.5193],[3.8724,46.5193],[3.8767,46.5201],[3.8836,46.5213],[3.8836,46.5213],[3.8836,46.5213],[3.8836,46.5213],[3.8836,46.5213],[3.8836,46.5212],[3.9037,46.4992],[3.9037,46.4992],[3.9037,46.4992],[3.9037,46.4992],[3.9037,46.4992],[3.9377,46.4932],[3.9377,46.4932],[3.9377,46.4932],[3.9792,46.4935],[3.9792,46.4935],[3.9792,46.4935],[3.9792,46.4936],[3.9968,46.5096],[4.0077,46.5213],[4.0252,46.5342],[4.0252,46.5342],[4.0252,46.5342],[4.0684,46.5477],[4.0684,46.5477],[4.0684,46.5477],[4.0803,46.5706],[4.0799,46.5904],[4.0988,46.6081],[4.1215,46.6239],[4.1215,46.6239],[4.1215,46.6239],[4.1593,46.6388],[4.1862,46.6423],[4.1862,46.6423],[4.1862,46.6423],[4.1862,46.6423],[4.2385,46.6303],[4.2385,46.6303],[4.2385,46.6303],[4.2385,46.6303],[4.2385,46.6303],[4.2385,46.6303],[4.2385,46.6303],[4.2385,46.6303],[4.2415,46.6167],[4.2415,46.6167],[4.2415,46.6167],[4.2415,46.6167],[4.2415,46.6167],[4.2415,46.6167],[4.2415,46.6167],[4.2415,46.6167],[4.2865,46.6059],[4.2865,46.6059],[4.2865,46.6059],[4.2865,46.6059],[4.2865,46.6059],[4.2865,46.6059],[4.2865,46.6059],[4.2865,46.6059],[4.2863,46.5819],[4.2949,46.5454],[4.2634,46.5123],[4.2545,46.5024],[4.2476,46.4944],[4.2392,46.48],[4.2392,46.48],[4.2392,46.4799],[4.2151,46.4667],[4.2151,46.4667],[4.2151,46.4667],[4.2113,46.4513],[4.2068,46.436],[4.2056,46.4081],[4.1789,46.3885],[4.1789,46.3885],[4.1789,46.3885],[4.1541,46.3783],[4.1541,46.3783],[4.1541,46.3782],[4.1303,46.3573],[4.1131,46.3455],[4.0988,46.3341],[4.0987,46.3341],[4.0987,46.3341],[4.0846,46.328],[4.0846,46.328],[4.0845,46.328],[4.0666,46.3128],[4.0637,46.2982],[4.0506,46.2795],[4.0448,46.2528],[4.0448,46.2419],[4.0567,46.2204],[4.0567,46.2204],[4.0567,46.2204],[4.0567,46.2204],[4.0567,46.2204],[4.0738,46.2099],[4.0738,46.2099],[4.0738,46.2099],[4.0927,46.1903],[4.0927,46.1903],[4.0927,46.1903],[4.0941,46.1694],[4.0941,46.1694],[4.0941,46.1694],[4.0941,46.1694],[4.0941,46.1694],[4.1306,46.1533],[4.1555,46.1422],[4.1555,46.1422],[4.1555,46.1422],[4.1556,46.1422],[4.1656,46.1378],[4.1656,46.1378],[4.1656,46.1377],[4.1805,46.1269],[4.1806,46.1269],[4.1806,46.1268],[4.1824,46.102],[4.1574,46.0793],[4.1574,46.0793],[4.1574,46.0792],[4.1821,46.0568],[4.1821,46.0568],[4.1821,46.0568],[4.1898,46.0211],[4.1801,45.9965],[4.1801,45.9965],[4.1801,45.9964],[4.1543,45.9871],[4.1543,45.9871],[4.1543,45.9871],[4.1543,45.9871],[4.1092,45.9889],[4.1092,45.9889],[4.1092,45.9889],[4.1092,45.9889],[4.0889,45.9818],[4.0889,45.9818],[4.0889,45.9818],[4.0889,45.9818],[4.0889,45.9818],[4.0653,45.9843],[4.0653,45.9843],[4.0468,45.991],[4.0468,45.991],[4.0468,45.991],[4.0468,45.991],[4.0468,45.991],[4.0295,45.9733],[4.0154,45.9779],[4.0154,45.9779],[4.0154,45.9779],[4.0193,45.965],[4.0193,45.965],[4.0193,45.965],[4.0193,45.965],[4.0193,45.965],[4.0192,45.965],[4.0192,45.965],[3.9732,45.9657],[3.9732,45.9657],[3.9732,45.9657],[3.9732,45.9657],[3.9732,45.9657],[3.9732,45.9657],[3.9732,45.9657],[3.969,45.9703],[3.969,45.9703],[3.969,45.9703],[3.9636,45.9823],[3.9615,45.9858],[3.9594,45.9892],[3.9594,45.9892],[3.9594,45.9892],[3.951,45.9981],[3.9436,46.0069],[3.9436,46.0069],[3.9436,46.0069],[3.9379,46.0176],[3.9379,46.0176],[3.9379,46.0176],[3.9283,46.0302],[3.9283,46.0302],[3.9283,46.0302],[3.9223,46.0429],[3.9172,46.0626],[3.9176,46.0868],[3.9176,46.0868],[3.9176,46.0868],[3.8992,46.1096],[3.8991,46.1096],[3.8991,46.1096],[3.9078,46.1288],[3.9078,46.1288],[3.9078,46.1288],[3.9078,46.1288],[3.9078,46.1288],[3.8835,46.1384],[3.8835,46.1384],[3.8835,46.1384],[3.8835,46.1384],[3.8835,46.1384],[3.8856,46.1523],[3.8763,46.1802],[3.8763,46.1802],[3.8763,46.1802],[3.8763,46.1802],[3.8763,46.1802],[3.8762,46.1802],[3.8762,46.1802],[3.8523,46.2035],[3.8523,46.2035],[3.8523,46.2035],[3.8509,46.2267],[3.8406,46.2573],[3.8406,46.2573],[3.8406,46.2573],[3.824,46.2795],[3.824,46.2796],[3.824,46.2796],[3.8191,46.3026],[3.8093,46.3257],[3.8093,46.3257],[3.8093,46.3257],[3.8093,46.3257],[3.8093,46.3257],[3.7852,46.3405],[3.7852,46.3405],[3.7852,46.3405],[3.7852,46.3405],[3.7852,46.3405],[3.7866,46.3439],[3.785,46.3666],[3.785,46.3666],[3.7849,46.3666],[3.765,46.3869],[3.765,46.387],[3.765,46.387],[3.7519,46.3956],[3.7519,46.3956],[3.7519,46.3956],[3.7422,46.4084],[3.7265,46.4247],[3.7265,46.4248],[3.7265,46.4248],[3.7265,46.4248],[3.7265,46.4248],[3.706,46.4239],[3.706,46.4239],[3.6796,46.4207],[3.6796,46.4207],[3.6796,46.4207],[3.6796,46.4207],[3.6546,46.4344],[3.6546,46.4344],[3.6546,46.4344],[3.6546,46.4344],[3.6448,46.4347],[3.6448,46.4347],[3.6447,46.4347],[3.6447,46.4347],[3.6447,46.4347],[3.6447,46.4347],[3.6447,46.4347],[3.6425,46.4197],[3.6315,46.3965],[3.6311,46.3779],[3.6307,46.3609],[3.6307,46.3609],[3.6307,46.3609],[3.6452,46.3406],[3.663,46.3263],[3.663,46.3263],[3.663,46.3263],[3.6551,46.3166],[3.6548,46.3056],[3.6595,46.2942],[3.6595,46.2942],[3.6595,46.2942],[3.6443,46.2846],[3.6443,46.2846],[3.6443,46.2846],[3.6401,46.262],[3.6426,46.2528],[3.6487,46.2411],[3.6543,46.2085],[3.6543,46.2085],[3.6543,46.2085],[3.6543,46.2085],[3.6543,46.2085],[3.6711,46.2029],[3.6711,46.2029],[3.6711,46.2029],[3.6711,46.2029],[3.6711,46.2029],[3.6723,46.1945],[3.661,46.1686],[3.6526,46.1407],[3.6526,46.1407],[3.6525,46.1407],[3.6093,46.1377],[3.6093,46.1377],[3.6093,46.1377],[3.6093,46.1377],[3.5847,46.1449],[3.5847,46.1449],[3.5847,46.1449],[3.5847,46.1449],[3.5847,46.1449],[3.5733,46.1716],[3.5688,46.1893],[3.5688,46.1893],[3.5688,46.1893],[3.5688,46.1893],[3.5687,46.1893],[3.5687,46.1893],[3.5687,46.1893],[3.5687,46.1893],[3.5504,46.1934],[3.5504,46.1934],[3.5504,46.1934],[3.5504,46.1934],[3.5504,46.1934],[3.5504,46.1934],[3.5504,46.1934],[3.5504,46.1934],[3.5366,46.1754],[3.5366,46.1754],[3.5366,46.1754],[3.5366,46.1754],[3.5366,46.1754],[3.5366,46.1754],[3.5366,46.1754],[3.5192,46.1863],[3.5192,46.1863],[3.5192,46.1863],[3.5192,46.1863],[3.5044,46.1835],[3.5044,46.1835],[3.5044,46.1835],[3.494,46.1694],[3.488,46.1552],[3.4779,46.143],[3.4739,46.1288],[3.4739,46.1288],[3.472,46.1218],[3.4747,46.0949],[3.4629,46.0704],[3.4697,46.0591],[3.4697,46.0591],[3.4697,46.059],[3.4795,46.0602],[3.4846,46.0609],[3.4846,46.0609],[3.4847,46.0609],[3.4847,46.0609],[3.4847,46.0608],[3.4847,46.0608],[3.4906,46.0492],[3.4906,46.0492],[3.4906,46.0492],[3.5044,46.0307],[3.5045,46.0307],[3.5045,46.0306],[3.5117,46.0085],[3.5118,46.0084],[3.5118,46.0084],[3.5118,46.0084],[3.5118,46.0084],[3.5118,46.0084],[3.5117,46.0085],[3.3808,46.0931],[3.3808,46.0931],[3.3808,46.0931],[3.35,46.1289],[3.35,46.1289],[3.35,46.1289],[3.3817,46.1935],[3.3596,46.2469],[3.3596,46.2469],[3.3596,46.247],[3.3596,46.247],[3.3596,46.247],[3.3596,46.247],[3.3596,46.247],[3.3596,46.247],[3.3596,46.247],[3.3209,46.2288],[3.3138,46.2255],[3.3138,46.2255],[3.3138,46.2255],[3.2908,46.2082],[3.283,46.1866],[3.283,46.1866],[3.283,46.1866],[3.2456,46.1758],[3.2062,46.1591],[3.2061,46.1591],[3.2061,46.1591],[3.2061,46.1591],[3.2061,46.1591],[3.2061,46.1591],[3.2061,46.1591],[3.2061,46.1591],[3.202,46.162],[3.202,46.162],[3.202,46.162],[3.2021,46.1686],[3.1992,46.1734],[3.1984,46.1761],[3.2037,46.1813],[3.2119,46.1876],[3.2126,46.1926],[3.2129,46.1967],[3.2129,46.1967],[3.2129,46.1967],[3.208,46.201],[3.2044,46.2047],[3.2044,46.2047],[3.2044,46.2047],[3.2045,46.2099],[3.2052,46.2148],[3.2034,46.2206],[3.2069,46.2294],[3.2089,46.2355],[3.209,46.2372],[3.2093,46.2413],[3.2191,46.2504],[3.2191,46.2505],[3.2191,46.2505],[3.202,46.2683],[3.202,46.2683],[3.202,46.2683],[3.2081,46.2835],[3.2088,46.3004],[3.2129,46.3051],[3.2181,46.3109],[3.2258,46.3164],[3.232,46.323],[3.237,46.3286],[3.2437,46.339],[3.2475,46.346],[3.2502,46.353],[3.2539,46.3741],[3.2563,46.3976],[3.2617,46.4261],[3.2617,46.4261],[3.2617,46.4261],[3.257,46.4317],[3.2443,46.4437],[3.2443,46.4437],[3.2443,46.4437],[3.2412,46.4605],[3.2384,46.4726],[3.2467,46.4869],[3.2486,46.4964],[3.2495,46.5069],[3.248,46.5184],[3.2447,46.5379],[3.2447,46.5379],[3.2447,46.5379],[3.2329,46.5513],[3.2329,46.5513],[3.2329,46.5513],[3.2234,46.5557],[3.2234,46.5557],[3.2234,46.5557],[3.2234,46.5557],[3.216,46.5557],[3.216,46.5557],[3.216,46.5557],[3.216,46.5556],[3.2153,46.5528],[3.2153,46.5528],[3.2153,46.5528],[3.1715,46.5363],[3.1715,46.5363],[3.1715,46.5363],[3.1715,46.5363],[3.1609,46.5367],[3.1609,46.5367],[3.1609,46.5367],[3.1609,46.5367],[3.1609,46.5367],[3.1609,46.5367],[3.1609,46.5367],[3.1609,46.5367],[3.1609,46.5367],[3.1609,46.5367],[3.1602,46.5459],[3.1592,46.5666],[3.1545,46.5813],[3.1485,46.5911],[3.1526,46.6007],[3.1696,46.6313],[3.1715,46.6373],[3.1717,46.6455],[3.1672,46.6556],[3.1672,46.6556],[3.1672,46.6556],[3.1672,46.6556],[3.1672,46.6556],[3.1571,46.6603],[3.1442,46.6638],[3.1442,46.6638],[3.1442,46.6638],[3.1371,46.6636],[3.1371,46.6636],[3.1371,46.6636],[3.1201,46.6634],[3.1201,46.6634],[3.1201,46.6634],[3.1201,46.6634],[3.1201,46.6634],[3.1201,46.6634],[3.1201,46.6634],[3.1012,46.6636],[3.1012,46.6636],[3.1012,46.6636],[3.1012,46.6636],[3.0812,46.674],[3.0812,46.674],[3.0812,46.674],[3.0812,46.674],[3.0458,46.6718],[3.0458,46.6718],[3.0458,46.6718],[3.0458,46.6718],[3.0458,46.6718],[3.0458,46.6718],[3.0334,46.681],[3.0209,46.6913],[3.0209,46.6913],[3.0209,46.6913],[3.0186,46.6967],[3.0212,46.7211],[3.0217,46.7223],[3.0217,46.7224],[3.0217,46.7224],[3.0217,46.7224],[3.0217,46.7224],[3.0217,46.7224],[3.0217,46.7224],[3.0217,46.7224],[3.0217,46.7224],[2.9998,46.7088],[2.9998,46.7088],[2.9998,46.7088],[2.9998,46.7088],[2.9845,46.709],[2.9845,46.709],[2.9845,46.709],[2.9845,46.709],[2.9845,46.709],[2.9845,46.709],[2.9845,46.7089],[2.966,46.6953],[2.966,46.6953],[2.966,46.6953],[2.966,46.6953],[2.966,46.6953],[2.966,46.6953],[2.966,46.6953],[2.966,46.6953],[2.9395,46.698],[2.9395,46.698],[2.9186,46.7044],[2.9122,46.7066],[2.9122,46.7066],[2.9122,46.7066],[2.9122,46.7066],[2.9122,46.7067],[2.9142,46.7119],[2.9259,46.7223],[2.9266,46.7351],[2.9231,46.746],[2.9208,46.7531],[2.9208,46.7531],[2.9208,46.7532],[2.908,46.7638],[2.9079,46.7638],[2.9079,46.7638],[2.9082,46.7682],[2.9079,46.7829],[2.9079,46.7829],[2.9079,46.7829],[2.9079,46.7829],[2.9079,46.7829],[2.9137,46.798],[2.9246,46.8172],[2.9246,46.8172],[2.9223,46.8475],[2.9223,46.8475],[2.9455,46.8869],[2.9473,46.9292],[2.9473,46.9292],[2.9222,46.9688],[2.9222,46.9689],[2.9257,47.0262],[2.9257,47.0263],[2.9257,47.0263],[2.9257,47.0263],[2.9828,46.9834],[2.9828,46.9834],[2.9828,46.9834],[2.9828,46.9834],[3.0093,47.0489],[3.0298,47.016],[3.0412,47.0319],[3.0618,47.0606],[3.0639,47.0636],[3.0741,47.0575],[3.0741,47.0575],[3.0741,47.0575],[3.0741,47.0575],[3.0741,47.0574]]]},"properties":{"code":52,"nom":"Fosses tectoniques","code_her1":17,"nom_her1":"DEPRESSIONS SEDIMENTAIRES"}},{"type":"Feature","geometry":{"type":"Polygon","coordinates":[[[-1.144,45.7961],[-1.1354,45.7885],[-1.1278,45.7831],[-1.1226,45.7818],[-1.1297,45.7732],[-1.1436,45.7696],[-1.1591,45.7517],[-1.1627,45.7322],[-1.1529,45.7139],[-1.1222,45.6954],[-1.0713,45.6641],[-1.0706,45.6632],[-1.0741,45.6476],[-1.0878,45.6382],[-1.0919,45.6392],[-1.0994,45.6403],[-1.0992,45.6421],[-1.1017,45.6443],[-1.1073,45.6443],[-1.1113,45.6463],[-1.1157,45.6464],[-1.1252,45.6511],[-1.1254,45.6531],[-1.1427,45.663],[-1.1527,45.6682],[-1.1627,45.6742],[-1.1663,45.6748],[-1.1784,45.6801],[-1.1866,45.6858],[-1.2095,45.6964],[-1.2149,45.6965],[-1.2314,45.6924],[-1.2264,45.685],[-1.2211,45.6781],[-1.2169,45.6783],[-1.2118,45.6737],[-1.2031,45.6744],[-1.2032,45.672],[-1.2139,45.6707],[-1.2248,45.6728],[-1.2295,45.677],[-1.2346,45.6884],[-1.2362,45.6924],[-1.2404,45.7327],[-1.2417,45.7478],[-1.2431,45.7659],[-1.2434,45.7782],[-1.243,45.7866],[-1.2373,45.7894],[-1.217,45.7922],[-1.2126,45.7912],[-1.2078,45.7941],[-1.2043,45.7936],[-1.2011,45.7916],[-1.1953,45.79],[-1.1879,45.7903],[-1.1823,45.7925],[-1.1721,45.7952],[-1.1658,45.7997],[-1.1587,45.8021],[-1.1552,45.8027],[-1.1514,45.8013],[-1.1493,45.7994],[-1.1492,45.7979],[-1.1453,45.7972],[-1.1434,45.797],[-1.144,45.7961]]]},"properties":{"code":20,"nom":"Dunes de Royan","code_her1":13,"nom_her1":"LANDES"}},{"type":"Feature","geometry":{"type":"Polygon","coordinates":[[[-1.8903,49.7076],[-1.8848,49.7063],[-1.8774,49.7068],[-1.8733,49.7078],[-1.8701,49.7101],[-1.8629,49.7141],[-1.8582,49.7164],[-1.8538,49.7161],[-1.8523,49.7176],[-1.8507,49.7173],[-1.8521,49.7153],[-1.8482,49.7126],[-1.8416,49.7121],[-1.8364,49.7077],[-1.8295,49.6986],[-1.8272,49.6934],[-1.8213,49.6905],[-1.8149,49.6892],[-1.806,49.6891],[-1.787,49.6862],[-1.7772,49.6815],[-1.7696,49.6808],[-1.7613,49.6786],[-1.7431,49.6784],[-1.7287,49.6774],[-1.7246,49.6783],[-1.7217,49.6799],[-1.7165,49.6797],[-1.7116,49.678],[-1.711,49.675],[-1.7073,49.6716],[-1.7025,49.6701],[-1.6965,49.6697],[-1.6868,49.6735],[-1.679,49.6696],[-1.6829,49.668],[-1.6842,49.6675],[-1.6845,49.666],[-1.6826,49.6639],[-1.6804,49.662],[-1.6795,49.6619],[-1.676,49.6601],[-1.672,49.6577],[-1.6645,49.6582],[-1.6574,49.6575],[-1.6501,49.6567],[-1.6446,49.6591],[-1.6385,49.6598],[-1.6299,49.6601],[-1.6316,49.6533],[-1.6279,49.6524],[-1.6264,49.6488],[-1.6254,49.6464],[-1.6206,49.6443],[-1.6025,49.6455],[-1.6046,49.6523],[-1.6056,49.6562],[-1.5978,49.6555],[-1.5929,49.6519],[-1.5866,49.6528],[-1.5787,49.654],[-1.5704,49.6565],[-1.5653,49.6561],[-1.5557,49.6564],[-1.5527,49.6567],[-1.5446,49.6574],[-1.5256,49.6591],[-1.4992,49.67],[-1.4944,49.6719],[-1.4926,49.6709],[-1.4892,49.6715],[-1.4738,49.6875],[-1.4786,49.6901],[-1.4778,49.6928],[-1.4768,49.6958],[-1.4733,49.7],[-1.469,49.7031],[-1.466,49.7013],[-1.4677,49.697],[-1.4621,49.6946],[-1.4583,49.6925],[-1.4531,49.6926],[-1.4483,49.6937],[-1.4393,49.6981],[-1.436,49.6999],[-1.4373,49.7009],[-1.4363,49.7014],[-1.4346,49.7006],[-1.4325,49.7003],[-1.4303,49.7006],[-1.4271,49.7024],[-1.4221,49.7036],[-1.4206,49.7049],[-1.4179,49.7021],[-1.415,49.7013],[-1.4094,49.7027],[-1.4025,49.7033],[-1.3982,49.7041],[-1.3949,49.7059],[-1.3716,49.707],[-1.3635,49.7055],[-1.3576,49.7051],[-1.3516,49.703],[-1.342,49.7011],[-1.3329,49.7024],[-1.3269,49.699],[-1.3236,49.6983],[-1.3163,49.6974],[-1.3071,49.6954],[-1.2996,49.6939],[-1.2882,49.6928],[-1.2798,49.6943],[-1.2721,49.6948],[-1.2677,49.6951],[-1.2659,49.6914],[-1.2679,49.688],[-1.2717,49.6868],[-1.2715,49.6816],[-1.2728,49.68],[-1.2724,49.6793],[-1.2686,49.6793],[-1.2657,49.6788],[-1.2654,49.6745],[-1.2578,49.6725],[-1.263,49.671],[-1.2627,49.6688],[-1.2608,49.6696],[-1.2575,49.6704],[-1.2563,49.6662],[-1.2548,49.6642],[-1.2522,49.6628],[-1.2505,49.6606],[-1.2484,49.6608],[-1.2478,49.6589],[-1.2445,49.6573],[-1.243,49.6553],[-1.2397,49.6544],[-1.2387,49.65],[-1.2422,49.6502],[-1.2435,49.6484],[-1.2418,49.6461],[-1.2413,49.6439],[-1.2387,49.6418],[-1.2352,49.6355],[-1.2343,49.6311],[-1.2284,49.6233],[-1.2282,49.6163],[-1.2409,49.6193],[-1.2491,49.6207],[-1.2523,49.6213],[-1.2552,49.6218],[-1.2638,49.6286],[-1.2934,49.6513],[-1.3206,49.6504],[-1.3298,49.6513],[-1.355,49.6464],[-1.3915,49.6554],[-1.439,49.6438],[-1.4561,49.6511],[-1.4869,49.6411],[-1.4886,49.6406],[-1.5091,49.6358],[-1.5093,49.6366],[-1.5141,49.619],[-1.501,49.6107],[-1.491,49.6022],[-1.4638,49.5849],[-1.4477,49.5638],[-1.4765,49.5336],[-1.5154,49.5132],[-1.5303,49.4836],[-1.5389,49.4675],[-1.5483,49.4582],[-1.5329,49.4466],[-1.4892,49.4369],[-1.4901,49.4287],[-1.4984,49.4199],[-1.5109,49.4125],[-1.5179,49.4062],[-1.5258,49.3855],[-1.5308,49.3753],[-1.5496,49.3566],[-1.5359,49.3488],[-1.4903,49.366],[-1.4837,49.3676],[-1.4707,49.3601],[-1.4658,49.3549],[-1.4629,49.3413],[-1.4559,49.3291],[-1.4324,49.3097],[-1.4306,49.3097],[-1.4285,49.2965],[-1.4383,49.2729],[-1.4528,49.2458],[-1.4571,49.2408],[-1.4588,49.2367],[-1.4558,49.231],[-1.4501,49.2318],[-1.4444,49.2327],[-1.4302,49.2356],[-1.4289,49.2166],[-1.4406,49.2139],[-1.4562,49.2055],[-1.4617,49.1988],[-1.4578,49.1784],[-1.4651,49.1598],[-1.4534,49.1558],[-1.4239,49.1657],[-1.3938,49.1653],[-1.38,49.1658],[-1.3925,49.1795],[-1.4034,49.1912],[-1.3709,49.1887],[-1.3427,49.1653],[-1.3236,49.1612],[-1.3093,49.1544],[-1.2875,49.1526],[-1.2385,49.1519],[-1.186,49.1621],[-1.1668,49.1623],[-1.1531,49.169],[-1.1383,49.1827],[-1.1401,49.1828],[-1.1278,49.1936],[-1.1138,49.1992],[-1.0952,49.2132],[-1.0831,49.2159],[-1.0637,49.2047],[-1.0531,49.2099],[-1.0328,49.2166],[-1.0101,49.2104],[-0.9954,49.2211],[-0.9857,49.2245],[-0.954,49.2263],[-0.876,49.2508],[-0.8515,49.2499],[-0.8253,49.2342],[-0.8034,49.2378],[-0.7847,49.2338],[-0.7829,49.233],[-0.7798,49.2195],[-0.7821,49.208],[-0.7822,49.1853],[-0.7775,49.1739],[-0.7528,49.1925],[-0.745,49.1894],[-0.7351,49.1789],[-0.7416,49.1599],[-0.7381,49.1511],[-0.7264,49.1391],[-0.7082,49.1383],[-0.673,49.1497],[-0.6245,49.1586],[-0.6116,49.1463],[-0.5972,49.1378],[-0.5703,49.129],[-0.5593,49.1341],[-0.5494,49.1298],[-0.5129,49.1416],[-0.4638,49.128],[-0.4532,49.1168],[-0.4334,49.1195],[-0.4255,49.1235],[-0.37,49.1058],[-0.3654,49.0811],[-0.3591,49.0744],[-0.3561,49.0724],[-0.3287,49.0561],[-0.307,49.0441],[-0.2971,49.021],[-0.2976,49.0153],[-0.2997,48.9994],[-0.2984,48.975],[-0.2981,48.9519],[-0.2991,48.9389],[-0.302,48.9276],[-0.2827,48.9169],[-0.231,48.9175],[-0.2108,48.9167],[-0.2008,48.9038],[-0.1895,48.8807],[-0.1498,48.8795],[-0.0859,48.8447],[-0.0147,48.8205],[-0.0194,48.8011],[-0.0359,48.7989],[-0.0972,48.8193],[-0.1305,48.8283],[-0.1266,48.8184],[-0.1561,48.8124],[-0.1783,48.8129],[-0.1999,48.8137],[-0.1941,48.807],[-0.1804,48.7956],[-0.1777,48.7802],[-0.1746,48.7629],[-0.1386,48.7574],[-0.1265,48.7656],[-0.1244,48.7413],[-0.1396,48.7443],[-0.1495,48.746],[-0.1537,48.74],[-0.1582,48.7324],[-0.165,48.7233],[-0.1602,48.702],[-0.1158,48.6894],[-0.0963,48.7202],[-0.0768,48.703],[-0.0731,48.6927],[-0.0674,48.6877],[-0.0674,48.6866],[-0.0376,48.6746],[0.0151,48.6522],[0.0333,48.6332],[0.0691,48.6286],[0.0827,48.623],[0.0859,48.6199],[0.0869,48.6189],[0.087,48.6178],[0.1129,48.6023],[0.1238,48.596],[0.1494,48.5837],[0.1773,48.5659],[0.2025,48.5641],[0.2103,48.5578],[0.2101,48.5522],[0.177,48.5373],[0.1604,48.5295],[0.1218,48.5118],[0.0666,48.4881],[0.0338,48.4773],[0.0071,48.4713],[0.0003,48.4644],[0.0207,48.4594],[0.0314,48.4533],[0.0299,48.4451],[0.0486,48.4357],[0.0588,48.4262],[0.0793,48.4109],[0.0735,48.3894],[0.0743,48.3801],[0.0555,48.3817],[0.0551,48.374],[0.0791,48.3617],[0.055,48.3514],[0.035,48.3505],[0.0366,48.3458],[0.0443,48.3388],[0.0566,48.3049],[0.0779,48.27],[0.0294,48.2485],[0.0145,48.2402],[-0.0125,48.2564],[-0.0201,48.2449],[-0.0119,48.2322],[0.0193,48.2072],[-0.0294,48.2117],[-0.0396,48.1997],[-0.0392,48.1908],[-0.0443,48.1843],[-0.0414,48.177],[-0.0709,48.1748],[-0.0784,48.167],[-0.0647,48.1367],[-0.0791,48.1069],[-0.0808,48.0963],[-0.0978,48.094],[-0.1182,48.1001],[-0.1459,48.1035],[-0.1563,48.0991],[-0.1566,48.0927],[-0.1418,48.0785],[-0.1162,48.0717],[-0.1318,48.0586],[-0.1822,48.0621],[-0.186,48.0507],[-0.1649,48.0434],[-0.1737,48.0304],[-0.1661,48.0119],[-0.1676,47.9889],[-0.1599,47.9988],[-0.1442,48.0],[-0.1493,47.9887],[-0.1903,47.9667],[-0.1921,47.9776],[-0.1975,48.0031],[-0.1853,48.0174],[-0.2103,48.0356],[-0.2265,48.0342],[-0.2211,48.0235],[-0.2125,47.9879],[-0.2327,47.9874],[-0.2762,48.0131],[-0.2674,47.987],[-0.2676,47.987],[-0.29,47.9885],[-0.3323,48.0197],[-0.399,48.069],[-0.4369,48.0915],[-0.4891,48.1184],[-0.4965,48.1222],[-0.5337,48.1467],[-0.5941,48.1683],[-0.6601,48.1807],[-0.7411,48.1736],[-0.8112,48.1487],[-0.8609,48.1177],[-0.8621,48.1169],[-0.8848,48.097],[-0.9089,48.076],[-0.9106,48.0736],[-0.9225,48.0567],[-0.9702,48.0331],[-0.9991,48.0232],[-1.0262,48.0293],[-1.0304,48.0306],[-1.0294,48.0285],[-1.0858,48.0268],[-1.1066,48.0441],[-1.1254,48.0729],[-1.1324,48.1537],[-1.178,48.2369],[-1.1791,48.239],[-1.2541,48.2857],[-1.2937,48.3667],[-1.3247,48.4045],[-1.3516,48.4434],[-1.3376,48.4803],[-1.344,48.4878],[-1.3711,48.482],[-1.3695,48.4777],[-1.3733,48.4739],[-1.3774,48.4747],[-1.3996,48.4623],[-1.4125,48.4537],[-1.4138,48.4528],[-1.4481,48.456],[-1.452,48.4541],[-1.4777,48.473],[-1.4889,48.4772],[-1.4958,48.4796],[-1.5092,48.4794],[-1.5135,48.4819],[-1.5153,48.4891],[-1.5197,48.4925],[-1.5274,48.5029],[-1.5393,48.5169],[-1.5408,48.5196],[-1.541,48.5223],[-1.5498,48.5338],[-1.5549,48.548],[-1.5525,48.5499],[-1.5488,48.5554],[-1.545,48.5582],[-1.55,48.5706],[-1.557,48.5731],[-1.5605,48.5731],[-1.5561,48.5748],[-1.5445,48.5792],[-1.5489,48.5876],[-1.5687,48.6195],[-1.5788,48.6252],[-1.5424,48.6314],[-1.5295,48.6297],[-1.5191,48.6275],[-1.5158,48.6184],[-1.5104,48.6193],[-1.503,48.6197],[-1.4954,48.6209],[-1.4911,48.6183],[-1.4885,48.6201],[-1.4845,48.621],[-1.4808,48.6206],[-1.4791,48.6189],[-1.4763,48.6198],[-1.4659,48.6222],[-1.455,48.6262],[-1.4506,48.6239],[-1.4274,48.6382],[-1.4306,48.6413],[-1.4257,48.6444],[-1.4207,48.6413],[-1.4181,48.6407],[-1.4106,48.6433],[-1.4065,48.6434],[-1.4035,48.644],[-1.3988,48.6421],[-1.3963,48.6442],[-1.3926,48.6451],[-1.3884,48.6446],[-1.3836,48.6409],[-1.3813,48.6412],[-1.3778,48.6428],[-1.3727,48.6424],[-1.3679,48.6412],[-1.3638,48.6348],[-1.3581,48.6356],[-1.3591,48.6369],[-1.3621,48.642],[-1.3639,48.6465],[-1.3732,48.6459],[-1.3781,48.6504],[-1.3824,48.6516],[-1.3874,48.6512],[-1.3914,48.6503],[-1.3976,48.6524],[-1.4004,48.655],[-1.4065,48.6573],[-1.4092,48.6622],[-1.4061,48.6686],[-1.4048,48.671],[-1.3997,48.6723],[-1.4009,48.6738],[-1.4066,48.6731],[-1.4131,48.6705],[-1.4194,48.6694],[-1.4225,48.6682],[-1.4242,48.666],[-1.4299,48.6666],[-1.4332,48.6657],[-1.436,48.6626],[-1.4388,48.6552],[-1.4415,48.6556],[-1.444,48.6552],[-1.4464,48.6545],[-1.4471,48.657],[-1.4474,48.6604],[-1.4472,48.6644],[-1.4485,48.6669],[-1.4486,48.6685],[-1.4498,48.6698],[-1.4517,48.6708],[-1.4554,48.6723],[-1.46,48.6737],[-1.4636,48.6736],[-1.4692,48.6792],[-1.4756,48.6817],[-1.4818,48.6845],[-1.4869,48.686],[-1.4896,48.6858],[-1.4916,48.6853],[-1.4966,48.6837],[-1.4996,48.6844],[-1.5024,48.6866],[-1.5041,48.6867],[-1.5074,48.6894],[-1.5094,48.6923],[-1.5103,48.6971],[-1.5134,48.7014],[-1.5167,48.7066],[-1.5184,48.7152],[-1.5233,48.7226],[-1.5246,48.7227],[-1.5259,48.7239],[-1.5272,48.7271],[-1.5302,48.7303],[-1.5402,48.7314],[-1.5425,48.732],[-1.5477,48.7329],[-1.5507,48.7325],[-1.5527,48.7326],[-1.5602,48.7358],[-1.5649,48.7393],[-1.5688,48.7421],[-1.5708,48.7444],[-1.5742,48.7526],[-1.5743,48.7561],[-1.5731,48.7577],[-1.5716,48.7652],[-1.5704,48.7713],[-1.5702,48.7745],[-1.5701,48.7892],[-1.5705,48.7948],[-1.5705,48.7989],[-1.5693,48.803],[-1.5724,48.8074],[-1.573,48.8168],[-1.5744,48.8205],[-1.5769,48.8237],[-1.5778,48.8248],[-1.5795,48.8258],[-1.5825,48.8261],[-1.5838,48.8297],[-1.5854,48.8309],[-1.5868,48.8315],[-1.5908,48.8312],[-1.5919,48.8335],[-1.5977,48.8346],[-1.6014,48.8365],[-1.6084,48.8331],[-1.6135,48.8353],[-1.6014,48.8399],[-1.5978,48.8403],[-1.5921,48.8454],[-1.5866,48.8473],[-1.5846,48.8518],[-1.5824,48.8556],[-1.5811,48.8594],[-1.5785,48.8661],[-1.5745,48.8816],[-1.5728,48.8886],[-1.5716,48.8959],[-1.5706,48.9005],[-1.5686,48.9077],[-1.5666,48.9176],[-1.5633,48.9265],[-1.5585,48.9314],[-1.559,48.9382],[-1.5628,48.9405],[-1.5625,48.9494],[-1.5625,48.9544],[-1.5644,48.9645],[-1.5643,48.9733],[-1.5645,48.9754],[-1.562,48.9878],[-1.5606,48.9976],[-1.5606,49.004],[-1.5586,49.007],[-1.5558,49.0137],[-1.5552,49.0226],[-1.5569,49.0264],[-1.5518,49.028],[-1.5448,49.0309],[-1.5398,49.0343],[-1.5329,49.034],[-1.5205,49.0269],[-1.5136,49.0232],[-1.51,49.0218],[-1.5087,49.019],[-1.5066,49.0187],[-1.5064,49.0211],[-1.5075,49.0256],[-1.5172,49.0309],[-1.5261,49.0342],[-1.5332,49.0381],[-1.5413,49.0379],[-1.5453,49.0377],[-1.5545,49.0364],[-1.5614,49.0354],[-1.5705,49.0303],[-1.5692,49.0279],[-1.5745,49.0223],[-1.5761,49.0177],[-1.5779,49.0119],[-1.5743,49.0098],[-1.5768,49.0011],[-1.5817,49.0029],[-1.5862,49.0063],[-1.5884,49.0124],[-1.5921,49.0179],[-1.5949,49.0219],[-1.5979,49.0322],[-1.6015,49.0429],[-1.6022,49.0514],[-1.6034,49.055],[-1.6049,49.0603],[-1.607,49.0689],[-1.6043,49.0638],[-1.6004,49.0556],[-1.5981,49.0586],[-1.5981,49.0637],[-1.597,49.0662],[-1.5978,49.0683],[-1.6001,49.0689],[-1.6001,49.0713],[-1.5992,49.0721],[-1.5977,49.0732],[-1.5984,49.0745],[-1.6024,49.0758],[-1.6031,49.0781],[-1.6061,49.0782],[-1.6088,49.0784],[-1.6107,49.0791],[-1.6104,49.0831],[-1.6101,49.0974],[-1.6078,49.1092],[-1.6041,49.1139],[-1.5999,49.1189],[-1.596,49.1295],[-1.5947,49.1318],[-1.5918,49.1345],[-1.5951,49.1401],[-1.5966,49.1453],[-1.5988,49.1646],[-1.6008,49.1726],[-1.6024,49.1839],[-1.6065,49.1935],[-1.6066,49.201],[-1.6047,49.2032],[-1.6053,49.2072],[-1.6083,49.2116],[-1.6107,49.2142],[-1.6143,49.2184],[-1.6119,49.2189],[-1.6058,49.2187],[-1.5988,49.2172],[-1.589,49.2197],[-1.585,49.2208],[-1.5813,49.2224],[-1.574,49.2232],[-1.575,49.2253],[-1.5798,49.2289],[-1.5849,49.2334],[-1.5918,49.2328],[-1.6008,49.2316],[-1.6081,49.2319],[-1.6089,49.2331],[-1.6113,49.2338],[-1.6142,49.234],[-1.6155,49.2321],[-1.6241,49.2259],[-1.6248,49.2243],[-1.6254,49.2227],[-1.6246,49.2177],[-1.6245,49.2136],[-1.622,49.2109],[-1.6243,49.2099],[-1.6282,49.2108],[-1.6319,49.2134],[-1.6368,49.2178],[-1.6515,49.2292],[-1.6529,49.231],[-1.6601,49.2402],[-1.6635,49.2502],[-1.6639,49.2525],[-1.6651,49.2586],[-1.6682,49.2653],[-1.6744,49.2763],[-1.6779,49.2806],[-1.6776,49.2831],[-1.6759,49.2865],[-1.6746,49.2858],[-1.6757,49.2826],[-1.6738,49.2804],[-1.6718,49.2801],[-1.6672,49.2801],[-1.6645,49.2822],[-1.6612,49.2814],[-1.6601,49.2798],[-1.6566,49.2794],[-1.6568,49.2815],[-1.6631,49.2847],[-1.6648,49.2866],[-1.6662,49.2867],[-1.6688,49.2845],[-1.6713,49.2846],[-1.6748,49.2877],[-1.6827,49.2875],[-1.6865,49.2895],[-1.6938,49.2995],[-1.6999,49.3092],[-1.7029,49.3131],[-1.7056,49.3173],[-1.7082,49.32],[-1.7082,49.3267],[-1.7062,49.3266],[-1.7035,49.3242],[-1.7016,49.3238],[-1.6985,49.3241],[-1.6948,49.3261],[-1.6899,49.3281],[-1.6912,49.3299],[-1.6937,49.3303],[-1.7008,49.335],[-1.7017,49.3411],[-1.7069,49.3432],[-1.7129,49.3447],[-1.7142,49.3459],[-1.7179,49.3464],[-1.7168,49.3441],[-1.7148,49.3426],[-1.715,49.3413],[-1.7091,49.336],[-1.7153,49.3327],[-1.7173,49.3314],[-1.7158,49.3306],[-1.7129,49.331],[-1.7073,49.3295],[-1.7069,49.3284],[-1.7088,49.3291],[-1.7125,49.3275],[-1.7184,49.3255],[-1.7231,49.3265],[-1.7263,49.3288],[-1.7306,49.3336],[-1.7345,49.3374],[-1.7439,49.3466],[-1.7548,49.3547],[-1.7587,49.3602],[-1.7652,49.3632],[-1.7749,49.3676],[-1.7856,49.3717],[-1.7857,49.374],[-1.7745,49.3732],[-1.7682,49.3706],[-1.7595,49.3698],[-1.7596,49.3715],[-1.7668,49.3741],[-1.7699,49.3759],[-1.7776,49.3804],[-1.7913,49.3783],[-1.7936,49.3754],[-1.7943,49.3725],[-1.7983,49.3728],[-1.7996,49.3718],[-1.8097,49.3722],[-1.8079,49.3758],[-1.8121,49.3792],[-1.813,49.381],[-1.8153,49.384],[-1.8191,49.3908],[-1.8236,49.4019],[-1.8229,49.4152],[-1.8244,49.434],[-1.825,49.4439],[-1.8263,49.4483],[-1.8281,49.4551],[-1.8336,49.465],[-1.8398,49.4713],[-1.8441,49.4712],[-1.8469,49.4741],[-1.8451,49.481],[-1.8455,49.4886],[-1.846,49.4928],[-1.8466,49.4992],[-1.8518,49.5104],[-1.8581,49.5115],[-1.8671,49.5127],[-1.8749,49.5149],[-1.8791,49.5172],[-1.8837,49.521],[-1.8867,49.526],[-1.8853,49.5301],[-1.8882,49.5333],[-1.8872,49.5354],[-1.8847,49.5411],[-1.8806,49.5438],[-1.8727,49.5457],[-1.8698,49.5479],[-1.8619,49.5505],[-1.8587,49.551],[-1.857,49.553],[-1.8558,49.5554],[-1.8544,49.5589],[-1.8508,49.5643],[-1.847,49.5644],[-1.8415,49.5746],[-1.8427,49.5794],[-1.8418,49.5851],[-1.8426,49.5904],[-1.8431,49.6069],[-1.8446,49.613],[-1.8458,49.6193],[-1.8466,49.6219],[-1.8502,49.6322],[-1.8565,49.6447],[-1.8605,49.6503],[-1.8651,49.6525],[-1.8746,49.6589],[-1.8825,49.6587],[-1.8876,49.6597],[-1.8933,49.6639],[-1.9052,49.6667],[-1.91,49.6653],[-1.9189,49.6665],[-1.9284,49.6688],[-1.9292,49.6716],[-1.9349,49.672],[-1.9406,49.6717],[-1.9408,49.6745],[-1.9464,49.6744],[-1.9473,49.6761],[-1.9434,49.6807],[-1.9405,49.6859],[-1.9375,49.6866],[-1.9356,49.6887],[-1.9357,49.6925],[-1.9381,49.6959],[-1.9427,49.6976],[-1.9443,49.7009],[-1.9471,49.705],[-1.9465,49.7098],[-1.9434,49.7146],[-1.9465,49.7156],[-1.9442,49.7225],[-1.9405,49.7263],[-1.9363,49.7266],[-1.9235,49.7269],[-1.915,49.7247],[-1.9123,49.7229],[-1.9044,49.721],[-1.8951,49.7157],[-1.896,49.7123],[-1.8938,49.7102],[-1.8897,49.7099],[-1.8903,49.7076]]]},"properties":{"code":55,"nom":"MA-nord est","code_her1":12,"nom_her1":"ARMORICAIN"}},{"type":"Feature","geometry":{"type":"Polygon","coordinates":[[[-2.6416,47.6404],[-2.6171,47.6309],[-2.606,47.6266],[-2.5966,47.6234],[-2.5763,47.6165],[-2.5581,47.6109],[-2.5564,47.6103],[-2.5556,47.6101],[-2.5352,47.6053],[-2.5157,47.6007],[-2.5149,47.6005],[-2.4684,47.5894],[-2.419,47.5787],[-2.3645,47.5645],[-2.3152,47.5544],[-2.3014,47.5525],[-2.2969,47.5519],[-2.2527,47.5458],[-2.2148,47.546],[-2.1305,47.5449],[-2.1256,47.545],[-2.0882,47.5454],[-2.086,47.5463],[-2.079,47.5489],[-2.0749,47.5495],[-2.0669,47.5495],[-2.0553,47.5473],[-2.0497,47.546],[-2.0131,47.5488],[-1.9641,47.5568],[-1.9286,47.5635],[-1.9069,47.5683],[-1.8867,47.5743],[-1.8621,47.5746],[-1.8004,47.5844],[-1.7382,47.602],[-1.6989,47.6134],[-1.6591,47.622],[-1.6282,47.6271],[-1.5975,47.631],[-1.5666,47.6335],[-1.5216,47.6314],[-1.4736,47.6281],[-1.4223,47.626],[-1.3764,47.6235],[-1.3386,47.6193],[-1.2949,47.609],[-1.2639,47.6044],[-1.2641,47.6058],[-1.2628,47.6085],[-1.2624,47.6089],[-1.2608,47.6104],[-1.2574,47.6121],[-1.252,47.6126],[-1.2454,47.6127],[-1.2407,47.6123],[-1.2348,47.611],[-1.2284,47.6097],[-1.2223,47.6091],[-1.2166,47.6087],[-1.2121,47.6079],[-1.2061,47.6073],[-1.2001,47.607],[-1.1929,47.6063],[-1.1883,47.6054],[-1.1827,47.6045],[-1.1766,47.603],[-1.1692,47.6022],[-1.1624,47.6013],[-1.1539,47.5997],[-1.1504,47.5992],[-1.1432,47.6],[-1.1395,47.6012],[-1.1367,47.6039],[-1.1333,47.6068],[-1.1297,47.6102],[-1.1268,47.6129],[-1.1235,47.6155],[-1.1196,47.6173],[-1.1143,47.6188],[-1.1084,47.6202],[-1.1038,47.6214],[-1.0996,47.6226],[-1.0606,47.6142],[-1.0298,47.6092],[-0.9967,47.6063],[-0.9732,47.6063],[-0.8654,47.6159],[-0.7973,47.6198],[-0.6978,47.626],[-0.6614,47.6297],[-0.5807,47.6216],[-0.5818,47.6086],[-0.5892,47.6017],[-0.5662,47.5933],[-0.5707,47.5875],[-0.6045,47.5796],[-0.5992,47.5696],[-0.5628,47.5573],[-0.5619,47.5413],[-0.5607,47.5177],[-0.5255,47.5066],[-0.4963,47.4976],[-0.4643,47.4834],[-0.4601,47.4748],[-0.4764,47.4728],[-0.4614,47.4573],[-0.4443,47.4552],[-0.4483,47.404],[-0.4483,47.3985],[-0.469,47.3816],[-0.4761,47.3539],[-0.4947,47.3401],[-0.5036,47.333],[-0.504,47.333],[-0.5199,47.334],[-0.5199,47.334],[-0.5202,47.334],[-0.5373,47.3096],[-0.5159,47.3007],[-0.4959,47.2825],[-0.4892,47.272],[-0.4626,47.2709],[-0.4155,47.272],[-0.3688,47.2546],[-0.3654,47.2437],[-0.3645,47.2276],[-0.3526,47.2231],[-0.3417,47.2355],[-0.324,47.2218],[-0.3067,47.2254],[-0.3002,47.2217],[-0.2857,47.21],[-0.3252,47.1949],[-0.273,47.1816],[-0.2681,47.1558],[-0.3177,47.1606],[-0.3418,47.1678],[-0.3822,47.1885],[-0.3839,47.1896],[-0.3993,47.2148],[-0.4076,47.2119],[-0.4148,47.2025],[-0.4276,47.2014],[-0.4311,47.1779],[-0.3987,47.1654],[-0.3851,47.1558],[-0.4,47.1418],[-0.4,47.1418],[-0.3959,47.1316],[-0.3871,47.1368],[-0.3867,47.1367],[-0.3716,47.1359],[-0.3594,47.1308],[-0.3469,47.1337],[-0.3344,47.1298],[-0.3439,47.1226],[-0.3368,47.1113],[-0.3507,47.098],[-0.351,47.0816],[-0.3305,47.0828],[-0.3049,47.0864],[-0.2944,47.0907],[-0.2841,47.0847],[-0.2645,47.0895],[-0.2615,47.0794],[-0.2375,47.0662],[-0.2371,47.0423],[-0.2357,47.0289],[-0.2381,47.0104],[-0.2408,46.9904],[-0.2139,46.9768],[-0.235,46.9678],[-0.2624,46.9625],[-0.2684,46.9521],[-0.2678,46.9382],[-0.278,46.9242],[-0.2647,46.9145],[-0.2565,46.9275],[-0.239,46.9076],[-0.2207,46.9011],[-0.2037,46.9063],[-0.2024,46.8795],[-0.1965,46.8555],[-0.2071,46.8341],[-0.2234,46.8376],[-0.2329,46.8173],[-0.1853,46.8091],[-0.1598,46.8067],[-0.1414,46.7941],[-0.1587,46.792],[-0.1641,46.7665],[-0.1602,46.7526],[-0.1484,46.7414],[-0.1498,46.7359],[-0.1417,46.724],[-0.1379,46.7142],[-0.1253,46.6948],[-0.1189,46.6782],[-0.1116,46.6633],[-0.1165,46.6416],[-0.127,46.6531],[-0.1378,46.6495],[-0.1399,46.641],[-0.1327,46.6294],[-0.1294,46.6127],[-0.0953,46.5897],[-0.0589,46.5627],[-0.0425,46.5515],[-0.0003,46.5258],[-0.0378,46.5135],[-0.0442,46.4938],[-0.0521,46.4895],[-0.0651,46.486],[-0.0809,46.4879],[-0.1222,46.4884],[-0.1727,46.4805],[-0.1822,46.4779],[-0.1932,46.4898],[-0.1933,46.4646],[-0.1976,46.4551],[-0.2041,46.4518],[-0.2094,46.4492],[-0.2313,46.4321],[-0.2514,46.4478],[-0.2517,46.4469],[-0.2943,46.4373],[-0.3058,46.4669],[-0.3643,46.482],[-0.3835,46.488],[-0.3961,46.4821],[-0.4072,46.4675],[-0.4107,46.473],[-0.4295,46.463],[-0.4549,46.4404],[-0.464,46.4808],[-0.4828,46.4887],[-0.527,46.4857],[-0.5803,46.5103],[-0.6205,46.5093],[-0.6741,46.5175],[-0.6957,46.4986],[-0.7119,46.4755],[-0.784,46.4991],[-0.8044,46.4947],[-0.817,46.4946],[-0.8292,46.5041],[-0.8491,46.5074],[-0.8448,46.5153],[-0.8199,46.5303],[-0.8339,46.5398],[-0.8595,46.549],[-0.863,46.5618],[-0.8764,46.5627],[-0.8943,46.5652],[-0.9138,46.5585],[-0.949,46.5539],[-0.9554,46.5646],[-0.952,46.5883],[-0.9662,46.5953],[-0.99,46.594],[-1.0488,46.6043],[-1.0634,46.5992],[-1.0751,46.5851],[-1.0715,46.5743],[-1.0898,46.5752],[-1.1068,46.5746],[-1.1081,46.5716],[-1.1191,46.5623],[-1.1438,46.5541],[-1.177,46.5376],[-1.1928,46.5383],[-1.2272,46.5273],[-1.2431,46.5297],[-1.2359,46.5073],[-1.2527,46.4964],[-1.263,46.4985],[-1.2719,46.5074],[-1.2941,46.502],[-1.3217,46.5158],[-1.3331,46.505],[-1.3348,46.5047],[-1.351,46.491],[-1.3582,46.4838],[-1.3604,46.4756],[-1.3696,46.4669],[-1.3876,46.4662],[-1.3932,46.4631],[-1.4132,46.453],[-1.4371,46.4528],[-1.4508,46.4573],[-1.4883,46.4574],[-1.5005,46.4614],[-1.4968,46.4694],[-1.5162,46.4653],[-1.5986,46.4631],[-1.6006,46.4548],[-1.6458,46.4562],[-1.6756,46.443],[-1.6802,46.4409],[-1.6802,46.4409],[-1.6901,46.4423],[-1.6986,46.4469],[-1.7111,46.451],[-1.7131,46.4546],[-1.7137,46.4568],[-1.7155,46.4586],[-1.72,46.4584],[-1.722,46.4574],[-1.7255,46.4588],[-1.7277,46.4614],[-1.7423,46.4683],[-1.7487,46.4728],[-1.7558,46.4743],[-1.76,46.4774],[-1.762,46.4806],[-1.7705,46.4889],[-1.7785,46.4929],[-1.7843,46.4941],[-1.7911,46.4944],[-1.7936,46.4927],[-1.7943,46.4913],[-1.7928,46.4879],[-1.7991,46.4887],[-1.8051,46.4886],[-1.8099,46.492],[-1.813,46.4936],[-1.8152,46.496],[-1.8162,46.5031],[-1.8198,46.5102],[-1.8193,46.5144],[-1.8237,46.5267],[-1.8295,46.5443],[-1.8332,46.5492],[-1.8389,46.5623],[-1.8411,46.5705],[-1.8472,46.5812],[-1.8495,46.5893],[-1.8505,46.592],[-1.8542,46.603],[-1.8572,46.6095],[-1.8598,46.6112],[-1.8651,46.6155],[-1.8704,46.6163],[-1.874,46.6208],[-1.8746,46.6235],[-1.8764,46.6279],[-1.878,46.6291],[-1.8853,46.6312],[-1.8983,46.6397],[-1.901,46.6433],[-1.9068,46.6497],[-1.9088,46.6511],[-1.909,46.6542],[-1.9094,46.6561],[-1.912,46.6605],[-1.9151,46.6629],[-1.9184,46.6668],[-1.9236,46.6714],[-1.9278,46.6771],[-1.9319,46.6812],[-1.9366,46.6859],[-1.944,46.6931],[-1.9483,46.695],[-1.9497,46.6967],[-1.9526,46.6945],[-1.9535,46.6943],[-1.9576,46.6942],[-1.9606,46.6936],[-1.9616,46.6918],[-1.967,46.6918],[-1.9737,46.6968],[-1.9806,46.7052],[-1.9816,46.7105],[-1.9802,46.7165],[-1.9853,46.7216],[-1.9872,46.7234],[-2.0063,46.7372],[-2.0213,46.7483],[-2.0331,46.7555],[-2.0453,46.7642],[-2.0529,46.7698],[-2.07,46.781],[-2.0787,46.7855],[-2.0848,46.7875],[-2.0855,46.7884],[-2.1008,46.795],[-2.1195,46.8039],[-2.1335,46.8118],[-2.1362,46.8137],[-2.144,46.8194],[-2.1463,46.8289],[-2.1465,46.8516],[-2.1489,46.8658],[-2.1529,46.876],[-2.1571,46.886],[-2.1572,46.8889],[-2.1545,46.8914],[-2.1475,46.8894],[-2.1417,46.8925],[-2.136,46.8928],[-2.1221,46.8917],[-2.1195,46.8953],[-2.1205,46.9017],[-2.1201,46.9079],[-2.1148,46.9137],[-2.1077,46.9206],[-2.0984,46.9252],[-2.0942,46.9299],[-2.0855,46.9333],[-2.0753,46.9355],[-2.0742,46.939],[-2.0749,46.9404],[-2.0624,46.9431],[-2.0545,46.9462],[-2.0489,46.9505],[-2.0439,46.9575],[-2.0458,46.9687],[-2.0469,46.9788],[-2.0426,46.9851],[-2.0365,46.9853],[-2.0353,46.9927],[-2.0395,46.9974],[-2.0328,46.9986],[-2.0303,47.0097],[-2.0264,47.0097],[-2.0114,47.0172],[-1.9986,47.0189],[-1.9818,47.028],[-1.9851,47.0299],[-1.9868,47.0346],[-1.9948,47.046],[-2.0067,47.0615],[-2.0121,47.0632],[-2.0224,47.0691],[-2.029,47.0708],[-2.0346,47.074],[-2.0411,47.0792],[-2.044,47.0831],[-2.0493,47.0862],[-2.0519,47.0893],[-2.0534,47.0944],[-2.0559,47.0955],[-2.0593,47.0954],[-2.0717,47.0988],[-2.0733,47.1006],[-2.08,47.1011],[-2.0857,47.1034],[-2.091,47.1038],[-2.0976,47.1061],[-2.1063,47.1066],[-2.1085,47.1094],[-2.1054,47.1113],[-2.1042,47.1134],[-2.1032,47.1139],[-2.1035,47.1145],[-2.105,47.1143],[-2.107,47.1133],[-2.1067,47.1122],[-2.1123,47.1099],[-2.1222,47.1097],[-2.1256,47.1111],[-2.1297,47.1117],[-2.1324,47.1106],[-2.1587,47.1136],[-2.1658,47.1174],[-2.1768,47.1196],[-2.1834,47.1217],[-2.1907,47.122],[-2.2083,47.1242],[-2.2151,47.1235],[-2.2217,47.1255],[-2.2277,47.1307],[-2.2346,47.1313],[-2.2361,47.1304],[-2.2398,47.1315],[-2.2433,47.1321],[-2.2449,47.1301],[-2.2491,47.1334],[-2.2461,47.1365],[-2.2425,47.1363],[-2.2367,47.1414],[-2.2306,47.1441],[-2.2266,47.1525],[-2.2232,47.1539],[-2.2156,47.1548],[-2.209,47.1574],[-2.2053,47.157],[-2.1991,47.1593],[-2.1922,47.1587],[-2.1884,47.1575],[-2.1838,47.158],[-2.1804,47.1564],[-2.1779,47.1568],[-2.1685,47.1658],[-2.1669,47.17],[-2.1635,47.1809],[-2.1625,47.1867],[-2.162,47.1939],[-2.1588,47.1972],[-2.1611,47.2038],[-2.1592,47.2047],[-2.1605,47.2077],[-2.1593,47.209],[-2.1629,47.2136],[-2.1652,47.2162],[-2.1748,47.2263],[-2.1799,47.2311],[-2.182,47.2319],[-2.1826,47.2362],[-2.1761,47.2365],[-2.1748,47.2388],[-2.1722,47.2394],[-2.1704,47.2489],[-2.1713,47.2555],[-2.1724,47.2637],[-2.1714,47.2699],[-2.1643,47.2685],[-2.1642,47.2706],[-2.1761,47.2868],[-2.194,47.2782],[-2.1926,47.2772],[-2.1966,47.275],[-2.2001,47.2687],[-2.2073,47.2707],[-2.2136,47.2684],[-2.2244,47.2648],[-2.2224,47.2581],[-2.2265,47.2573],[-2.2291,47.2553],[-2.2407,47.2556],[-2.2468,47.2547],[-2.2528,47.2527],[-2.2588,47.2489],[-2.2616,47.2429],[-2.2687,47.2375],[-2.272,47.2396],[-2.275,47.2393],[-2.2775,47.2369],[-2.2863,47.237],[-2.292,47.2349],[-2.2988,47.2328],[-2.3081,47.2368],[-2.3115,47.2404],[-2.3236,47.2455],[-2.3406,47.2541],[-2.3447,47.2579],[-2.3441,47.261],[-2.3538,47.2705],[-2.3659,47.276],[-2.3731,47.2782],[-2.3964,47.2815],[-2.4088,47.28],[-2.4164,47.278],[-2.4236,47.2747],[-2.4251,47.2715],[-2.4172,47.2615],[-2.4177,47.2579],[-2.4314,47.2584],[-2.4525,47.2626],[-2.4601,47.2691],[-2.4691,47.2688],[-2.4947,47.2755],[-2.4962,47.2783],[-2.5,47.2802],[-2.5058,47.2803],[-2.517,47.2847],[-2.5251,47.2867],[-2.5307,47.2869],[-2.5368,47.2882],[-2.5464,47.29],[-2.5488,47.2947],[-2.5461,47.2992],[-2.5252,47.3026],[-2.5162,47.2996],[-2.5117,47.3015],[-2.5155,47.3031],[-2.5116,47.3076],[-2.5089,47.3105],[-2.5065,47.3137],[-2.506,47.3168],[-2.5054,47.3308],[-2.5102,47.3434],[-2.5148,47.345],[-2.5168,47.3493],[-2.5232,47.3591],[-2.5298,47.3633],[-2.533,47.3654],[-2.5368,47.3643],[-2.5463,47.3676],[-2.553,47.3689],[-2.5611,47.3741],[-2.5566,47.3784],[-2.5482,47.3827],[-2.5431,47.3816],[-2.5381,47.3829],[-2.5342,47.3851],[-2.5246,47.3919],[-2.5147,47.3979],[-2.5,47.4048],[-2.4913,47.4063],[-2.4895,47.4106],[-2.4856,47.4131],[-2.4816,47.4126],[-2.4774,47.4142],[-2.4761,47.4162],[-2.4715,47.4177],[-2.4666,47.4216],[-2.4683,47.4175],[-2.4629,47.4124],[-2.4594,47.4125],[-2.4577,47.4148],[-2.4556,47.4149],[-2.4479,47.4121],[-2.4453,47.412],[-2.4417,47.4143],[-2.4377,47.4151],[-2.4364,47.4137],[-2.4339,47.4131],[-2.4326,47.4161],[-2.4363,47.417],[-2.4396,47.4192],[-2.4409,47.4211],[-2.4443,47.4219],[-2.4477,47.4211],[-2.45,47.4243],[-2.454,47.4256],[-2.4573,47.4231],[-2.4591,47.4237],[-2.4564,47.431],[-2.4519,47.4349],[-2.447,47.4357],[-2.4464,47.4378],[-2.4457,47.4395],[-2.4492,47.4416],[-2.4563,47.4468],[-2.4632,47.4487],[-2.4688,47.4493],[-2.4727,47.4457],[-2.4785,47.4444],[-2.4805,47.441],[-2.4907,47.4455],[-2.495,47.45],[-2.4961,47.4538],[-2.5007,47.4591],[-2.4956,47.4663],[-2.4894,47.471],[-2.4929,47.4783],[-2.4982,47.4831],[-2.5023,47.4882],[-2.5015,47.4931],[-2.4997,47.4954],[-2.4942,47.497],[-2.4876,47.4957],[-2.4823,47.4965],[-2.4733,47.4925],[-2.4661,47.4877],[-2.4539,47.4902],[-2.4476,47.4952],[-2.4355,47.4992],[-2.4411,47.4986],[-2.4453,47.4995],[-2.4488,47.5027],[-2.4651,47.5095],[-2.4706,47.5116],[-2.4828,47.513],[-2.4861,47.5161],[-2.4914,47.5155],[-2.4968,47.5166],[-2.5002,47.5139],[-2.5032,47.5141],[-2.5046,47.5171],[-2.5023,47.5189],[-2.5031,47.5203],[-2.5077,47.5239],[-2.5208,47.5265],[-2.5251,47.5244],[-2.5349,47.5231],[-2.544,47.5221],[-2.5442,47.5183],[-2.5516,47.5143],[-2.5501,47.5104],[-2.5641,47.5145],[-2.5813,47.5165],[-2.5956,47.5174],[-2.6053,47.5147],[-2.6079,47.5087],[-2.6208,47.5041],[-2.6324,47.5045],[-2.6345,47.5073],[-2.6312,47.5103],[-2.6244,47.5138],[-2.6183,47.5151],[-2.6125,47.5165],[-2.609,47.5172],[-2.6085,47.519],[-2.6137,47.5232],[-2.6196,47.5268],[-2.6233,47.5225],[-2.6213,47.5196],[-2.6285,47.517],[-2.6436,47.516],[-2.6555,47.5179],[-2.6612,47.5178],[-2.6593,47.5257],[-2.6747,47.5301],[-2.6784,47.53],[-2.676,47.5256],[-2.665,47.5175],[-2.6678,47.5122],[-2.6649,47.5087],[-2.6803,47.4974],[-2.6796,47.4946],[-2.6746,47.495],[-2.6741,47.4918],[-2.6824,47.4904],[-2.6842,47.4947],[-2.6902,47.498],[-2.7048,47.5026],[-2.7222,47.5063],[-2.7324,47.5061],[-2.7394,47.5036],[-2.7405,47.5001],[-2.7565,47.4966],[-2.7676,47.4971],[-2.778,47.4955],[-2.7852,47.4926],[-2.7853,47.4899],[-2.7931,47.4833],[-2.8022,47.4876],[-2.8091,47.4884],[-2.8131,47.4856],[-2.8342,47.4921],[-2.8512,47.4991],[-2.8484,47.51],[-2.8502,47.5154],[-2.8587,47.5186],[-2.8605,47.5234],[-2.8729,47.5328],[-2.8853,47.537],[-2.8959,47.5375],[-2.897,47.5346],[-2.9028,47.5334],[-2.9063,47.5365],[-2.9006,47.5423],[-2.9105,47.5412],[-2.9134,47.5428],[-2.9172,47.545],[-2.9208,47.548],[-2.9166,47.5498],[-2.913,47.5484],[-2.9088,47.5499],[-2.9101,47.5524],[-2.915,47.5533],[-2.9154,47.5574],[-2.91,47.5581],[-2.9075,47.5636],[-2.901,47.5631],[-2.8966,47.5636],[-2.8939,47.5549],[-2.8904,47.5617],[-2.8848,47.5624],[-2.8782,47.5649],[-2.8754,47.5611],[-2.8701,47.5591],[-2.8665,47.5593],[-2.8688,47.555],[-2.8673,47.5521],[-2.864,47.554],[-2.8572,47.551],[-2.8588,47.5439],[-2.8613,47.5414],[-2.854,47.5395],[-2.8549,47.5417],[-2.8522,47.546],[-2.8489,47.549],[-2.8444,47.5478],[-2.8438,47.5454],[-2.8396,47.5446],[-2.835,47.5461],[-2.8271,47.5507],[-2.8249,47.5498],[-2.8257,47.5477],[-2.8289,47.5445],[-2.8212,47.5434],[-2.8194,47.5466],[-2.8242,47.5509],[-2.8259,47.5554],[-2.8243,47.5576],[-2.8159,47.5565],[-2.8144,47.5544],[-2.8117,47.5539],[-2.8101,47.5559],[-2.8046,47.5568],[-2.8043,47.5472],[-2.8061,47.5442],[-2.8041,47.5412],[-2.7987,47.5399],[-2.8011,47.5481],[-2.7909,47.5513],[-2.7878,47.5532],[-2.7753,47.5498],[-2.7761,47.544],[-2.7782,47.5402],[-2.7692,47.54],[-2.7696,47.5436],[-2.7671,47.5446],[-2.7617,47.5379],[-2.7495,47.5392],[-2.7436,47.5443],[-2.7407,47.5444],[-2.7396,47.5411],[-2.7302,47.543],[-2.7356,47.5535],[-2.7304,47.5576],[-2.7273,47.5631],[-2.7293,47.5679],[-2.7218,47.5722],[-2.7188,47.5729],[-2.7145,47.5792],[-2.7189,47.5839],[-2.7183,47.5884],[-2.7119,47.5888],[-2.7117,47.5853],[-2.7145,47.5844],[-2.7134,47.5806],[-2.7112,47.58],[-2.7079,47.583],[-2.7042,47.5899],[-2.7009,47.5909],[-2.6976,47.5896],[-2.6916,47.5921],[-2.6917,47.5985],[-2.691,47.6052],[-2.6884,47.6103],[-2.6901,47.6095],[-2.696,47.6093],[-2.7,47.6071],[-2.7018,47.6028],[-2.7037,47.5993],[-2.7118,47.5963],[-2.7096,47.5938],[-2.7097,47.5923],[-2.7205,47.5893],[-2.7312,47.5935],[-2.7289,47.5956],[-2.7259,47.5954],[-2.7209,47.5923],[-2.7194,47.5956],[-2.7213,47.603],[-2.7318,47.6013],[-2.7305,47.5996],[-2.7309,47.5979],[-2.7542,47.6099],[-2.7582,47.6127],[-2.7664,47.614],[-2.7795,47.6192],[-2.7839,47.6205],[-2.7964,47.6179],[-2.8013,47.6175],[-2.8073,47.6201],[-2.8146,47.6199],[-2.8348,47.6123],[-2.8477,47.6166],[-2.8604,47.6222],[-2.8622,47.6191],[-2.854,47.6161],[-2.8668,47.6073],[-2.8569,47.6024],[-2.8631,47.5963],[-2.8751,47.5986],[-2.8865,47.6033],[-2.8904,47.6001],[-2.8897,47.5967],[-2.888,47.5924],[-2.8896,47.589],[-2.8896,47.5834],[-2.8844,47.5823],[-2.8837,47.579],[-2.8898,47.574],[-2.8922,47.5753],[-2.8911,47.5812],[-2.9001,47.5832],[-2.9056,47.5814],[-2.9092,47.5838],[-2.904,47.5873],[-2.9077,47.591],[-2.9127,47.5919],[-2.9124,47.5947],[-2.9124,47.5951],[-2.9092,47.6059],[-2.9253,47.6069],[-2.9251,47.623],[-2.8814,47.6421],[-2.846,47.6531],[-2.8263,47.6568],[-2.811,47.6579],[-2.7975,47.6588],[-2.7719,47.6588],[-2.7496,47.6578],[-2.7392,47.6567],[-2.7227,47.6558],[-2.7071,47.6532],[-2.6876,47.6499],[-2.6691,47.6461],[-2.653,47.6431],[-2.6494,47.6425],[-2.6466,47.642],[-2.6447,47.6416],[-2.6416,47.6404]]]},"properties":{"code":58,"nom":"MA-sud interieur","code_her1":12,"nom_her1":"ARMORICAIN"}},{"type":"Feature","geometry":{"type":"Polygon","coordinates":[[[-1.4528,43.2745],[-1.4383,43.3089],[-1.4082,43.2999],[-1.3874,43.2959],[-1.3685,43.2558],[-1.3515,43.2149],[-1.3481,43.1709],[-1.3056,43.1644],[-1.2781,43.1385],[-1.2797,43.1221],[-1.2776,43.1143],[-1.3321,43.1091],[-1.3356,43.0898],[-1.3445,43.0508],[-1.3503,43.0316],[-1.3809,43.0368],[-1.4394,43.0494],[-1.4479,43.0591],[-1.471,43.0957],[-1.4201,43.1252],[-1.4061,43.1592],[-1.3808,43.2302],[-1.38,43.2329],[-1.3789,43.237],[-1.388,43.2542],[-1.4077,43.2729],[-1.4416,43.2717],[-1.4528,43.2745]]]},"properties":{"code":23,"nom":"Cf 96 Pyrenees Etage montagnard","code_her1":1,"nom_her1":"PYRENEES"}},{"type":"Feature","geometry":{"type":"Polygon","coordinates":[[[-1.0702,45.5191],[-1.0656,45.5113],[-1.064,45.5114],[-1.0593,45.5071],[-1.0524,45.5027],[-1.0485,45.5008],[-1.046,45.4999],[-1.0413,45.4978],[-1.0337,45.4953],[-1.028,45.4932],[-1.0243,45.4907],[-1.0259,45.4885],[-1.0203,45.4853],[-1.0167,45.4827],[-1.0085,45.4763],[-1.0057,45.4765],[-0.9991,45.4711],[-0.9925,45.4669],[-0.9858,45.4646],[-0.9839,45.4631],[-0.9817,45.4617],[-0.9796,45.4604],[-0.9763,45.458],[-0.9702,45.4544],[-0.9548,45.4495],[-0.9389,45.4432],[-0.9344,45.442],[-0.9314,45.4392],[-0.9214,45.4289],[-0.9176,45.4253],[-0.9078,45.4172],[-0.9047,45.4137],[-0.9028,45.4109],[-0.9039,45.4096],[-0.9021,45.4076],[-0.8933,45.4053],[-0.8798,45.3994],[-0.8682,45.3927],[-0.8587,45.3876],[-0.8486,45.3813],[-0.8434,45.3771],[-0.841,45.3766],[-0.8394,45.3743],[-0.8357,45.3729],[-0.8281,45.3672],[-0.8179,45.3589],[-0.8103,45.352],[-0.805,45.3475],[-0.7968,45.3353],[-0.7912,45.3271],[-0.7867,45.3201],[-0.7836,45.3139],[-0.774,45.2992],[-0.7715,45.2944],[-0.7685,45.2908],[-0.7649,45.2842],[-0.7597,45.2702],[-0.7533,45.2537],[-0.7508,45.246],[-0.7471,45.2348],[-0.747,45.2285],[-0.7484,45.2142],[-0.7469,45.2053],[-0.7435,45.1955],[-0.7388,45.1848],[-0.7362,45.1786],[-0.73,45.168],[-0.7273,45.1628],[-0.7183,45.1466],[-0.7161,45.1443],[-0.7148,45.1411],[-0.7115,45.1337],[-0.7008,45.1139],[-0.6922,45.0967],[-0.6866,45.0856],[-0.6842,45.0813],[-0.6797,45.0767],[-0.6759,45.0741],[-0.6713,45.0723],[-0.6562,45.0588],[-0.6542,45.0523],[-0.6503,45.0482],[-0.643,45.043],[-0.6387,45.0385],[-0.632,45.0326],[-0.6272,45.0301],[-0.6248,45.0272],[-0.6172,45.0225],[-0.6095,45.0161],[-0.5915,45.0085],[-0.59,45.0204],[-0.5938,45.0266],[-0.6009,45.0361],[-0.6067,45.0415],[-0.598,45.0457],[-0.6037,45.049],[-0.6143,45.0545],[-0.6191,45.0579],[-0.6232,45.062],[-0.6286,45.0679],[-0.6336,45.0716],[-0.6376,45.0746],[-0.6451,45.0916],[-0.6478,45.0982],[-0.6529,45.106],[-0.6637,45.1204],[-0.6673,45.1255],[-0.6692,45.1305],[-0.6684,45.1376],[-0.669,45.1602],[-0.6703,45.167],[-0.672,45.1749],[-0.6728,45.1771],[-0.6748,45.1813],[-0.6752,45.1834],[-0.6775,45.1886],[-0.6789,45.1938],[-0.6828,45.2027],[-0.6849,45.2074],[-0.6877,45.2156],[-0.6903,45.2251],[-0.6922,45.233],[-0.6928,45.2351],[-0.6942,45.2393],[-0.6974,45.2594],[-0.701,45.276],[-0.5936,45.325],[-0.5797,45.3553],[-0.546,45.3683],[-0.5287,45.3509],[-0.4724,45.3529],[-0.4232,45.3357],[-0.4,45.3477],[-0.3723,45.3794],[-0.3214,45.4059],[-0.2083,45.4625],[-0.1199,45.5055],[-0.0039,45.5374],[0.035,45.5313],[0.0351,45.5313],[0.1173,45.5064],[0.1793,45.5265],[0.3718,45.4203],[0.4446,45.329],[0.4857,45.3078],[0.5099,45.2735],[0.5715,45.2227],[0.6049,45.1542],[0.4596,45.0843],[0.4251,45.0225],[0.5521,44.9857],[0.6093,44.9848],[0.6612,44.9714],[0.6743,44.9452],[0.5986,44.8912],[0.7282,44.8045],[0.8387,44.7478],[0.8567,44.6263],[0.9137,44.6084],[0.9152,44.5464],[0.9646,44.4803],[1.005,44.4218],[1.0981,44.4183],[1.142,44.3893],[1.2627,44.4138],[1.4104,44.3841],[1.4238,44.3563],[1.4715,44.3474],[1.5389,44.3506],[1.5452,44.334],[1.5863,44.3343],[1.6189,44.3143],[1.6039,44.216],[1.5522,44.152],[1.6231,44.0735],[1.6109,44.0745],[1.603,44.0815],[1.5858,44.089],[1.5761,44.0869],[1.5648,44.0847],[1.547,44.0862],[1.5421,44.0887],[1.5327,44.0873],[1.5299,44.0812],[1.5257,44.0783],[1.5212,44.0809],[1.514,44.0836],[1.5104,44.0866],[1.5037,44.0917],[1.4921,44.1009],[1.4845,44.1109],[1.4769,44.1015],[1.4678,44.0991],[1.4647,44.0942],[1.4609,44.0909],[1.4495,44.0915],[1.4475,44.0957],[1.4474,44.1031],[1.4419,44.105],[1.4418,44.1106],[1.4395,44.1112],[1.4341,44.1051],[1.4274,44.1011],[1.4183,44.1013],[1.4141,44.1001],[1.411,44.0945],[1.402,44.0897],[1.3992,44.0836],[1.3905,44.0782],[1.3677,44.0729],[1.3582,44.0763],[1.3484,44.0825],[1.3473,44.0895],[1.3408,44.0927],[1.3292,44.0891],[1.3201,44.0918],[1.3171,44.0966],[1.3076,44.1022],[1.2999,44.0997],[1.3014,44.0904],[1.2958,44.092],[1.2891,44.0898],[1.2786,44.0939],[1.2717,44.0997],[1.2666,44.0969],[1.27,44.0894],[1.2655,44.0861],[1.2527,44.0951],[1.2487,44.1018],[1.2509,44.1092],[1.2475,44.1139],[1.2381,44.1155],[1.2297,44.116],[1.224,44.1176],[1.2178,44.117],[1.2096,44.1115],[1.2002,44.1027],[1.1965,44.1001],[1.194,44.0995],[1.1901,44.0974],[1.1878,44.0929],[1.1831,44.0929],[1.1757,44.097],[1.1735,44.0997],[1.1699,44.1033],[1.1696,44.1079],[1.1744,44.1144],[1.1715,44.1176],[1.1554,44.1139],[1.1546,44.103],[1.1502,44.0998],[1.1403,44.0956],[1.1293,44.0934],[1.1105,44.0908],[1.0984,44.0917],[1.0923,44.0966],[1.0895,44.0982],[1.0763,44.099],[1.0703,44.0992],[1.0593,44.0931],[1.0537,44.0897],[1.0469,44.0872],[1.0376,44.0861],[1.0368,44.0872],[1.0354,44.089],[1.0235,44.0933],[1.0176,44.0907],[0.9975,44.0879],[0.991,44.0866],[0.9807,44.0811],[0.9692,44.0758],[0.9591,44.0743],[0.9493,44.0745],[0.9463,44.0747],[0.9422,44.073],[0.9396,44.0708],[0.9299,44.0689],[0.9246,44.0692],[0.9199,44.0686],[0.9085,44.0667],[0.8893,44.0829],[0.8759,44.0906],[0.8634,44.0942],[0.8459,44.096],[0.8383,44.1039],[0.8334,44.1187],[0.8274,44.1216],[0.809,44.1241],[0.7966,44.1312],[0.7923,44.1386],[0.7878,44.1429],[0.7827,44.1432],[0.7678,44.14],[0.7626,44.1392],[0.7516,44.1433],[0.744,44.1477],[0.7319,44.1535],[0.72,44.1554],[0.7133,44.1576],[0.7045,44.1568],[0.6823,44.1613],[0.6716,44.1619],[0.664,44.157],[0.6524,44.1473],[0.6474,44.1449],[0.64,44.1487],[0.6284,44.1579],[0.6197,44.1633],[0.6144,44.1712],[0.6131,44.1829],[0.6096,44.1999],[0.6041,44.2118],[0.6001,44.2152],[0.5919,44.2164],[0.5781,44.2173],[0.5581,44.2196],[0.5384,44.2145],[0.5335,44.2144],[0.5299,44.2145],[0.5224,44.2152],[0.5153,44.2188],[0.5123,44.2242],[0.4888,44.2393],[0.4826,44.239],[0.4715,44.2359],[0.4664,44.2357],[0.4575,44.2393],[0.4533,44.2391],[0.4395,44.2344],[0.4292,44.2339],[0.4196,44.2363],[0.4022,44.2486],[0.3898,44.2484],[0.3816,44.2454],[0.3674,44.2407],[0.3502,44.2419],[0.3393,44.2474],[0.3263,44.2473],[0.2743,44.2414],[0.2743,44.2414],[0.2743,44.2414],[0.28,44.2459],[0.28,44.2459],[0.28,44.2459],[0.2688,44.2471],[0.2688,44.2492],[0.2552,44.2584],[0.2251,44.2655],[0.1862,44.2668],[0.1661,44.2702],[0.1474,44.2768],[0.1274,44.2917],[0.125,44.2934],[0.125,44.2934],[0.1249,44.2934],[0.0945,44.2918],[0.0944,44.2918],[0.0944,44.2918],[0.0679,44.3111],[0.0195,44.3265],[0.0278,44.3709],[-0.0151,44.3852],[-0.0275,44.3908],[-0.045,44.3951],[-0.0692,44.4018],[-0.1146,44.4094],[-0.154,44.427],[-0.1922,44.4379],[-0.235,44.4468],[-0.2861,44.4753],[-0.3071,44.5104],[-0.3155,44.5235],[-0.3156,44.5237],[-0.3156,44.5235],[-0.3162,44.5225],[-0.3333,44.5124],[-0.3334,44.5123],[-0.3335,44.5124],[-0.3349,44.5129],[-0.335,44.513],[-0.3351,44.5129],[-0.3446,44.5043],[-0.3446,44.5043],[-0.3446,44.5043],[-0.3442,44.4957],[-0.3442,44.4957],[-0.3442,44.4957],[-0.3504,44.4864],[-0.3516,44.4858],[-0.3654,44.4788],[-0.3654,44.4788],[-0.3655,44.4788],[-0.3764,44.4836],[-0.3796,44.4972],[-0.3922,44.5038],[-0.387,44.5363],[-0.387,44.5363],[-0.387,44.5363],[-0.3749,44.5657],[-0.3749,44.5657],[-0.3749,44.5657],[-0.3673,44.5966],[-0.3606,44.6201],[-0.3822,44.6433],[-0.3832,44.6442],[-0.4191,44.6678],[-0.472,44.6943],[-0.493,44.6998],[-0.4931,44.6998],[-0.4932,44.6998],[-0.5023,44.698],[-0.5023,44.698],[-0.5023,44.698],[-0.4978,44.6729],[-0.4978,44.6729],[-0.4978,44.6729],[-0.5017,44.6664],[-0.5092,44.6651],[-0.5094,44.6651],[-0.5094,44.6651],[-0.5166,44.6702],[-0.5226,44.6834],[-0.5467,44.7017],[-0.5467,44.7017],[-0.5467,44.7017],[-0.5467,44.7017],[-0.5466,44.7017],[-0.545,44.7017],[-0.5448,44.7017],[-0.5448,44.7017],[-0.5448,44.7017],[-0.5448,44.7017],[-0.5451,44.7095],[-0.5451,44.7095],[-0.5451,44.7095],[-0.54,44.7176],[-0.54,44.7176],[-0.54,44.7176],[-0.5425,44.7254],[-0.5491,44.7293],[-0.5491,44.7294],[-0.5492,44.7293],[-0.5693,44.7239],[-0.5694,44.7239],[-0.5695,44.7239],[-0.5747,44.7277],[-0.5756,44.7329],[-0.5772,44.7492],[-0.584,44.7531],[-0.5841,44.7531],[-0.5842,44.7531],[-0.6077,44.7447],[-0.6078,44.7446],[-0.6079,44.7447],[-0.6171,44.7584],[-0.6212,44.7805],[-0.6228,44.7807],[-0.6367,44.7841],[-0.6367,44.7841],[-0.6368,44.7841],[-0.6624,44.7772],[-0.6625,44.7771],[-0.6625,44.7772],[-0.6742,44.7874],[-0.6775,44.7993],[-0.7006,44.8114],[-0.7016,44.8125],[-0.7046,44.8232],[-0.7046,44.8232],[-0.7046,44.8232],[-0.694,44.8395],[-0.694,44.8395],[-0.694,44.8395],[-0.6933,44.8454],[-0.7062,44.8532],[-0.7098,44.8551],[-0.722,44.8631],[-0.7259,44.8715],[-0.7259,44.8715],[-0.7259,44.8715],[-0.7197,44.8842],[-0.7054,44.8887],[-0.6842,44.8896],[-0.6761,44.8964],[-0.6761,44.8964],[-0.6761,44.8964],[-0.6748,44.9038],[-0.6748,44.9038],[-0.6748,44.9038],[-0.6721,44.9096],[-0.6583,44.9153],[-0.6582,44.9153],[-0.6581,44.9153],[-0.6391,44.9123],[-0.639,44.911],[-0.639,44.9109],[-0.6389,44.911],[-0.628,44.9164],[-0.6267,44.9176],[-0.6267,44.9176],[-0.6267,44.9176],[-0.6259,44.9286],[-0.6259,44.9286],[-0.6259,44.9286],[-0.6206,44.9328],[-0.6206,44.9329],[-0.6205,44.9328],[-0.6104,44.9317],[-0.6102,44.9317],[-0.6102,44.9317],[-0.5992,44.9367],[-0.5992,44.9367],[-0.5992,44.9367],[-0.599,44.9493],[-0.6164,44.981],[-0.6326,44.9979],[-0.633,44.999],[-0.6484,45.0065],[-0.6484,45.0065],[-0.6485,45.0064],[-0.6655,44.9998],[-0.6656,44.9997],[-0.6656,44.9998],[-0.6856,45.0158],[-0.7103,45.0274],[-0.7546,45.0305],[-0.7547,45.0305],[-0.7547,45.0305],[-0.7715,45.0283],[-0.7717,45.0283],[-0.7717,45.0283],[-0.7868,45.0355],[-0.793,45.0437],[-0.7956,45.0583],[-0.7956,45.0583],[-0.7956,45.0583],[-0.7871,45.0706],[-0.7686,45.0763],[-0.7439,45.0873],[-0.7387,45.0952],[-0.7387,45.0952],[-0.7387,45.0953],[-0.738,45.1008],[-0.7482,45.1125],[-0.7492,45.1133],[-0.7646,45.1189],[-0.7646,45.119],[-0.7647,45.1189],[-0.8049,45.1114],[-0.805,45.1114],[-0.8051,45.1114],[-0.8133,45.1163],[-0.815,45.1254],[-0.815,45.1254],[-0.815,45.1254],[-0.8116,45.1294],[-0.79,45.1374],[-0.7688,45.1491],[-0.7688,45.1491],[-0.7688,45.1491],[-0.7727,45.1552],[-0.8077,45.1796],[-0.8137,45.1902],[-0.8137,45.1902],[-0.8137,45.1902],[-0.8137,45.1902],[-0.8135,45.1903],[-0.8116,45.1903],[-0.8114,45.1903],[-0.8114,45.1903],[-0.8114,45.1903],[-0.8114,45.1903],[-0.8369,45.2087],[-0.8625,45.2379],[-0.8676,45.2516],[-0.88,45.274],[-0.881,45.2748],[-0.8942,45.2818],[-0.8943,45.2819],[-0.8944,45.2818],[-0.9128,45.2762],[-0.9128,45.2762],[-0.9129,45.2762],[-0.9227,45.2787],[-0.9243,45.2786],[-0.9456,45.3109],[-0.9463,45.312],[-0.9622,45.3389],[-0.9985,45.3724],[-1.0172,45.3956],[-1.0457,45.4212],[-1.0631,45.4313],[-1.0956,45.4369],[-1.103,45.4429],[-1.1107,45.4721],[-1.1072,45.4932],[-1.1072,45.4932],[-1.1072,45.4932],[-1.0857,45.5128],[-1.0857,45.5128],[-1.0855,45.5128],[-1.0842,45.5128],[-1.084,45.5128],[-1.084,45.5128],[-1.0797,45.5216],[-1.0797,45.5216],[-1.0707,45.5218],[-1.0702,45.5191]]]},"properties":{"code":66,"nom":"Coteaux molassiques Nord Aquitaine","code_her1":14,"nom_her1":"COTEAUX AQUITAINS"}},{"type":"Feature","geometry":{"type":"Polygon","coordinates":[[[6.6081,49.251],[6.6238,49.2637],[6.638,49.2695],[6.6623,49.2557],[6.6748,49.2577],[6.6908,49.2481],[6.6887,49.2405],[6.6922,49.2312],[6.6897,49.2219],[6.6984,49.215],[6.7198,49.2199],[6.7309,49.2032],[6.7142,49.1871],[6.7162,49.1783],[6.7309,49.1654],[6.7534,49.1629],[6.7751,49.1663],[6.8056,49.1589],[6.8339,49.1503],[6.8441,49.1545],[6.8436,49.1727],[6.8586,49.1768],[6.8497,49.191],[6.834,49.2118],[6.8612,49.2251],[6.8848,49.2091],[6.9,49.21],[6.9262,49.2228],[6.9362,49.2211],[6.9412,49.216],[6.9541,49.2062],[6.9385,49.197],[6.902,49.1734],[6.87,49.1587],[6.8589,49.1349],[6.8249,49.1348],[6.797,49.1294],[6.7682,49.1138],[6.6525,49.093],[6.6376,49.0966],[6.6262,49.1025],[6.614,49.1037],[6.6114,49.1154],[6.6191,49.1214],[6.6164,49.1335],[6.6126,49.1443],[6.5951,49.1523],[6.5899,49.1612],[6.5883,49.1718],[6.5981,49.1746],[6.6066,49.1943],[6.5957,49.1956],[6.5974,49.205],[6.6104,49.2113],[6.6024,49.2187],[6.5909,49.2208],[6.5978,49.2388],[6.6081,49.251]]]},"properties":{"code":26,"nom":"Bassin de Forbach","code_her1":10,"nom_her1":"COTES CALCAIRES EST"}},{"type":"Feature","geometry":{"type":"Polygon","coordinates":[[[1.0368,44.0872],[1.0428,44.0776],[1.0562,44.0771],[1.0592,44.0725],[1.0534,44.0664],[1.0575,44.0625],[1.0635,44.0597],[1.0633,44.0454],[1.0658,44.0423],[1.0716,44.0409],[1.0798,44.0378],[1.0873,44.0336],[1.0824,44.03],[1.0778,44.0264],[1.0797,44.022],[1.0861,44.0186],[1.0941,44.0169],[1.1009,44.0209],[1.106,44.0149],[1.112,44.0114],[1.1157,44.0001],[1.1251,43.9955],[1.1574,43.9866],[1.1625,43.9785],[1.1633,43.966],[1.1728,43.9568],[1.1721,43.9459],[1.1839,43.9466],[1.1904,43.9421],[1.1978,43.9404],[1.1955,43.9368],[1.1904,43.9343],[1.1898,43.9267],[1.1883,43.9096],[1.1945,43.9086],[1.2014,43.9112],[1.2089,43.9045],[1.209,43.8958],[1.2043,43.8877],[1.2182,43.8837],[1.2198,43.8768],[1.2224,43.8683],[1.2302,43.8678],[1.2393,43.8634],[1.2434,43.8564],[1.242,43.8522],[1.2504,43.8465],[1.2516,43.8401],[1.2493,43.8371],[1.2453,43.8329],[1.2529,43.8295],[1.2607,43.8238],[1.2577,43.8198],[1.2545,43.8155],[1.264,43.8067],[1.2753,43.8089],[1.2803,43.8061],[1.2716,43.7975],[1.2775,43.7936],[1.2889,43.7912],[1.2905,43.782],[1.2985,43.7789],[1.3217,43.7741],[1.3291,43.7724],[1.3247,43.7673],[1.3182,43.7596],[1.3108,43.7473],[1.3134,43.7423],[1.3218,43.7406],[1.3278,43.7303],[1.3367,43.7276],[1.3437,43.7219],[1.3414,43.7151],[1.3484,43.7084],[1.3627,43.705],[1.3666,43.7032],[1.3697,43.6983],[1.3678,43.694],[1.3679,43.6854],[1.373,43.6762],[1.3795,43.6709],[1.3869,43.6671],[1.4021,43.6651],[1.4067,43.658],[1.4014,43.6476],[1.4036,43.6337],[1.4014,43.6209],[1.406,43.6109],[1.4186,43.606],[1.4341,43.6019],[1.4406,43.5941],[1.4387,43.5852],[1.4357,43.5794],[1.4375,43.5695],[1.4383,43.5496],[1.435,43.5438],[1.4307,43.5381],[1.4286,43.5287],[1.4157,43.5262],[1.4094,43.5183],[1.3642,43.503],[1.342,43.485],[1.3474,43.4797],[1.3412,43.4703],[1.3433,43.465],[1.3255,43.4568],[1.327,43.4463],[1.3257,43.4342],[1.3118,43.4195],[1.3076,43.4091],[1.3069,43.397],[1.2976,43.3965],[1.2962,43.3901],[1.3013,43.3809],[1.2887,43.3758],[1.2878,43.3683],[1.2895,43.3598],[1.2793,43.3565],[1.279,43.3451],[1.2644,43.3399],[1.2547,43.3388],[1.2514,43.3327],[1.254,43.3245],[1.2467,43.3219],[1.2425,43.3126],[1.2338,43.309],[1.2352,43.3046],[1.236,43.3],[1.2338,43.2979],[1.2271,43.299],[1.2274,43.2953],[1.2324,43.2922],[1.2322,43.2876],[1.2305,43.2858],[1.2269,43.2869],[1.2251,43.2901],[1.2087,43.2896],[1.2052,43.283],[1.1959,43.2788],[1.1861,43.2804],[1.1844,43.2782],[1.1873,43.2748],[1.185,43.272],[1.1781,43.2715],[1.1762,43.2695],[1.1738,43.2651],[1.1666,43.2612],[1.1638,43.2576],[1.1681,43.2493],[1.1678,43.2474],[1.1649,43.2464],[1.1529,43.2419],[1.1553,43.2322],[1.1473,43.2324],[1.142,43.2324],[1.136,43.2299],[1.134,43.2268],[1.1347,43.2224],[1.1319,43.2201],[1.1213,43.2184],[1.1191,43.2161],[1.1185,43.2118],[1.1143,43.207],[1.1087,43.2066],[1.0998,43.2038],[1.0904,43.2057],[1.0856,43.2001],[1.0741,43.2017],[1.067,43.201],[1.0624,43.1968],[1.0538,43.1976],[1.0389,43.1952],[1.0392,43.1925],[1.0368,43.1909],[1.0285,43.1933],[1.0247,43.1929],[1.0206,43.1898],[0.9828,43.1811],[0.9538,43.161],[0.9124,43.144],[0.9037,43.1149],[0.8386,43.1014],[0.7591,43.1121],[0.7284,43.0983],[0.6572,43.1184],[0.5998,43.1025],[0.5492,43.0708],[0.5417,43.0661],[0.5272,43.0815],[0.4956,43.0893],[0.4532,43.0979],[0.4389,43.1006],[0.3983,43.0944],[0.3709,43.0868],[0.3552,43.0648],[0.3379,43.0887],[0.337,43.0966],[0.3359,43.1028],[0.3364,43.1128],[0.3374,43.1179],[0.3362,43.1214],[0.3347,43.1256],[0.3293,43.1363],[0.3294,43.1407],[0.3217,43.1475],[0.3207,43.1499],[0.3204,43.1584],[0.318,43.1647],[0.3111,43.1753],[0.3105,43.1783],[0.3099,43.183],[0.3123,43.1937],[0.3104,43.2001],[0.3073,43.2015],[0.3051,43.2088],[0.3057,43.217],[0.3034,43.2308],[0.3054,43.2357],[0.3058,43.2501],[0.3056,43.26],[0.3055,43.2715],[0.3079,43.278],[0.3181,43.2926],[0.3189,43.2959],[0.3192,43.2995],[0.324,43.3056],[0.3245,43.3088],[0.3236,43.3119],[0.3242,43.3133],[0.3236,43.3157],[0.3264,43.3185],[0.3233,43.3205],[0.3261,43.3257],[0.3305,43.3275],[0.3293,43.3296],[0.3284,43.3319],[0.3296,43.3351],[0.328,43.3359],[0.326,43.339],[0.3232,43.3417],[0.3185,43.3417],[0.3159,43.3446],[0.315,43.3531],[0.3119,43.3613],[0.3094,43.382],[0.3108,43.3865],[0.3095,43.4025],[0.3084,43.4271],[0.3077,43.4304],[0.3055,43.4355],[0.3051,43.4405],[0.3031,43.4449],[0.3033,43.4534],[0.3001,43.4622],[0.2991,43.4675],[0.3003,43.4721],[0.2972,43.4752],[0.2944,43.478],[0.2945,43.4809],[0.2963,43.4838],[0.2956,43.4876],[0.2922,43.4964],[0.2883,43.4986],[0.2841,43.4995],[0.2797,43.5045],[0.2835,43.5103],[0.2814,43.5116],[0.2811,43.5148],[0.2798,43.5184],[0.2734,43.5201],[0.2726,43.5222],[0.2689,43.5232],[0.2682,43.5272],[0.2639,43.5299],[0.2626,43.5335],[0.2529,43.5321],[0.2478,43.5324],[0.2443,43.5325],[0.2395,43.5354],[0.2356,43.5428],[0.2323,43.5481],[0.2268,43.5516],[0.2277,43.5556],[0.2236,43.561],[0.2163,43.5633],[0.2137,43.5709],[0.2092,43.5747],[0.2075,43.5776],[0.2051,43.58],[0.2029,43.5876],[0.2026,43.5918],[0.2013,43.5968],[0.204,43.601],[0.2046,43.6057],[0.2069,43.6106],[0.2168,43.6161],[0.2189,43.6199],[0.2166,43.6254],[0.218,43.6288],[0.2158,43.6337],[0.2116,43.6378],[0.2129,43.644],[0.2126,43.6466],[0.2061,43.6505],[0.2002,43.6519],[0.1927,43.6573],[0.1936,43.6636],[0.1927,43.668],[0.1875,43.6733],[0.1841,43.6773],[0.183,43.6814],[0.1756,43.6834],[0.173,43.6858],[0.1685,43.6895],[0.1657,43.6965],[0.1628,43.6997],[0.159,43.7015],[0.1574,43.7043],[0.1574,43.7091],[0.1564,43.714],[0.1594,43.7167],[0.1585,43.7196],[0.1556,43.7205],[0.1548,43.7222],[0.1587,43.7242],[0.1581,43.7265],[0.155,43.727],[0.1509,43.7335],[0.148,43.7351],[0.1399,43.7404],[0.1375,43.7423],[0.1364,43.744],[0.1355,43.7456],[0.1327,43.7488],[0.132,43.7511],[0.1322,43.7546],[0.1324,43.7565],[0.132,43.7584],[0.1293,43.7627],[0.1287,43.7648],[0.1291,43.7691],[0.1285,43.7707],[0.127,43.7718],[0.1249,43.7745],[0.1239,43.7762],[0.1222,43.7776],[0.1187,43.7796],[0.1113,43.7847],[0.1087,43.7863],[0.106,43.7884],[0.1012,43.7929],[0.0995,43.7959],[0.0985,43.7982],[0.0986,43.8009],[0.0975,43.8039],[0.0969,43.8063],[0.0956,43.812],[0.0957,43.8141],[0.096,43.8167],[0.0964,43.8184],[0.0966,43.8203],[0.0964,43.8228],[0.0949,43.8258],[0.0929,43.8277],[0.0911,43.8302],[0.091,43.8319],[0.093,43.8365],[0.0929,43.8396],[0.0917,43.8425],[0.0909,43.8434],[0.0884,43.8446],[0.0856,43.8457],[0.0836,43.847],[0.082,43.8482],[0.0804,43.8512],[0.0795,43.8528],[0.0775,43.8549],[0.0749,43.856],[0.0722,43.8565],[0.0653,43.859],[0.0632,43.8594],[0.0607,43.8605],[0.0575,43.8633],[0.0521,43.867],[0.0459,43.87],[0.0397,43.8727],[0.0381,43.8739],[0.0358,43.8755],[0.0341,43.8758],[0.0326,43.878],[0.0316,43.8829],[0.0315,43.8846],[0.0311,43.8861],[0.0319,43.8896],[0.031,43.8999],[0.0298,43.9022],[0.0268,43.9058],[0.0247,43.9067],[0.0236,43.908],[0.0225,43.9098],[0.022,43.9117],[0.02,43.9164],[0.017,43.9201],[0.0174,43.9256],[0.0156,43.9286],[0.016,43.9319],[0.0156,43.9338],[0.0134,43.9371],[0.0149,43.9407],[0.0143,43.9429],[0.0131,43.945],[0.0129,43.9472],[0.0128,43.9481],[0.0124,43.9507],[0.014,43.9529],[0.0165,43.9552],[0.0163,43.9575],[0.0151,43.9591],[0.0103,43.9628],[0.0086,43.9636],[0.0075,43.9649],[0.0076,43.965],[0.0077,43.965],[0.0538,43.9957],[0.067,43.9982],[0.0733,43.9992],[0.0734,43.9992],[0.0734,43.9992],[0.0966,43.9945],[0.0966,43.9945],[0.0968,43.9946],[0.1112,43.9952],[0.1149,43.9989],[0.1149,43.9989],[0.1149,43.9989],[0.1145,44.0252],[0.1197,44.0413],[0.1167,44.0601],[0.1167,44.0601],[0.1167,44.0601],[0.1263,44.065],[0.1264,44.065],[0.1265,44.065],[0.138,44.0601],[0.1615,44.0456],[0.1615,44.0456],[0.1616,44.0456],[0.1904,44.0484],[0.2163,44.0552],[0.2447,44.0666],[0.2707,44.0949],[0.2906,44.124],[0.2906,44.124],[0.2906,44.124],[0.2926,44.1346],[0.2842,44.1514],[0.2823,44.1514],[0.2564,44.1723],[0.2484,44.188],[0.2449,44.2106],[0.2449,44.2106],[0.2449,44.2106],[0.2528,44.2256],[0.2641,44.2333],[0.2743,44.2414],[0.2743,44.2414],[0.3263,44.2473],[0.3393,44.2474],[0.3502,44.2419],[0.3674,44.2407],[0.3816,44.2454],[0.3898,44.2484],[0.4022,44.2486],[0.4196,44.2363],[0.4292,44.2339],[0.4395,44.2344],[0.4533,44.2391],[0.4575,44.2393],[0.4664,44.2357],[0.4715,44.2359],[0.4826,44.239],[0.4888,44.2393],[0.5123,44.2242],[0.5153,44.2188],[0.5224,44.2152],[0.5299,44.2145],[0.5335,44.2144],[0.5384,44.2145],[0.5581,44.2196],[0.5781,44.2173],[0.5919,44.2164],[0.6001,44.2152],[0.6041,44.2118],[0.6096,44.1999],[0.6131,44.1829],[0.6144,44.1712],[0.6197,44.1633],[0.6284,44.1579],[0.64,44.1487],[0.6474,44.1449],[0.6524,44.1473],[0.664,44.157],[0.6716,44.1619],[0.6823,44.1613],[0.7045,44.1568],[0.7133,44.1576],[0.72,44.1554],[0.7319,44.1535],[0.744,44.1477],[0.7516,44.1433],[0.7626,44.1392],[0.7678,44.14],[0.7827,44.1432],[0.7878,44.1429],[0.7923,44.1386],[0.7966,44.1312],[0.809,44.1241],[0.8274,44.1216],[0.8334,44.1187],[0.8383,44.1039],[0.8459,44.096],[0.8634,44.0942],[0.8759,44.0906],[0.8893,44.0829],[0.9085,44.0667],[0.9199,44.0686],[0.9246,44.0692],[0.9299,44.0689],[0.9396,44.0708],[0.9422,44.073],[0.9463,44.0747],[0.9493,44.0745],[0.9591,44.0743],[0.9692,44.0758],[0.9807,44.0811],[0.991,44.0866],[0.9975,44.0879],[1.0176,44.0907],[1.0235,44.0933],[1.0354,44.089],[1.0368,44.0872]]]},"properties":{"code":78,"nom":"Coteaux molassiques Centre Aquitaine","code_her1":14,"nom_her1":"COTEAUX AQUITAINS"}},{"type":"Feature","geometry":{"type":"Polygon","coordinates":[[[2.908,46.7638],[2.9208,46.7532],[2.9208,46.7531],[2.9208,46.7531],[2.9231,46.746],[2.9266,46.7351],[2.9259,46.7223],[2.9142,46.7119],[2.9122,46.7067],[2.9122,46.7066],[2.9122,46.7066],[2.9122,46.7066],[2.9122,46.7066],[2.9186,46.7044],[2.9395,46.698],[2.9395,46.698],[2.966,46.6953],[2.966,46.6953],[2.966,46.6953],[2.966,46.6953],[2.966,46.6953],[2.966,46.6953],[2.966,46.6953],[2.966,46.6953],[2.9845,46.7089],[2.9845,46.709],[2.9845,46.709],[2.9845,46.709],[2.9845,46.709],[2.9845,46.709],[2.9845,46.709],[2.9998,46.7088],[2.9998,46.7088],[2.9998,46.7088],[2.9998,46.7088],[3.0217,46.7224],[3.0217,46.7224],[3.0217,46.7224],[3.0217,46.7224],[3.0217,46.7224],[3.0217,46.7224],[3.0217,46.7224],[3.0217,46.7224],[3.0217,46.7223],[3.0212,46.7211],[3.0186,46.6967],[3.0209,46.6913],[3.0209,46.6913],[3.0209,46.6913],[3.0334,46.681],[3.0458,46.6718],[3.0458,46.6718],[3.0458,46.6718],[3.0458,46.6718],[3.0458,46.6718],[3.0458,46.6718],[3.0812,46.674],[3.0812,46.674],[3.0812,46.674],[3.0812,46.674],[3.1012,46.6636],[3.1012,46.6636],[3.1012,46.6636],[3.1012,46.6636],[3.1201,46.6634],[3.1201,46.6634],[3.1201,46.6634],[3.1201,46.6634],[3.1201,46.6634],[3.1201,46.6634],[3.1201,46.6634],[3.1371,46.6636],[3.1371,46.6636],[3.1371,46.6636],[3.1442,46.6638],[3.1442,46.6638],[3.1442,46.6638],[3.1571,46.6603],[3.1672,46.6556],[3.1672,46.6556],[3.1672,46.6556],[3.1672,46.6556],[3.1672,46.6556],[3.1717,46.6455],[3.1715,46.6373],[3.1696,46.6313],[3.1526,46.6007],[3.1485,46.5911],[3.1545,46.5813],[3.1592,46.5666],[3.1602,46.5459],[3.1609,46.5367],[3.1609,46.5367],[3.1609,46.5367],[3.1609,46.5367],[3.1609,46.5367],[3.1609,46.5367],[3.1609,46.5367],[3.1609,46.5367],[3.1609,46.5367],[3.1609,46.5367],[3.1715,46.5363],[3.1715,46.5363],[3.1715,46.5363],[3.1715,46.5363],[3.2153,46.5528],[3.2153,46.5528],[3.2153,46.5528],[3.216,46.5556],[3.216,46.5557],[3.216,46.5557],[3.216,46.5557],[3.2234,46.5557],[3.2234,46.5557],[3.2234,46.5557],[3.2234,46.5557],[3.2329,46.5513],[3.2329,46.5513],[3.2329,46.5513],[3.2447,46.5379],[3.2447,46.5379],[3.2447,46.5379],[3.248,46.5184],[3.2495,46.5069],[3.2486,46.4964],[3.2467,46.4869],[3.2384,46.4726],[3.2412,46.4605],[3.2443,46.4437],[3.2443,46.4437],[3.2443,46.4437],[3.257,46.4317],[3.2617,46.4261],[3.2617,46.4261],[3.2617,46.4261],[3.2563,46.3976],[3.2539,46.3741],[3.2502,46.353],[3.2475,46.346],[3.2437,46.339],[3.237,46.3286],[3.232,46.323],[3.2258,46.3164],[3.2181,46.3109],[3.2129,46.3051],[3.2088,46.3004],[3.2081,46.2835],[3.202,46.2683],[3.202,46.2683],[3.202,46.2683],[3.2191,46.2505],[3.2191,46.2505],[3.2191,46.2504],[3.2093,46.2413],[3.209,46.2372],[3.2089,46.2355],[3.2069,46.2294],[3.2034,46.2206],[3.2052,46.2148],[3.2045,46.2099],[3.2044,46.2047],[3.2044,46.2047],[3.2044,46.2047],[3.208,46.201],[3.2129,46.1967],[3.2129,46.1967],[3.2129,46.1967],[3.2126,46.1926],[3.2119,46.1876],[3.2037,46.1813],[3.1984,46.1761],[3.1992,46.1734],[3.2021,46.1686],[3.202,46.162],[3.202,46.162],[3.202,46.162],[3.2061,46.1591],[3.2061,46.1591],[3.2061,46.1591],[3.2061,46.1591],[3.2061,46.1591],[3.2119,46.1544],[3.2119,46.1427],[3.2115,46.1314],[3.2029,46.1176],[3.1977,46.1055],[3.1891,46.0965],[3.1987,46.094],[3.1984,46.0772],[3.1853,46.0494],[3.203,46.0353],[3.1572,46.0026],[3.135,45.9939],[3.1305,45.9785],[3.0922,45.9509],[3.0786,45.9204],[3.0675,45.9137],[3.0626,45.8925],[3.0602,45.8947],[3.0431,45.9109],[3.0462,45.9289],[3.0122,45.954],[3.0084,45.9569],[2.9555,45.9756],[2.9332,45.9835],[2.8896,45.9777],[2.8853,45.9771],[2.8394,45.9566],[2.8385,45.9494],[2.8366,45.9344],[2.8457,45.9165],[2.832,45.9047],[2.8302,45.892],[2.8288,45.8825],[2.8282,45.8623],[2.8278,45.8505],[2.8163,45.8357],[2.7948,45.8442],[2.7859,45.8514],[2.7838,45.8531],[2.77,45.8688],[2.7668,45.8732],[2.7614,45.8808],[2.7487,45.8707],[2.7297,45.8622],[2.687,45.8712],[2.6658,45.8829],[2.6494,45.892],[2.6253,45.9102],[2.6069,45.9242],[2.5693,45.9538],[2.5569,45.9635],[2.5452,45.9605],[2.5175,45.9534],[2.4669,45.9584],[2.4002,45.9251],[2.392,45.9087],[2.3873,45.8993],[2.3609,45.8941],[2.352,45.8701],[2.3425,45.8491],[2.3313,45.841],[2.3234,45.8303],[2.3218,45.829],[2.3126,45.8214],[2.2942,45.8353],[2.294,45.8355],[2.2886,45.8369],[2.2702,45.8419],[2.2411,45.8493],[2.1909,45.8566],[2.1565,45.8607],[2.1526,45.8612],[2.1116,45.8676],[2.0204,45.872],[2.0031,45.8698],[1.9643,45.8651],[1.8887,45.8756],[1.8828,45.8764],[1.8713,45.871],[1.878,45.8432],[1.8839,45.835],[1.8979,45.8152],[1.9001,45.7835],[1.901,45.771],[1.9267,45.7374],[1.935,45.701],[1.9396,45.6905],[1.938,45.6881],[1.9293,45.6755],[1.9122,45.6759],[1.905,45.675],[1.8896,45.6716],[1.8728,45.6693],[1.8584,45.654],[1.8459,45.6397],[1.8258,45.6239],[1.8625,45.5927],[1.8909,45.611],[1.9055,45.6025],[1.8791,45.567],[1.8442,45.5703],[1.8425,45.5385],[1.8425,45.5385],[1.8425,45.5385],[1.8505,45.4911],[1.819,45.4837],[1.8256,45.4638],[1.7919,45.4598],[1.7885,45.4446],[1.7706,45.4357],[1.7691,45.4065],[1.7208,45.386],[1.7211,45.3582],[1.6996,45.3466],[1.6712,45.3211],[1.693,45.2959],[1.6772,45.2705],[1.6484,45.2779],[1.6273,45.2487],[1.5845,45.2269],[1.5797,45.1838],[1.5531,45.1671],[1.6,45.1408],[1.5898,45.104],[1.5664,45.1004],[1.563,45.1122],[1.5552,45.1214],[1.5403,45.1252],[1.5271,45.1206],[1.5242,45.1163],[1.5313,45.0989],[1.5391,45.0895],[1.5285,45.0803],[1.5007,45.0853],[1.5007,45.0865],[1.4738,45.0967],[1.4435,45.1003],[1.4157,45.1028],[1.3804,45.1183],[1.3626,45.1221],[1.3002,45.1219],[1.2759,45.1243],[1.2717,45.1266],[1.2487,45.1393],[1.2289,45.1466],[1.2147,45.1477],[1.1784,45.1496],[1.1576,45.1621],[1.1517,45.1762],[1.1623,45.1879],[1.1654,45.1962],[1.1697,45.2244],[1.1391,45.2428],[1.1247,45.2576],[1.1214,45.2702],[1.1318,45.2977],[1.1313,45.3163],[1.1257,45.3263],[1.1058,45.336],[1.0664,45.3491],[1.0661,45.3502],[1.0507,45.3611],[1.0497,45.3671],[1.058,45.3804],[1.0397,45.3895],[1.0202,45.3878],[0.9999,45.4062],[0.9901,45.4093],[0.969,45.4067],[0.9487,45.4223],[0.9333,45.4284],[0.9066,45.4308],[0.8903,45.433],[0.878,45.4354],[0.8744,45.4362],[0.8496,45.4436],[0.8495,45.445],[0.8314,45.4558],[0.8299,45.4567],[0.7685,45.4931],[0.742,45.5016],[0.742,45.5002],[0.7196,45.498],[0.6996,45.5081],[0.6782,45.5196],[0.6735,45.5237],[0.6544,45.5407],[0.6311,45.5677],[0.6114,45.6101],[0.6016,45.6299],[0.5762,45.6407],[0.5523,45.6441],[0.5386,45.6467],[0.5369,45.6476],[0.5354,45.6574],[0.5562,45.6648],[0.56,45.6684],[0.5599,45.6888],[0.5534,45.7048],[0.5158,45.7218],[0.5065,45.7261],[0.497,45.747],[0.4996,45.7647],[0.5126,45.782],[0.5146,45.782],[0.5564,45.8175],[0.5706,45.8302],[0.5733,45.8347],[0.5772,45.8445],[0.5794,45.8624],[0.5798,45.9114],[0.5882,45.9186],[0.6027,45.9311],[0.6052,45.9366],[0.6146,45.9633],[0.61,45.9786],[0.5866,45.999],[0.585,45.9989],[0.5789,46.0266],[0.5686,46.0462],[0.5674,46.056],[0.5766,46.0595],[0.6017,46.0527],[0.6102,46.0567],[0.6058,46.0768],[0.6039,46.0768],[0.5932,46.0993],[0.5923,46.1158],[0.6029,46.1267],[0.6049,46.1276],[0.6311,46.1329],[0.6464,46.1475],[0.6579,46.1609],[0.6596,46.1609],[0.6716,46.169],[0.6767,46.1615],[0.6829,46.1546],[0.685,46.1473],[0.6859,46.1437],[0.6843,46.1235],[0.6867,46.1167],[0.6947,46.1115],[0.7182,46.1227],[0.7192,46.1329],[0.7209,46.149],[0.7273,46.1567],[0.7294,46.1723],[0.7483,46.1807],[0.7502,46.1992],[0.764,46.2144],[0.7814,46.217],[0.7927,46.2287],[0.8119,46.2301],[0.8046,46.2468],[0.8267,46.2662],[0.8395,46.256],[0.8621,46.2516],[0.8602,46.2614],[0.838,46.2802],[0.816,46.2915],[0.7909,46.2935],[0.7751,46.3187],[0.7806,46.3323],[0.794,46.3323],[0.812,46.3424],[0.8343,46.3384],[0.8688,46.3461],[0.9017,46.3582],[0.9027,46.3585],[0.9251,46.3258],[0.9401,46.3267],[0.9535,46.3358],[0.9626,46.3356],[0.9758,46.3387],[0.9838,46.3635],[0.996,46.3678],[1.0119,46.3674],[1.0302,46.3705],[1.0424,46.3863],[1.0538,46.3957],[1.0489,46.414],[1.0657,46.4247],[1.072,46.4428],[1.1186,46.4548],[1.1491,46.4378],[1.1628,46.4229],[1.1609,46.4149],[1.1765,46.4068],[1.2043,46.3967],[1.23,46.3903],[1.2563,46.3897],[1.2696,46.3904],[1.2685,46.3926],[1.2653,46.399],[1.2545,46.4169],[1.2565,46.416],[1.2582,46.4152],[1.2648,46.4233],[1.281,46.4392],[1.297,46.4468],[1.3159,46.4602],[1.3311,46.4611],[1.3444,46.4574],[1.3903,46.4807],[1.4247,46.5133],[1.4292,46.5174],[1.4436,46.5112],[1.4565,46.5007],[1.4708,46.498],[1.4845,46.4917],[1.4914,46.4904],[1.5042,46.491],[1.4968,46.496],[1.5082,46.4912],[1.5307,46.4886],[1.5369,46.5041],[1.5588,46.5096],[1.5685,46.5141],[1.5997,46.5214],[1.6259,46.522],[1.6552,46.5152],[1.725,46.5387],[1.7385,46.5454],[1.7471,46.5477],[1.7852,46.5659],[1.8053,46.5704],[1.8269,46.5787],[1.8513,46.5824],[1.8748,46.5842],[1.9251,46.5988],[1.9594,46.6013],[1.9831,46.603],[1.9995,46.5989],[2.0183,46.5771],[2.0393,46.5668],[2.051,46.5755],[2.0668,46.5772],[2.0858,46.5686],[2.1073,46.5646],[2.1333,46.5653],[2.1567,46.5647],[2.1768,46.5711],[2.1869,46.574],[2.2003,46.5775],[2.2406,46.5787],[2.2699,46.5897],[2.2909,46.6007],[2.3001,46.6088],[2.3027,46.6178],[2.327,46.6291],[2.3421,46.6285],[2.3673,46.6296],[2.4118,46.6354],[2.4303,46.6428],[2.4519,46.6429],[2.4519,46.6429],[2.4907,46.6428],[2.5192,46.6335],[2.5377,46.6387],[2.5497,46.6384],[2.5497,46.6373],[2.562,46.6277],[2.5818,46.6331],[2.5864,46.6443],[2.6084,46.6675],[2.6084,46.6675],[2.5935,46.7008],[2.5935,46.7008],[2.6355,46.712],[2.643,46.7021],[2.6918,46.7055],[2.7008,46.7119],[2.7054,46.7233],[2.713,46.7262],[2.7264,46.725],[2.7625,46.7116],[2.7807,46.7269],[2.7807,46.7269],[2.7787,46.7479],[2.7787,46.7479],[2.7965,46.7571],[2.8142,46.7622],[2.8394,46.761],[2.8612,46.7633],[2.8767,46.7874],[2.9079,46.7829],[2.9079,46.7829],[2.9079,46.7829],[2.9079,46.7829],[2.9079,46.7829],[2.9079,46.7829],[2.9082,46.7682],[2.9079,46.7638],[2.9079,46.7638],[2.908,46.7638]]]},"properties":{"code":92,"nom":"MC Plateau Limousin","code_her1":21,"nom_her1":"MASSIF CENTRAL NORD"}},{"type":"Feature","geometry":{"type":"Polygon","coordinates":[[[-0.2287,47.0203],[-0.1418,46.9919],[-0.1418,46.9919],[-0.096,46.9962],[-0.0576,46.9813],[-0.054,46.9004],[-0.0185,46.8393],[0.0148,46.7894],[0.1327,46.7873],[0.1749,46.7555],[0.2773,46.7292],[0.3401,46.7113],[0.4548,46.7042],[0.5373,46.6786],[0.6245,46.6597],[0.6959,46.6214],[0.6631,46.5737],[0.7852,46.5788],[0.8328,46.6255],[0.89,46.7431],[0.9724,46.7183],[1.0249,46.7077],[1.0301,46.7138],[1.0301,46.7138],[1.1208,46.6953],[1.1039,46.641],[1.0994,46.6367],[1.0922,46.6242],[1.0751,46.5991],[1.1639,46.5622],[1.2101,46.5755],[1.1875,46.5524],[1.2054,46.5369],[1.2295,46.5468],[1.2384,46.5379],[1.233,46.5189],[1.233,46.5189],[1.2822,46.5194],[1.3474,46.505],[1.3935,46.5164],[1.4247,46.5133],[1.3903,46.4807],[1.3444,46.4574],[1.3311,46.4611],[1.3159,46.4602],[1.297,46.4468],[1.281,46.4392],[1.2648,46.4233],[1.2582,46.4152],[1.2565,46.416],[1.2545,46.4169],[1.2435,46.4223],[1.237,46.4254],[1.2262,46.415],[1.2159,46.4266],[1.2086,46.4232],[1.2192,46.4036],[1.2044,46.4059],[1.2005,46.4306],[1.1837,46.4288],[1.1676,46.4374],[1.1651,46.4631],[1.1749,46.4834],[1.1764,46.5126],[1.1623,46.5372],[1.0649,46.5314],[0.9975,46.5236],[0.9651,46.5133],[0.9201,46.5128],[0.8979,46.5026],[0.8877,46.4983],[0.8716,46.4924],[0.8589,46.4828],[0.889,46.3973],[0.9244,46.3724],[0.9027,46.3585],[0.9017,46.3582],[0.8688,46.3461],[0.8578,46.401],[0.8463,46.4032],[0.8072,46.3836],[0.7682,46.3868],[0.759,46.3778],[0.7381,46.3734],[0.7238,46.3704],[0.6994,46.37],[0.6617,46.3532],[0.6337,46.3182],[0.574,46.3223],[0.5099,46.3036],[0.4908,46.2637],[0.5161,46.2387],[0.4623,46.2053],[0.4278,46.1766],[0.432,46.1446],[0.4299,46.1444],[0.4084,46.0802],[0.4389,46.0323],[0.4875,46.0],[0.4908,45.954],[0.5259,45.9179],[0.5297,45.905],[0.5186,45.88],[0.511,45.8551],[0.4334,45.8206],[0.44,45.7996],[0.4409,45.7794],[0.4198,45.7555],[0.3982,45.7444],[0.4319,45.7195],[0.4819,45.7093],[0.5065,45.7261],[0.5065,45.7261],[0.5158,45.7218],[0.5534,45.7048],[0.5599,45.6888],[0.56,45.6684],[0.5562,45.6648],[0.5354,45.6574],[0.5369,45.6476],[0.5386,45.6467],[0.5523,45.6441],[0.5762,45.6407],[0.6016,45.6299],[0.6114,45.6101],[0.6311,45.5677],[0.6544,45.5407],[0.6735,45.5237],[0.6637,45.5201],[0.5858,45.4732],[0.4783,45.5173],[0.3413,45.5574],[0.3175,45.6285],[0.2015,45.6665],[0.1268,45.6406],[0.1197,45.6132],[0.035,45.5313],[-0.0039,45.5374],[-0.1199,45.5055],[-0.2083,45.4625],[-0.3214,45.4059],[-0.3723,45.3794],[-0.4,45.3477],[-0.4232,45.3357],[-0.4724,45.3529],[-0.5287,45.3509],[-0.546,45.3683],[-0.5797,45.3553],[-0.5936,45.325],[-0.701,45.276],[-0.7049,45.2933],[-0.706,45.297],[-0.7084,45.3036],[-0.7129,45.3182],[-0.7146,45.3203],[-0.7156,45.3216],[-0.7185,45.3281],[-0.7179,45.3309],[-0.7186,45.3338],[-0.7214,45.3405],[-0.7237,45.3477],[-0.7245,45.3515],[-0.7265,45.3562],[-0.7273,45.3594],[-0.7285,45.3623],[-0.7326,45.3736],[-0.7347,45.3797],[-0.7364,45.3845],[-0.7389,45.3901],[-0.742,45.3973],[-0.7413,45.399],[-0.7445,45.4035],[-0.7464,45.4069],[-0.7483,45.4102],[-0.7496,45.4145],[-0.7532,45.4173],[-0.7554,45.4243],[-0.7604,45.4288],[-0.7635,45.4333],[-0.7663,45.4391],[-0.7676,45.4413],[-0.7708,45.4438],[-0.7711,45.4455],[-0.7748,45.4503],[-0.7784,45.4479],[-0.7881,45.4578],[-0.793,45.4637],[-0.7992,45.4707],[-0.8029,45.4743],[-0.8088,45.4722],[-0.8201,45.4813],[-0.8285,45.4884],[-0.8206,45.4919],[-0.829,45.4955],[-0.8376,45.5002],[-0.8424,45.5038],[-0.8469,45.5062],[-0.8468,45.5075],[-0.8475,45.5091],[-0.8499,45.5104],[-0.855,45.5124],[-0.8552,45.5133],[-0.8575,45.5135],[-0.8577,45.5146],[-0.8596,45.5154],[-0.863,45.5158],[-0.8655,45.5146],[-0.872,45.5167],[-0.8773,45.5196],[-0.8786,45.5208],[-0.8772,45.5217],[-0.8785,45.524],[-0.8811,45.526],[-0.8836,45.5272],[-0.8867,45.5291],[-0.8923,45.5313],[-0.8938,45.5303],[-0.8963,45.5285],[-0.9034,45.5314],[-0.9105,45.5346],[-0.9098,45.536],[-0.9076,45.5362],[-0.9071,45.5381],[-0.9088,45.5411],[-0.9133,45.5469],[-0.9164,45.5501],[-0.9195,45.5514],[-0.9231,45.5506],[-0.9247,45.5512],[-0.9249,45.5525],[-0.9269,45.5541],[-0.929,45.5554],[-0.9329,45.5572],[-0.9368,45.5563],[-0.9398,45.5569],[-0.9427,45.5566],[-0.9427,45.5555],[-0.9434,45.553],[-0.9446,45.5514],[-0.948,45.5516],[-0.9632,45.5565],[-0.9664,45.5601],[-0.9678,45.5615],[-0.9709,45.5607],[-0.9728,45.5638],[-0.9727,45.5668],[-0.9758,45.5677],[-0.979,45.5694],[-0.9834,45.571],[-0.9839,45.5763],[-0.987,45.5758],[-0.9882,45.5765],[-0.9921,45.5761],[-0.9939,45.5788],[-0.9913,45.5801],[-0.9897,45.583],[-0.9897,45.5859],[-0.9918,45.5926],[-0.9952,45.5989],[-1.0001,45.6008],[-1.0021,45.5994],[-1.0088,45.5975],[-1.0127,45.5997],[-1.0156,45.6033],[-1.0092,45.6073],[-1.0097,45.6109],[-1.0138,45.6157],[-1.0219,45.6221],[-1.0254,45.6232],[-1.0282,45.623],[-1.0294,45.6211],[-1.0309,45.6185],[-1.0357,45.6175],[-1.0425,45.6173],[-1.0492,45.6201],[-1.0571,45.6245],[-1.0617,45.6262],[-1.0675,45.6303],[-1.0768,45.6346],[-1.0878,45.6382],[-1.0878,45.6382],[-1.0741,45.6476],[-1.0706,45.6632],[-1.0713,45.6641],[-1.1222,45.6954],[-1.1529,45.7139],[-1.1627,45.7322],[-1.1591,45.7517],[-1.1436,45.7696],[-1.1297,45.7732],[-1.1226,45.7818],[-1.1278,45.7831],[-1.1354,45.7885],[-1.144,45.7961],[-1.1434,45.797],[-1.1433,45.7971],[-1.1342,45.8027],[-1.1354,45.8136],[-1.1381,45.8206],[-1.1399,45.8223],[-1.1417,45.8252],[-1.1463,45.8263],[-1.1498,45.8294],[-1.1527,45.8316],[-1.1504,45.8355],[-1.1542,45.8374],[-1.1566,45.8405],[-1.1585,45.8416],[-1.164,45.8421],[-1.1686,45.8445],[-1.1704,45.8495],[-1.1697,45.8509],[-1.1649,45.8502],[-1.1646,45.8517],[-1.1693,45.8538],[-1.1753,45.857],[-1.174,45.8577],[-1.1576,45.8546],[-1.1527,45.8521],[-1.1508,45.8538],[-1.1515,45.856],[-1.1582,45.8595],[-1.1598,45.8628],[-1.1498,45.8649],[-1.1381,45.8613],[-1.1305,45.8592],[-1.1232,45.8578],[-1.1176,45.8619],[-1.1082,45.8687],[-1.1034,45.8747],[-1.1019,45.8786],[-1.1003,45.8815],[-1.0943,45.8871],[-1.0866,45.8952],[-1.0816,45.8998],[-1.0785,45.905],[-1.077,45.9068],[-1.0751,45.914],[-1.0758,45.9216],[-1.0755,45.926],[-1.0772,45.9287],[-1.0785,45.9374],[-1.0876,45.939],[-1.0926,45.9409],[-1.0982,45.9417],[-1.1012,45.9454],[-1.097,45.9497],[-1.0854,45.9499],[-1.0787,45.9501],[-1.0708,45.9499],[-1.0661,45.9505],[-1.067,45.9548],[-1.0708,45.9552],[-1.0762,45.9581],[-1.0825,45.965],[-1.0837,45.9713],[-1.0844,45.9793],[-1.0913,45.9813],[-1.0971,45.9835],[-1.0989,45.9858],[-1.0989,45.9878],[-1.0998,45.9902],[-1.1028,45.9906],[-1.1069,45.9944],[-1.1105,45.999],[-1.116,46.0015],[-1.1189,46.0008],[-1.1224,46.0029],[-1.1195,46.0038],[-1.1154,46.0032],[-1.1122,46.002],[-1.1081,46.0002],[-1.1047,45.9967],[-1.0987,45.9965],[-1.0965,45.9924],[-1.0917,45.9926],[-1.0874,45.9949],[-1.0819,45.9968],[-1.0731,45.9966],[-1.0652,45.9949],[-1.0632,45.9949],[-1.0564,45.9997],[-1.0538,46.0034],[-1.0536,46.0124],[-1.0578,46.0162],[-1.0597,46.0185],[-1.0622,46.0266],[-1.0617,46.0292],[-1.0574,46.0302],[-1.056,46.0342],[-1.0636,46.0474],[-1.0692,46.0502],[-1.0785,46.0534],[-1.0838,46.0528],[-1.0895,46.0534],[-1.0904,46.0585],[-1.0937,46.0621],[-1.0937,46.0711],[-1.0947,46.0776],[-1.0979,46.0831],[-1.0999,46.0896],[-1.1019,46.0943],[-1.1041,46.0946],[-1.1096,46.0978],[-1.1142,46.1017],[-1.121,46.1026],[-1.1243,46.1008],[-1.1324,46.1018],[-1.1337,46.1034],[-1.1391,46.1041],[-1.1413,46.1035],[-1.1443,46.1058],[-1.144,46.1092],[-1.1406,46.1107],[-1.1327,46.1097],[-1.1256,46.1112],[-1.1247,46.1145],[-1.1248,46.118],[-1.1267,46.1235],[-1.1292,46.1272],[-1.1343,46.1261],[-1.142,46.126],[-1.1472,46.1271],[-1.1497,46.1302],[-1.1515,46.1338],[-1.1545,46.1369],[-1.1606,46.1371],[-1.1623,46.1366],[-1.1668,46.1379],[-1.1755,46.1379],[-1.1724,46.1404],[-1.1735,46.146],[-1.1673,46.148],[-1.1619,46.149],[-1.1608,46.1524],[-1.1606,46.1541],[-1.1622,46.1552],[-1.1645,46.1553],[-1.1749,46.1524],[-1.186,46.1529],[-1.1865,46.1511],[-1.2062,46.1454],[-1.2122,46.1472],[-1.2205,46.1471],[-1.2292,46.1495],[-1.2317,46.1515],[-1.224,46.1547],[-1.2263,46.1574],[-1.2268,46.1593],[-1.2323,46.157],[-1.229,46.1639],[-1.2222,46.1677],[-1.2205,46.1693],[-1.22,46.1715],[-1.2212,46.1749],[-1.2194,46.1798],[-1.2169,46.1833],[-1.2077,46.185],[-1.2035,46.1892],[-1.1999,46.1947],[-1.201,46.1961],[-1.2003,46.1994],[-1.2019,46.2009],[-1.2048,46.2012],[-1.2079,46.2034],[-1.2045,46.2085],[-1.1999,46.2132],[-1.1947,46.2154],[-1.1896,46.217],[-1.184,46.222],[-1.1746,46.2227],[-1.1693,46.2275],[-1.1625,46.231],[-1.1594,46.2357],[-1.1538,46.2371],[-1.1501,46.238],[-1.1475,46.2414],[-1.1452,46.2424],[-1.1431,46.2468],[-1.1419,46.2528],[-1.1396,46.2545],[-1.1303,46.2537],[-1.1193,46.2619],[-1.1129,46.2609],[-1.112,46.2619],[-1.1146,46.2707],[-1.1173,46.2771],[-1.1187,46.2798],[-1.1211,46.2856],[-1.1243,46.2942],[-1.121,46.2957],[-1.1227,46.2983],[-1.1232,46.3013],[-1.1272,46.3019],[-1.1278,46.308],[-1.125,46.3102],[-1.1194,46.3161],[-1.1209,46.3171],[-1.1247,46.3167],[-1.1302,46.3136],[-1.1308,46.311],[-1.1374,46.3113],[-1.1409,46.3113],[-1.1489,46.317],[-1.1637,46.3234],[-1.1675,46.3194],[-1.1861,46.318],[-1.2023,46.3138],[-1.1955,46.3007],[-1.2004,46.2953],[-1.2069,46.2886],[-1.2083,46.2791],[-1.2074,46.2763],[-1.2027,46.2682],[-1.2054,46.2665],[-1.2091,46.2671],[-1.2163,46.2723],[-1.2205,46.273],[-1.2288,46.2776],[-1.231,46.2767],[-1.2479,46.2903],[-1.2637,46.2986],[-1.2807,46.3095],[-1.2871,46.3115],[-1.2857,46.3137],[-1.2947,46.3204],[-1.296,46.3226],[-1.2997,46.326],[-1.3076,46.331],[-1.312,46.3323],[-1.316,46.3305],[-1.3122,46.3272],[-1.3062,46.3215],[-1.3013,46.3154],[-1.2974,46.307],[-1.2926,46.3027],[-1.2835,46.2945],[-1.2817,46.2925],[-1.2809,46.2875],[-1.2861,46.2881],[-1.2955,46.2891],[-1.2999,46.2929],[-1.305,46.2981],[-1.3092,46.3029],[-1.3115,46.3059],[-1.3141,46.3124],[-1.3171,46.3163],[-1.3281,46.328],[-1.3318,46.3306],[-1.3394,46.3327],[-1.3458,46.3359],[-1.3535,46.3394],[-1.3651,46.3435],[-1.3731,46.3443],[-1.3819,46.3412],[-1.3985,46.3403],[-1.404,46.341],[-1.4116,46.3442],[-1.4229,46.347],[-1.4292,46.3469],[-1.4379,46.3397],[-1.4431,46.3405],[-1.4488,46.3402],[-1.4523,46.3404],[-1.4588,46.3415],[-1.464,46.3419],[-1.469,46.3425],[-1.4711,46.3454],[-1.4759,46.3564],[-1.4781,46.3643],[-1.4804,46.3689],[-1.4834,46.3733],[-1.486,46.3765],[-1.487,46.3799],[-1.4891,46.3821],[-1.4946,46.3885],[-1.4953,46.3895],[-1.5001,46.3951],[-1.5052,46.3992],[-1.5082,46.4006],[-1.5138,46.4034],[-1.5195,46.4048],[-1.5234,46.405],[-1.5332,46.4084],[-1.5412,46.4092],[-1.5451,46.4083],[-1.5458,46.4067],[-1.5498,46.4051],[-1.5612,46.406],[-1.5677,46.4072],[-1.5835,46.4093],[-1.5884,46.4083],[-1.607,46.4124],[-1.6164,46.4121],[-1.6238,46.4128],[-1.6275,46.4139],[-1.6291,46.4174],[-1.6342,46.4181],[-1.6462,46.4191],[-1.6541,46.4215],[-1.6548,46.4245],[-1.6505,46.4253],[-1.6485,46.4274],[-1.6515,46.4284],[-1.6532,46.4282],[-1.6579,46.4319],[-1.6591,46.4338],[-1.6636,46.4343],[-1.667,46.4374],[-1.6724,46.4377],[-1.6802,46.4409],[-1.6802,46.4409],[-1.6756,46.443],[-1.6458,46.4562],[-1.6006,46.4548],[-1.5986,46.4631],[-1.5162,46.4653],[-1.4968,46.4694],[-1.5005,46.4614],[-1.4883,46.4574],[-1.4508,46.4573],[-1.4371,46.4528],[-1.4132,46.453],[-1.3932,46.4631],[-1.3876,46.4662],[-1.3696,46.4669],[-1.3604,46.4756],[-1.3582,46.4838],[-1.351,46.491],[-1.3348,46.5047],[-1.3331,46.505],[-1.3217,46.5158],[-1.2941,46.502],[-1.2719,46.5074],[-1.263,46.4985],[-1.2527,46.4964],[-1.2359,46.5073],[-1.2431,46.5297],[-1.2272,46.5273],[-1.1928,46.5383],[-1.177,46.5376],[-1.1438,46.5541],[-1.1191,46.5623],[-1.1081,46.5716],[-1.1068,46.5746],[-1.0898,46.5752],[-1.0715,46.5743],[-1.0751,46.5851],[-1.0634,46.5992],[-1.0488,46.6043],[-0.99,46.594],[-0.9662,46.5953],[-0.952,46.5883],[-0.9554,46.5646],[-0.949,46.5539],[-0.9138,46.5585],[-0.8943,46.5652],[-0.8764,46.5627],[-0.863,46.5618],[-0.8595,46.549],[-0.8339,46.5398],[-0.8199,46.5303],[-0.8448,46.5153],[-0.8491,46.5074],[-0.8292,46.5041],[-0.817,46.4946],[-0.8044,46.4947],[-0.784,46.4991],[-0.7119,46.4755],[-0.6957,46.4986],[-0.6741,46.5175],[-0.6205,46.5093],[-0.5803,46.5103],[-0.527,46.4857],[-0.4828,46.4887],[-0.464,46.4808],[-0.4549,46.4404],[-0.4295,46.463],[-0.4107,46.473],[-0.4072,46.4675],[-0.3961,46.4821],[-0.3835,46.488],[-0.3643,46.482],[-0.3058,46.4669],[-0.2943,46.4373],[-0.2517,46.4469],[-0.2514,46.4478],[-0.2313,46.4321],[-0.2094,46.4492],[-0.2041,46.4518],[-0.1976,46.4551],[-0.1933,46.4646],[-0.1932,46.4898],[-0.1822,46.4779],[-0.1727,46.4805],[-0.1222,46.4884],[-0.0809,46.4879],[-0.0651,46.486],[-0.0521,46.4895],[-0.0442,46.4938],[-0.0378,46.5135],[-0.0003,46.5258],[-0.0425,46.5515],[-0.0589,46.5627],[-0.0953,46.5897],[-0.1294,46.6127],[-0.1327,46.6294],[-0.1399,46.641],[-0.1378,46.6495],[-0.127,46.6531],[-0.1165,46.6416],[-0.1116,46.6633],[-0.1189,46.6782],[-0.1253,46.6948],[-0.1379,46.7142],[-0.1417,46.724],[-0.1498,46.7359],[-0.1484,46.7414],[-0.1602,46.7526],[-0.1641,46.7665],[-0.1587,46.792],[-0.1414,46.7941],[-0.1598,46.8067],[-0.1853,46.8091],[-0.2329,46.8173],[-0.2234,46.8376],[-0.2071,46.8341],[-0.1965,46.8555],[-0.2024,46.8795],[-0.2037,46.9063],[-0.2207,46.9011],[-0.239,46.9076],[-0.2565,46.9275],[-0.2647,46.9145],[-0.278,46.9242],[-0.2678,46.9382],[-0.2684,46.9521],[-0.2624,46.9625],[-0.235,46.9678],[-0.2139,46.9768],[-0.2408,46.9904],[-0.2381,47.0104],[-0.2357,47.0289],[-0.2287,47.0203]]]},"properties":{"code":97,"nom":"TC - Charentes Poitou","code_her1":9,"nom_her1":"TABLES CALCAIRES"}},{"type":"Feature","geometry":{"type":"Polygon","coordinates":[[[3.1526,42.4783],[3.1634,42.4546],[3.1815,42.4358],[3.1264,42.439],[3.0872,42.4271],[3.0496,42.4695],[3.0371,42.4733],[3.0215,42.4668],[3.0042,42.4726],[2.9915,42.4699],[2.9713,42.4691],[2.9461,42.4795],[2.932,42.4783],[2.9243,42.4572],[2.8837,42.4614],[2.8738,42.4659],[2.8636,42.4547],[2.8472,42.4566],[2.8132,42.4349],[2.7756,42.4124],[2.7559,42.4271],[2.7273,42.4242],[2.6767,42.4077],[2.6725,42.3885],[2.6588,42.387],[2.6622,42.3764],[2.669,42.369],[2.6791,42.3452],[2.6241,42.3455],[2.5929,42.3574],[2.5635,42.3577],[2.543,42.3355],[2.509,42.3454],[2.4826,42.3393],[2.4784,42.3512],[2.4544,42.369],[2.5687,42.4137],[2.5835,42.4278],[2.6309,42.4522],[2.682,42.4641],[2.7314,42.4756],[2.796,42.4761],[2.8838,42.5116],[2.9686,42.5181],[3.0438,42.5247],[3.124,42.4664],[3.1526,42.4783]]]},"properties":{"code":116,"nom":"Bordure Orientale des Pyrenees","code_her1":6,"nom_her1":"MEDITERRANEEN"}},{"type":"Feature","geometry":{"type":"Polygon","coordinates":[[[6.1588,43.7101],[6.2034,43.7467],[6.2233,43.7489],[6.2355,43.7677],[6.2669,43.7802],[6.3166,43.7695],[6.3515,43.7794],[6.3924,43.7869],[6.469,43.7384],[6.5597,43.72],[6.6212,43.7221],[6.6225,43.7465],[6.7351,43.8073],[6.9003,43.8242],[6.9717,43.8317],[7.0527,43.8272],[7.1204,43.8224],[7.1716,43.8229],[7.1979,43.8606],[7.192,43.8499],[7.1719,43.8211],[7.1631,43.7574],[7.0965,43.7332],[7.0321,43.7151],[6.9618,43.707],[6.8866,43.6585],[6.7598,43.6847],[6.7303,43.6551],[6.6872,43.6458],[6.6464,43.6487],[6.5832,43.6185],[6.5266,43.6053],[6.4398,43.576],[6.2979,43.5909],[6.1652,43.6419],[6.1576,43.6533],[6.165,43.7013],[6.1588,43.7101]]]},"properties":{"code":17,"nom":"Plateaux calcaires de Provence","code_her1":7,"nom_her1":"PREALPES DU SUD"}},{"type":"Feature","geometry":{"type":"Polygon","coordinates":[[[5.8438,48.594],[5.8383,48.6333],[5.8317,48.6691],[5.8456,48.6825],[5.8795,48.6772],[5.8934,48.6959],[5.8499,48.7026],[5.8513,48.722],[5.8269,48.7338],[5.7803,48.7255],[5.7814,48.7421],[5.7287,48.7685],[5.6882,48.7904],[5.6431,48.8056],[5.636,48.8251],[5.6653,48.8575],[5.7234,48.8794],[5.7265,48.8946],[5.6561,48.8772],[5.6632,48.8982],[5.6829,48.9206],[5.6733,48.96],[5.6924,48.9853],[5.6827,48.9982],[5.6668,49.0228],[5.6327,49.0502],[5.6054,49.074],[5.5792,49.0911],[5.5698,49.1094],[5.5547,49.1374],[5.5111,49.1483],[5.495,49.1958],[5.4805,49.2349],[5.4538,49.2579],[5.4443,49.2759],[5.4469,49.2897],[5.4015,49.2937],[5.3832,49.3108],[5.3695,49.3313],[5.3443,49.3515],[5.3253,49.3732],[5.2994,49.3813],[5.2722,49.3986],[5.2427,49.4062],[5.2356,49.4368],[5.2588,49.4731],[5.3473,49.4324],[5.3887,49.4331],[5.4154,49.4232],[5.4901,49.3903],[5.559,49.3672],[5.6162,49.4086],[5.6967,49.3896],[5.7276,49.3625],[5.7429,49.354],[5.7393,49.3377],[5.7537,49.3313],[5.7668,49.3138],[5.7762,49.3008],[5.8069,49.2999],[5.8231,49.3305],[5.8983,49.3501],[5.9248,49.3269],[5.9439,49.2735],[5.9775,49.2315],[5.9768,49.2161],[6.0051,49.1879],[6.028,49.1835],[6.0396,49.1535],[6.0116,49.1436],[5.9961,49.1431],[5.9837,49.1401],[5.9744,49.1304],[5.9809,49.1137],[5.9237,49.0838],[5.8935,49.0652],[5.8881,49.0245],[5.8834,48.9948],[5.8336,48.9433],[5.8199,48.8954],[5.7846,48.8493],[5.7981,48.842],[5.9099,48.8347],[5.9499,48.7565],[5.9779,48.7287],[5.9589,48.6998],[5.9189,48.6867],[5.8947,48.6765],[5.8932,48.642],[5.9019,48.5917],[5.9188,48.5722],[5.9165,48.5522],[5.8728,48.5288],[5.8191,48.4845],[5.8022,48.4998],[5.7995,48.5195],[5.8423,48.5382],[5.854,48.5738],[5.8438,48.594]]]},"properties":{"code":27,"nom":"Plaine de Woevre","code_her1":10,"nom_her1":"COTES CALCAIRES EST"}},{"type":"Feature","geometry":{"type":"Polygon","coordinates":[[[4.1333,49.9288],[4.1377,49.9272],[4.1421,49.9299],[4.1553,49.9294],[4.181,49.9238],[4.2143,49.9208],[4.2429,49.9161],[4.2937,49.9039],[4.3059,49.8942],[4.3052,49.8934],[4.3199,49.8843],[4.3582,49.8857],[4.4019,49.8806],[4.4203,49.8749],[4.4391,49.8618],[4.4537,49.8576],[4.4697,49.8588],[4.4915,49.8555],[4.5148,49.8426],[4.5329,49.8373],[4.5599,49.8501],[4.5728,49.853],[4.5984,49.8494],[4.638,49.8301],[4.6801,49.8242],[4.7014,49.8135],[4.7024,49.8124],[4.7182,49.7931],[4.7334,49.7829],[4.7452,49.7787],[4.7604,49.7895],[4.7744,49.8038],[4.7883,49.8053],[4.8167,49.7908],[4.8568,49.7548],[4.8742,49.7514],[4.8981,49.764],[4.9231,49.7578],[4.9683,49.746],[4.9961,49.7496],[5.0081,49.7451],[5.043,49.7282],[5.0561,49.7274],[5.0838,49.7296],[5.1139,49.7209],[5.1248,49.714],[5.1415,49.7151],[5.1451,49.7095],[5.153,49.7189],[5.1622,49.7137],[5.1635,49.6948],[5.1625,49.6926],[5.1659,49.6914],[5.1917,49.6903],[5.2054,49.6918],[5.2151,49.6938],[5.2242,49.6887],[5.2361,49.6881],[5.2403,49.6863],[5.255,49.6843],[5.2682,49.6943],[5.2813,49.6904],[5.2898,49.6827],[5.3034,49.6752],[5.3133,49.6695],[5.321,49.6649],[5.3271,49.6612],[5.3302,49.6588],[5.3362,49.6529],[5.3267,49.6483],[5.3168,49.6396],[5.3067,49.6307],[5.3055,49.6251],[5.3193,49.609],[5.3238,49.6178],[5.3386,49.6186],[5.3481,49.6313],[5.3661,49.6275],[5.4129,49.6099],[5.416,49.6024],[5.4304,49.5932],[5.4417,49.5696],[5.4545,49.5659],[5.4441,49.5515],[5.4492,49.5467],[5.4669,49.5387],[5.4659,49.5226],[5.4525,49.5179],[5.4565,49.5133],[5.4618,49.5113],[5.4672,49.5087],[5.465,49.5025],[5.4665,49.4993],[5.4739,49.4969],[5.4808,49.4975],[5.4864,49.5066],[5.4979,49.5072],[5.5278,49.5087],[5.5336,49.5105],[5.5539,49.5286],[5.5625,49.5278],[5.5776,49.5264],[5.599,49.5197],[5.6055,49.5056],[5.6148,49.5058],[5.6193,49.5114],[5.6225,49.5149],[5.6174,49.5291],[5.6281,49.5401],[5.6423,49.5513],[5.6636,49.555],[5.6726,49.5484],[5.697,49.5396],[5.7128,49.5399],[5.7336,49.5462],[5.7567,49.5424],[5.7601,49.5598],[5.7795,49.5612],[5.82,49.5463],[5.8117,49.5429],[5.821,49.5369],[5.836,49.5409],[5.8456,49.5313],[5.842,49.5201],[5.8706,49.4997],[5.8893,49.497],[5.9401,49.4974],[5.9637,49.4936],[5.9709,49.4911],[5.9726,49.4876],[5.978,49.4724],[5.9848,49.4517],[6.0175,49.4537],[6.0294,49.456],[6.0393,49.4474],[6.0522,49.463],[6.0796,49.4637],[6.0868,49.4543],[6.1012,49.4511],[6.1076,49.4415],[6.0987,49.4366],[6.1018,49.4265],[6.1006,49.4147],[6.0858,49.3988],[6.0832,49.3865],[6.0907,49.375],[6.0802,49.3752],[6.0645,49.3618],[6.0527,49.3482],[6.0388,49.3338],[6.0855,49.3121],[6.0725,49.3046],[6.0903,49.2965],[6.1138,49.2779],[6.0948,49.2713],[6.0534,49.2632],[6.0789,49.2466],[6.1008,49.2368],[6.1055,49.2128],[6.0921,49.206],[6.0906,49.1964],[6.1106,49.2004],[6.1241,49.1998],[6.1144,49.195],[6.1111,49.1899],[6.0966,49.1842],[6.113,49.1634],[6.0875,49.1582],[6.1197,49.1382],[6.1313,49.1208],[6.1217,49.1177],[6.0893,49.1239],[6.0725,49.1222],[6.0781,49.1114],[6.0793,49.0978],[6.0749,49.085],[6.0517,49.085],[6.0619,49.0741],[6.0519,49.0664],[6.0449,49.0609],[6.0466,49.0464],[6.0487,49.0261],[6.0327,49.0225],[6.0406,49.0189],[6.0377,49.0132],[6.0339,49.0046],[6.0223,48.9918],[5.9974,48.9863],[6.0068,48.9678],[6.0066,48.9471],[5.9816,48.9412],[5.9967,48.9322],[6.0175,48.9422],[6.0232,48.9159],[5.9966,48.9039],[6.0264,48.8898],[6.0302,48.8644],[6.0775,48.8588],[6.121,48.8708],[6.181,48.8429],[6.2026,48.8482],[6.2296,48.8454],[6.2456,48.8169],[6.2664,48.7922],[6.3127,48.7657],[6.2753,48.751],[6.2282,48.7522],[6.2252,48.7304],[6.2303,48.7145],[6.1574,48.7079],[6.1562,48.691],[6.1398,48.6839],[6.1469,48.6704],[6.1738,48.6586],[6.1854,48.6345],[6.1762,48.6194],[6.1513,48.6151],[6.1087,48.6183],[6.0854,48.6218],[6.0589,48.6241],[6.0708,48.6139],[6.0907,48.6072],[6.0987,48.6019],[6.0967,48.5929],[6.0854,48.5923],[6.0605,48.5919],[6.046,48.5854],[6.0327,48.5814],[6.0314,48.5682],[6.0382,48.56],[6.0482,48.5523],[6.0403,48.5399],[6.0191,48.5418],[6.006,48.541],[5.9931,48.547],[5.9921,48.5324],[5.9936,48.5242],[5.9845,48.5189],[5.9739,48.5273],[5.9668,48.5315],[5.9677,48.5194],[5.9694,48.5077],[5.9634,48.5011],[5.9812,48.4859],[5.9559,48.4594],[5.9881,48.4401],[6.0123,48.4163],[6.012,48.4068],[5.9936,48.3983],[6.0045,48.3898],[5.9967,48.3679],[5.9812,48.3612],[5.9498,48.3707],[5.8705,48.3864],[5.8557,48.3806],[5.8538,48.3571],[5.8377,48.3616],[5.8225,48.3648],[5.8312,48.3436],[5.833,48.3275],[5.8205,48.3234],[5.8265,48.3093],[5.7964,48.3072],[5.7782,48.3165],[5.7766,48.2975],[5.7753,48.2892],[5.7648,48.289],[5.7571,48.2881],[5.7506,48.285],[5.758,48.2755],[5.7689,48.2652],[5.7681,48.254],[5.7571,48.2525],[5.7446,48.2558],[5.7535,48.2433],[5.7546,48.2337],[5.743,48.2217],[5.7249,48.2373],[5.6992,48.2558],[5.698,48.2467],[5.7249,48.2166],[5.7086,48.2113],[5.6953,48.2214],[5.6788,48.23],[5.6714,48.2612],[5.6616,48.2282],[5.6452,48.2114],[5.6323,48.1943],[5.6181,48.1559],[5.602,48.1431],[5.5808,48.1439],[5.5773,48.1661],[5.5809,48.1962],[5.5607,48.1898],[5.5386,48.1706],[5.5449,48.1625],[5.5255,48.1552],[5.5098,48.1486],[5.513,48.1381],[5.5202,48.1251],[5.5105,48.1088],[5.5129,48.1025],[5.5056,48.084],[5.4909,48.0821],[5.4947,48.0704],[5.4772,48.068],[5.462,48.0638],[5.4353,48.0766],[5.4278,48.0559],[5.4127,48.0581],[5.3937,48.0709],[5.4037,48.053],[5.4115,48.0321],[5.4178,48.0198],[5.403,48.0165],[5.3887,48.0269],[5.3614,48.0294],[5.3528,48.0243],[5.3802,48.0182],[5.4015,48.0028],[5.4256,47.9931],[5.423,47.9787],[5.4318,47.9703],[5.4334,47.9554],[5.4222,47.9541],[5.4086,47.9581],[5.3958,47.9587],[5.3833,47.9572],[5.3672,47.9546],[5.3501,47.9532],[5.3131,47.9483],[5.2846,47.9653],[5.2765,47.9934],[5.261,47.9896],[5.2648,47.9574],[5.2766,47.9401],[5.2758,47.9318],[5.2696,47.9249],[5.2658,47.9202],[5.2902,47.9158],[5.2881,47.9033],[5.2677,47.8982],[5.252,47.8821],[5.2405,47.8759],[5.2601,47.8738],[5.269,47.8835],[5.3003,47.893],[5.3044,47.8799],[5.3111,47.8692],[5.3145,47.8496],[5.3186,47.8364],[5.328,47.8685],[5.3402,47.8701],[5.3725,47.837],[5.3724,47.8369],[5.3362,47.8186],[5.27,47.802],[5.2498,47.799],[5.2274,47.7887],[5.1944,47.7801],[5.1672,47.764],[5.1621,47.7266],[5.0627,47.7196],[4.9785,47.6756],[4.9529,47.6897],[4.9418,47.6658],[4.9211,47.6403],[4.8872,47.6087],[4.8806,47.6005],[4.8555,47.5949],[4.8226,47.5623],[4.79,47.5357],[4.7412,47.4951],[4.7413,47.4574],[4.6538,47.5374],[4.5712,47.5802],[4.467,47.6147],[4.3845,47.6213],[4.3155,47.6427],[4.2718,47.637],[4.2383,47.6198],[4.1618,47.6073],[4.1048,47.5951],[4.0476,47.6011],[4.0077,47.5936],[3.996,47.599],[3.9557,47.5778],[3.8868,47.5611],[3.8522,47.5301],[3.8211,47.4751],[3.7919,47.4857],[3.7751,47.5163],[3.759,47.5165],[3.7501,47.484],[3.7165,47.405],[3.7733,47.3597],[3.7752,47.3357],[3.7063,47.3685],[3.6743,47.3666],[3.6195,47.3948],[3.5817,47.3807],[3.569,47.3221],[3.5161,47.2815],[3.4938,47.2983],[3.4975,47.356],[3.4439,47.3628],[3.4068,47.3574],[3.3968,47.3192],[3.386,47.2828],[3.3901,47.2382],[3.4182,47.2226],[3.4171,47.2037],[3.3984,47.1879],[3.367,47.1704],[3.3819,47.1358],[3.435,47.0961],[3.4547,47.0382],[3.4466,47.0103],[3.4041,46.9696],[3.4168,46.9369],[3.418,46.9152],[3.4061,46.9016],[3.3895,46.8641],[3.3673,46.8329],[3.3673,46.8329],[3.3672,46.8328],[3.3672,46.8328],[3.3672,46.8328],[3.3672,46.8328],[3.3672,46.8328],[3.3603,46.8332],[3.3603,46.8332],[3.3603,46.8332],[3.3603,46.8332],[3.3603,46.8332],[3.3603,46.8332],[3.3603,46.8332],[3.2814,46.8377],[3.2814,46.8377],[3.2814,46.8377],[3.2814,46.8377],[3.2814,46.8377],[3.2814,46.8377],[3.2814,46.8377],[3.2814,46.8377],[3.2814,46.8377],[3.2814,46.8377],[3.2795,46.8595],[3.2795,46.8595],[3.2795,46.8596],[3.2795,46.8596],[3.2795,46.8596],[3.2511,46.8769],[3.2511,46.8769],[3.2511,46.8769],[3.2511,46.8769],[3.2511,46.8769],[3.2511,46.8769],[3.2511,46.8769],[3.2185,46.8315],[3.2185,46.8315],[3.2185,46.8315],[3.2185,46.8315],[3.1797,46.8305],[3.1797,46.8305],[3.1192,46.7974],[3.1192,46.7974],[3.1192,46.7974],[3.1192,46.7974],[3.1192,46.7974],[3.1192,46.7974],[3.1192,46.7974],[3.1191,46.7974],[3.1191,46.7974],[3.117,46.8072],[3.114,46.8543],[3.0824,46.9243],[3.0866,46.9882],[3.0741,47.0574],[3.0741,47.0575],[3.0741,47.0575],[3.0741,47.0575],[3.0741,47.0575],[3.0639,47.0636],[3.0432,47.0761],[3.0923,47.1365],[3.1562,47.2886],[3.1562,47.2886],[3.1323,47.3635],[3.1323,47.3636],[3.2104,47.3978],[3.2104,47.3978],[3.2044,47.4445],[3.101,47.4612],[3.101,47.4612],[3.1061,47.4648],[3.1475,47.481],[3.1434,47.4999],[3.1529,47.5114],[3.1566,47.5233],[3.1743,47.5237],[3.1964,47.5321],[3.2253,47.5428],[3.2312,47.545],[3.2389,47.549],[3.2415,47.5524],[3.2417,47.565],[3.2521,47.5797],[3.2369,47.5949],[3.2389,47.5949],[3.2653,47.6082],[3.2849,47.6161],[3.3,47.6182],[3.3393,47.625],[3.368,47.6319],[3.3849,47.648],[3.4137,47.6579],[3.4351,47.674],[3.4501,47.6748],[3.4642,47.7232],[3.471,47.7282],[3.4938,47.7281],[3.5241,47.7494],[3.5352,47.7801],[3.5479,47.7992],[3.5872,47.8026],[3.5992,47.7994],[3.6171,47.795],[3.6185,47.7954],[3.6251,47.7811],[3.6341,47.7768],[3.6423,47.7782],[3.6604,47.7951],[3.6677,47.8085],[3.6612,47.8226],[3.6688,47.8257],[3.6863,47.8217],[3.7035,47.8255],[3.7168,47.8335],[3.7184,47.8402],[3.7228,47.8529],[3.7306,47.862],[3.7357,47.8694],[3.755,47.8688],[3.793,47.8775],[3.7922,47.8911],[3.8141,47.8939],[3.8347,47.8824],[3.8458,47.8864],[3.8469,47.8873],[3.8601,47.897],[3.8736,47.8948],[3.8899,47.8889],[3.9025,47.8955],[3.9224,47.9053],[3.9562,47.9232],[3.9708,47.9331],[3.9842,47.9365],[3.995,47.9485],[3.9971,47.9702],[4.0007,47.9821],[4.0021,47.983],[4.0121,47.9844],[4.0268,47.9636],[4.039,47.9613],[4.0844,47.9826],[4.1114,47.9941],[4.1508,47.9946],[4.1587,48.0046],[4.162,48.0127],[4.1744,48.0196],[4.1969,48.0549],[4.2244,48.0626],[4.2412,48.0643],[4.2568,48.0753],[4.2631,48.0823],[4.2729,48.1014],[4.2772,48.1336],[4.2854,48.1398],[4.2926,48.1451],[4.3204,48.1521],[4.3569,48.1529],[4.3696,48.1628],[4.4305,48.1723],[4.453,48.1766],[4.517,48.2029],[4.5116,48.2193],[4.5078,48.2387],[4.5082,48.2535],[4.5514,48.2884],[4.5567,48.2963],[4.5782,48.3079],[4.5988,48.311],[4.6243,48.3124],[4.6702,48.3089],[4.6948,48.3129],[4.7295,48.3064],[4.7552,48.3103],[4.777,48.33],[4.7827,48.3533],[4.835,48.3586],[4.8478,48.3605],[4.8705,48.3553],[4.8924,48.3586],[4.8939,48.3592],[4.9058,48.4066],[4.9496,48.426],[4.9866,48.418],[4.9929,48.425],[5.0106,48.4325],[5.0145,48.4328],[5.0516,48.4262],[5.0638,48.4286],[5.0655,48.4288],[5.0742,48.4439],[5.0866,48.5142],[5.0916,48.5416],[5.0922,48.543],[5.0936,48.5461],[5.1004,48.5643],[5.1182,48.5771],[5.1515,48.5825],[5.1764,48.5785],[5.2119,48.5531],[5.2221,48.5594],[5.225,48.5761],[5.2068,48.6115],[5.1813,48.6428],[5.1803,48.6438],[5.1457,48.6497],[5.105,48.6654],[5.0831,48.6789],[5.0584,48.6936],[5.0368,48.7138],[5.0227,48.7306],[5.0339,48.7577],[5.0502,48.7746],[5.0714,48.7857],[5.0683,48.806],[5.0658,48.8203],[5.0762,48.826],[5.0998,48.8379],[5.1026,48.86],[5.1163,48.872],[5.1225,48.8959],[5.1325,48.9236],[5.1473,48.9367],[5.149,48.9366],[5.15,48.9503],[5.1498,48.952],[5.134,48.9747],[5.1368,49.0299],[5.1368,49.0447],[5.1286,49.0669],[5.1276,49.0719],[5.1129,49.1066],[5.0995,49.1292],[5.0976,49.1476],[5.1039,49.1575],[5.1047,49.1584],[5.1218,49.1627],[5.1217,49.1616],[5.1451,49.1666],[5.1452,49.168],[5.1616,49.1725],[5.1615,49.1714],[5.189,49.174],[5.1898,49.1749],[5.198,49.1827],[5.1968,49.1898],[5.1864,49.2016],[5.176,49.2072],[5.1525,49.2116],[5.142,49.2169],[5.1456,49.2274],[5.1484,49.2273],[5.1615,49.2391],[5.1568,49.2573],[5.1514,49.274],[5.1567,49.2947],[5.155,49.2961],[5.1342,49.3032],[5.1057,49.3226],[5.0922,49.329],[5.0912,49.3299],[5.0829,49.3664],[5.0771,49.4001],[5.0663,49.3995],[5.0522,49.4087],[5.0229,49.4226],[5.0182,49.4436],[4.9895,49.4695],[4.9829,49.4728],[4.9855,49.4854],[4.9819,49.5101],[4.9688,49.5186],[4.9463,49.5362],[4.9275,49.5663],[4.9085,49.5749],[4.8274,49.6069],[4.7795,49.6225],[4.7564,49.6267],[4.736,49.6271],[4.704,49.629],[4.6688,49.6474],[4.6274,49.6564],[4.5674,49.6657],[4.506,49.6871],[4.4934,49.6892],[4.4799,49.692],[4.4469,49.6938],[4.4395,49.7047],[4.428,49.7074],[4.4204,49.7126],[4.4025,49.7362],[4.4063,49.7489],[4.3973,49.7659],[4.3824,49.7792],[4.3609,49.7856],[4.3495,49.7927],[4.339,49.7931],[4.3245,49.7987],[4.3034,49.8014],[4.2913,49.8115],[4.1988,49.8583],[4.1608,49.86],[4.1403,49.8648],[4.115,49.8761],[4.0698,49.8889],[4.0543,49.8931],[4.0179,49.9028],[4.0147,49.9035],[4.0216,49.9293],[4.0119,49.9377],[4.0359,49.9514],[4.0513,49.947],[4.0622,49.9409],[4.0633,49.934],[4.0836,49.933],[4.1166,49.931],[4.1333,49.9288],[4.1333,49.9288]],[[5.2722,49.3986],[5.2994,49.3813],[5.3253,49.3732],[5.3443,49.3515],[5.3695,49.3313],[5.3832,49.3108],[5.4015,49.2937],[5.4469,49.2897],[5.4443,49.2759],[5.4538,49.2579],[5.4805,49.2349],[5.495,49.1958],[5.5111,49.1483],[5.5547,49.1374],[5.5698,49.1094],[5.5792,49.0911],[5.6054,49.074],[5.6327,49.0502],[5.6668,49.0228],[5.6827,48.9982],[5.6924,48.9853],[5.6733,48.96],[5.6829,48.9206],[5.6632,48.8982],[5.6561,48.8772],[5.7265,48.8946],[5.7234,48.8794],[5.6653,48.8575],[5.636,48.8251],[5.6431,48.8056],[5.6882,48.7904],[5.7287,48.7685],[5.7814,48.7421],[5.7803,48.7255],[5.8269,48.7338],[5.8513,48.722],[5.8499,48.7026],[5.8934,48.6959],[5.8795,48.6772],[5.8456,48.6825],[5.8317,48.6691],[5.8383,48.6333],[5.8438,48.594],[5.854,48.5738],[5.8423,48.5382],[5.7995,48.5195],[5.8022,48.4998],[5.8191,48.4845],[5.8728,48.5288],[5.9165,48.5522],[5.9188,48.5722],[5.9019,48.5917],[5.8932,48.642],[5.8947,48.6765],[5.9189,48.6867],[5.9589,48.6998],[5.9779,48.7287],[5.9499,48.7565],[5.9099,48.8347],[5.7981,48.842],[5.7846,48.8493],[5.8199,48.8954],[5.8336,48.9433],[5.8834,48.9948],[5.8881,49.0245],[5.8935,49.0652],[5.9237,49.0838],[5.9809,49.1137],[5.9744,49.1304],[5.9837,49.1401],[5.9961,49.1431],[6.0116,49.1436],[6.0396,49.1535],[6.028,49.1835],[6.0051,49.1879],[5.9768,49.2161],[5.9775,49.2315],[5.9439,49.2735],[5.9248,49.3269],[5.8983,49.3501],[5.8231,49.3305],[5.8069,49.2999],[5.7762,49.3008],[5.7668,49.3138],[5.7537,49.3313],[5.7393,49.3377],[5.7429,49.354],[5.7276,49.3625],[5.6967,49.3896],[5.6162,49.4086],[5.559,49.3672],[5.4901,49.3903],[5.4154,49.4232],[5.3887,49.4331],[5.3473,49.4324],[5.2588,49.4731],[5.2356,49.4368],[5.2427,49.4062],[5.2722,49.3986]]]},"properties":{"code":53,"nom":"BP-Cotes calcaires","code_her1":10,"nom_her1":"COTES CALCAIRES EST"}},{"type":"Feature","geometry":{"type":"Polygon","coordinates":[[[6.1288,46.3934],[6.1143,46.3772],[6.1008,46.3387],[6.0916,46.3385],[6.0836,46.3438],[6.0666,46.35],[6.048,46.3399],[6.0201,46.3001],[5.932,46.2224],[5.9156,46.1931],[5.9139,46.1679],[5.9074,46.1592],[5.8835,46.16],[5.8874,46.1173],[5.8722,46.1086],[5.8545,46.1017],[5.8345,46.1005],[5.8042,46.1255],[5.7766,46.1106],[5.761,46.0944],[5.7537,46.0411],[5.7696,46.0193],[5.7924,46.0077],[5.7966,46.0055],[5.8003,45.9986],[5.8073,45.9451],[5.7986,45.9325],[5.8027,45.8926],[5.7927,45.8606],[5.7749,45.8509],[5.7269,45.8758],[5.7068,45.883],[5.6986,45.9008],[5.6884,45.9067],[5.675,45.9034],[5.67,45.89],[5.6682,45.8789],[5.6492,45.8711],[5.6419,45.8543],[5.6176,45.8172],[5.601,45.8167],[5.5952,45.7554],[5.5747,45.7253],[5.5551,45.7213],[5.5424,45.7267],[5.4836,45.7761],[5.4765,45.781],[5.4553,45.8338],[5.4263,45.8518],[5.4204,45.8679],[5.4108,45.8757],[5.3749,45.8939],[5.3732,45.8947],[5.3768,45.8992],[5.3677,45.9122],[5.3693,45.9276],[5.3777,45.9367],[5.3957,45.9351],[5.3949,45.9415],[5.3713,45.9669],[5.3705,45.9806],[5.4114,46.0397],[5.4269,46.0604],[5.4668,46.0584],[5.4693,46.0616],[5.4672,46.1082],[5.46,46.1483],[5.4601,46.1914],[5.4891,46.2388],[5.5236,46.2561],[5.5499,46.2554],[5.5815,46.2628],[5.6328,46.2796],[5.6485,46.3007],[5.6806,46.3546],[5.6994,46.3873],[5.7109,46.4185],[5.7151,46.4466],[5.7359,46.4726],[5.7498,46.4936],[5.7612,46.4735],[5.7797,46.4613],[5.8084,46.4588],[5.8577,46.4772],[5.9135,46.522],[5.9511,46.5441],[5.9932,46.561],[6.0565,46.5706],[6.1045,46.5673],[6.1268,46.5734],[6.1364,46.5665],[6.145,46.5603],[6.153,46.5598],[6.1646,46.5591],[6.1646,46.5511],[6.1623,46.5428],[6.1543,46.5362],[6.1353,46.5265],[6.1289,46.5149],[6.119,46.4974],[6.1047,46.4845],[6.0806,46.468],[6.0895,46.4482],[6.0738,46.4321],[6.0659,46.4164],[6.0954,46.4101],[6.107,46.4063],[6.1214,46.398],[6.1288,46.3934]]]},"properties":{"code":5,"nom":"Jura sud","code_her1":5,"nom_her1":"JURA-PREALPES DU NORD"}},{"type":"Feature","geometry":{"type":"Polygon","coordinates":[[[6.6829,45.9171],[6.6657,45.9217],[6.6486,45.9273],[6.6385,45.9429],[6.6345,45.956],[6.63,45.9659],[6.632,45.978],[6.6256,45.9843],[6.6279,45.9919],[6.6228,45.9953],[6.6235,46.007],[6.6138,46.0151],[6.6145,46.0202],[6.6096,46.0258],[6.6151,46.0353],[6.6021,46.0377],[6.6048,46.0416],[6.585,46.048],[6.5774,46.0527],[6.57,46.0591],[6.5338,46.0741],[6.4866,46.067],[6.4761,46.0704],[6.4286,46.0747],[6.3895,46.071],[6.3813,46.0748],[6.3751,46.0782],[6.3735,46.0907],[6.3772,46.0962],[6.3494,46.1252],[6.3573,46.1302],[6.3816,46.1154],[6.4141,46.1394],[6.4049,46.1458],[6.3764,46.152],[6.3634,46.1672],[6.3532,46.1794],[6.3274,46.1905],[6.3296,46.2209],[6.3485,46.2424],[6.3622,46.2499],[6.4117,46.2632],[6.4627,46.2842],[6.4702,46.2836],[6.4797,46.2981],[6.5352,46.3364],[6.5441,46.3452],[6.5422,46.352],[6.5505,46.3553],[6.5824,46.3458],[6.6055,46.3442],[6.6503,46.3675],[6.6742,46.3709],[6.673,46.3872],[6.7146,46.3901],[6.7191,46.394],[6.7655,46.3887],[6.8071,46.378],[6.7918,46.3661],[6.776,46.3605],[6.7752,46.3499],[6.8034,46.3201],[6.8236,46.311],[6.8338,46.3089],[6.8476,46.289],[6.8587,46.2904],[6.869,46.2757],[6.857,46.2506],[6.8422,46.2455],[6.8243,46.2244],[6.8113,46.1981],[6.8134,46.1793],[6.8004,46.1607],[6.7923,46.1521],[6.8009,46.1367],[6.8227,46.129],[6.8461,46.13],[6.8485,46.1255],[6.9029,46.1221],[6.888,46.0933],[6.8995,46.081],[6.8807,46.0606],[6.8709,46.0498],[6.8555,46.0387],[6.8513,46.0299],[6.8442,46.0159],[6.8208,45.9944],[6.8099,45.9844],[6.781,45.9781],[6.7572,45.9677],[6.7647,45.9308],[6.7452,45.9376],[6.7352,45.9326],[6.7346,45.9259],[6.7267,45.9153],[6.7106,45.9091],[6.6857,45.9144],[6.6829,45.9171]]]},"properties":{"code":6,"nom":"Massif Chablais Giffre","code_her1":5,"nom_her1":"JURA-PREALPES DU NORD"}},{"type":"Feature","geometry":{"type":"Polygon","coordinates":[[[1.9064,50.84],[1.9065,50.84],[1.9065,50.84],[1.9072,50.8402],[1.9251,50.8469],[1.9253,50.847],[1.9253,50.847],[1.9254,50.847],[1.9263,50.8469],[1.9396,50.8461],[1.9433,50.8449],[1.9656,50.8369],[1.966,50.8368],[1.966,50.8368],[1.9661,50.8368],[1.9668,50.8369],[1.9727,50.8379],[1.9728,50.8379],[1.9728,50.8379],[1.9729,50.8379],[1.9739,50.8379],[1.9996,50.8378],[2.0222,50.8311],[2.0456,50.8221],[2.1228,50.8056],[2.1233,50.8055],[2.1233,50.8055],[2.1234,50.8055],[2.124,50.8056],[2.1371,50.8077],[2.1477,50.8139],[2.1479,50.8141],[2.148,50.8141],[2.148,50.8141],[2.1489,50.8139],[2.1564,50.8127],[2.1566,50.8127],[2.1573,50.8122],[2.1898,50.7893],[2.1903,50.7889],[2.1906,50.7888],[2.1977,50.7861],[2.1981,50.7859],[2.1985,50.7856],[2.2262,50.764],[2.2289,50.7517],[2.2289,50.7517],[2.2289,50.7517],[2.2249,50.7495],[2.2129,50.7401],[2.2129,50.7401],[2.2129,50.7401],[2.2142,50.7372],[2.2163,50.7248],[2.2234,50.7179],[2.2268,50.7144],[2.2273,50.7139],[2.2277,50.7139],[2.2776,50.7091],[2.2788,50.7086],[2.2794,50.7084],[2.2796,50.7081],[2.2886,50.6955],[2.2782,50.6647],[2.2761,50.6585],[2.2774,50.6505],[2.2828,50.647],[2.2835,50.6466],[2.2836,50.6466],[2.2917,50.6445],[2.3074,50.6396],[2.3114,50.6385],[2.335,50.6247],[2.3356,50.6244],[2.3358,50.6243],[2.3389,50.6223],[2.3396,50.6219],[2.3397,50.6219],[2.3599,50.6189],[2.3809,50.6083],[2.3817,50.608],[2.3818,50.6079],[2.3908,50.5953],[2.3916,50.5944],[2.3918,50.5942],[2.3924,50.594],[2.4296,50.5799],[2.43,50.5797],[2.4304,50.5794],[2.4422,50.5695],[2.4424,50.5693],[2.443,50.569],[2.4812,50.5483],[2.4818,50.548],[2.482,50.5478],[2.505,50.5285],[2.5054,50.5281],[2.5058,50.528],[2.5666,50.507],[2.5843,50.5019],[2.5506,50.47],[2.5506,50.47],[2.5506,50.47],[2.6099,50.4252],[2.6102,50.3792],[2.6102,50.3792],[2.6102,50.3792],[2.4937,50.3538],[2.4937,50.3538],[2.4937,50.3538],[2.4897,50.2561],[2.6301,50.1562],[2.6308,50.1557],[2.6309,50.1557],[2.9741,50.0822],[3.1286,50.0372],[3.129,50.0371],[3.1294,50.0367],[3.2535,49.9268],[3.2535,49.9268],[3.2535,49.9268],[3.209,49.8549],[3.1535,49.7644],[3.1535,49.7644],[3.1535,49.7644],[3.2157,49.7145],[3.2158,49.7144],[3.2163,49.714],[3.2163,49.714],[3.2163,49.714],[3.2163,49.714],[3.2162,49.714],[3.2146,49.7145],[3.2074,49.7166],[3.1859,49.7178],[3.1854,49.7178],[3.1851,49.7183],[3.178,49.7315],[3.1778,49.7319],[3.1772,49.732],[3.168,49.7342],[3.1678,49.7343],[3.1677,49.7343],[3.1677,49.7343],[3.1669,49.7342],[3.1604,49.7338],[3.1574,49.7328],[3.1568,49.7326],[3.1567,49.7326],[3.1567,49.7326],[3.1563,49.7328],[3.154,49.7338],[3.1495,49.7344],[3.149,49.7344],[3.1489,49.7344],[3.1489,49.7344],[3.1484,49.7344],[3.1384,49.7333],[3.1323,49.7317],[3.132,49.7316],[3.132,49.7316],[3.1319,49.7316],[3.1312,49.7317],[3.111,49.7341],[3.0863,49.7378],[3.0625,49.7391],[3.0424,49.7452],[3.0423,49.7452],[3.0413,49.7452],[3.0307,49.7453],[3.0297,49.7453],[3.0296,49.7453],[3.0214,49.7477],[3.0123,49.7489],[2.9983,49.7547],[2.9977,49.755],[2.9975,49.7552],[2.9905,49.7645],[2.9865,49.7671],[2.9859,49.7675],[2.9858,49.7676],[2.9768,49.7717],[2.9767,49.7717],[2.9757,49.7717],[2.9688,49.7717],[2.9677,49.7717],[2.9676,49.7717],[2.9556,49.7653],[2.9556,49.7653],[2.9556,49.7653],[2.9553,49.7559],[2.9553,49.7559],[2.9553,49.7559],[2.9415,49.7545],[2.9415,49.7545],[2.9344,49.7353],[2.9344,49.7353],[2.9344,49.7353],[2.9155,49.7224],[2.9155,49.7224],[2.9155,49.7224],[2.9316,49.6967],[2.9316,49.6967],[2.9316,49.6967],[2.904,49.6746],[2.904,49.6746],[2.9039,49.6746],[2.8992,49.6568],[2.8992,49.6568],[2.8992,49.6568],[2.8691,49.6199],[2.8355,49.6142],[2.8349,49.6141],[2.8348,49.6141],[2.8348,49.6141],[2.8343,49.6142],[2.758,49.6335],[2.7574,49.6337],[2.7574,49.6337],[2.7276,49.6249],[2.7276,49.6249],[2.7253,49.619],[2.7253,49.619],[2.6887,49.6087],[2.6887,49.6087],[2.6908,49.5894],[2.7144,49.5741],[2.7098,49.5566],[2.7098,49.5566],[2.7098,49.5566],[2.6997,49.5365],[2.6996,49.5363],[2.6996,49.5363],[2.6996,49.5363],[2.7005,49.536],[2.7358,49.5239],[2.7358,49.5239],[2.7358,49.5239],[2.7337,49.5239],[2.7337,49.5239],[2.7337,49.5239],[2.7337,49.5239],[2.7569,49.5067],[2.7574,49.5063],[2.7577,49.5062],[2.7842,49.4982],[2.8188,49.4807],[2.8333,49.4753],[2.8341,49.475],[2.8341,49.4748],[2.833,49.4632],[2.833,49.4631],[2.8338,49.4628],[2.8434,49.4589],[2.8441,49.4587],[2.8442,49.4584],[2.8539,49.4404],[2.8539,49.4404],[2.8539,49.4404],[2.8338,49.4362],[2.7957,49.4167],[2.7766,49.392],[2.7574,49.3666],[2.7406,49.3493],[2.7406,49.3492],[2.7406,49.3492],[2.7405,49.3492],[2.7395,49.3493],[2.7013,49.3508],[2.7006,49.3508],[2.7005,49.3508],[2.7005,49.3508],[2.7002,49.3508],[2.6359,49.3452],[2.5827,49.3435],[2.5819,49.3434],[2.5818,49.3434],[2.5818,49.3434],[2.5816,49.3435],[2.5605,49.3461],[2.5509,49.3472],[2.5401,49.3486],[2.5399,49.3486],[2.5394,49.349],[2.5368,49.3514],[2.5368,49.3514],[2.5368,49.3514],[2.5403,49.3548],[2.5403,49.3548],[2.5403,49.3548],[2.5237,49.375],[2.5235,49.3752],[2.5229,49.3755],[2.4768,49.3971],[2.4454,49.4],[2.4446,49.4],[2.4445,49.4],[2.4445,49.4],[2.4443,49.4],[2.4025,49.3856],[2.4022,49.3855],[2.4021,49.3855],[2.4021,49.3855],[2.4014,49.3856],[2.3835,49.3884],[2.3832,49.3884],[2.3827,49.3889],[2.3769,49.3939],[2.3765,49.3943],[2.3761,49.3944],[2.3498,49.4037],[2.3174,49.4044],[2.3164,49.4045],[2.3163,49.4045],[2.3163,49.4045],[2.3163,49.4044],[2.3097,49.395],[2.2595,49.3695],[2.2434,49.3575],[2.2429,49.3572],[2.2429,49.3571],[2.2428,49.3572],[2.2422,49.3575],[2.2027,49.3811],[2.1408,49.4154],[2.1166,49.4156],[2.1156,49.4156],[2.1155,49.4156],[2.1155,49.4156],[2.1155,49.4155],[2.1035,49.4097],[2.1018,49.409],[2.1018,49.409],[2.0978,49.3985],[2.0995,49.3898],[2.1008,49.3841],[2.1009,49.3837],[2.1009,49.3836],[2.1009,49.3836],[2.1009,49.3836],[2.1009,49.3836],[2.1008,49.3836],[2.0997,49.3841],[2.063,49.4004],[2.0628,49.4005],[2.0622,49.4009],[2.0101,49.4359],[1.895,49.5178],[1.8949,49.5179],[1.8942,49.5183],[1.8571,49.54],[1.8013,49.5596],[1.7951,49.563],[1.7848,49.5667],[1.7601,49.5759],[1.7598,49.576],[1.7593,49.5763],[1.7156,49.6074],[1.7156,49.6074],[1.7174,49.6079],[1.7174,49.6079],[1.6854,49.6279],[1.6847,49.6283],[1.6846,49.6283],[1.6361,49.6501],[1.5946,49.6724],[1.5942,49.6726],[1.5938,49.6729],[1.5631,49.6926],[1.5625,49.693],[1.5623,49.6931],[1.4347,49.7511],[1.3973,49.7703],[1.3838,49.7749],[1.3668,49.7815],[1.3317,49.7992],[1.331,49.7995],[1.3309,49.7996],[1.3293,49.8011],[1.3254,49.8035],[1.3254,49.8035],[1.3246,49.8039],[1.3246,49.804],[1.3246,49.804],[1.3245,49.8039],[1.3242,49.8035],[1.3188,49.7952],[1.3188,49.7952],[1.3188,49.7952],[1.3412,49.7716],[1.3432,49.767],[1.4013,49.7062],[1.4345,49.6503],[1.4592,49.602],[1.4722,49.5862],[1.4728,49.5855],[1.4729,49.5853],[1.4736,49.585],[1.4923,49.5759],[1.5321,49.5654],[1.5675,49.5475],[1.5679,49.5473],[1.5683,49.547],[1.6151,49.514],[1.6182,49.5106],[1.6553,49.4836],[1.7012,49.4556],[1.7019,49.4551],[1.702,49.4551],[1.7079,49.454],[1.7332,49.4433],[1.7332,49.4433],[1.7332,49.4433],[1.7333,49.4433],[1.7343,49.4433],[1.7426,49.4433],[1.7436,49.4433],[1.7437,49.4433],[1.7437,49.4433],[1.7438,49.4433],[1.7781,49.4419],[1.8454,49.431],[1.8896,49.419],[2.0305,49.3736],[2.1015,49.3551],[2.1308,49.3457],[2.1311,49.3456],[2.1311,49.3456],[2.1312,49.3456],[2.1319,49.3457],[2.1351,49.3462],[2.1364,49.3485],[2.1364,49.3485],[2.1364,49.3486],[2.1334,49.3543],[2.128,49.3615],[2.1276,49.3621],[2.1275,49.3622],[2.1275,49.3622],[2.1275,49.3622],[2.1276,49.3621],[2.1292,49.3615],[2.1418,49.3561],[2.2009,49.3204],[2.2016,49.32],[2.2017,49.3199],[2.2651,49.2774],[2.2657,49.277],[2.2659,49.2769],[2.3165,49.2547],[2.3306,49.2485],[2.3307,49.2484],[2.3314,49.248],[2.356,49.232],[2.357,49.2308],[2.3658,49.2129],[2.3658,49.2129],[2.3658,49.2129],[2.3572,49.2057],[2.3572,49.2057],[2.3572,49.2057],[2.3566,49.1852],[2.3566,49.1852],[2.3566,49.1852],[2.3433,49.1633],[2.3349,49.1609],[2.2933,49.1575],[2.2747,49.1492],[2.253,49.1402],[2.2525,49.14],[2.2525,49.1399],[2.2524,49.14],[2.2519,49.1402],[2.2286,49.1485],[2.2284,49.1486],[2.2278,49.149],[2.202,49.1673],[2.1782,49.182],[2.1774,49.1825],[2.1774,49.1825],[2.1496,49.1979],[2.1301,49.1982],[2.1073,49.1995],[2.0845,49.2109],[2.0837,49.2113],[2.0837,49.2114],[2.0837,49.2125],[2.0837,49.2127],[2.0829,49.213],[2.0476,49.2273],[1.9504,49.238],[1.9253,49.2526],[1.9246,49.253],[1.9245,49.2531],[1.9057,49.2665],[1.9051,49.2669],[1.9049,49.267],[1.8552,49.2798],[1.829,49.2869],[1.8064,49.2913],[1.8058,49.2914],[1.8058,49.2914],[1.8057,49.2914],[1.8053,49.2912],[1.7858,49.2871],[1.7858,49.2871],[1.7858,49.2871],[1.785,49.274],[1.785,49.274],[1.785,49.274],[1.7774,49.2668],[1.762,49.265],[1.7615,49.2649],[1.7614,49.2649],[1.7614,49.2649],[1.7608,49.265],[1.7433,49.2666],[1.7425,49.2667],[1.7425,49.2667],[1.7424,49.2667],[1.7422,49.2666],[1.7298,49.2624],[1.7298,49.2624],[1.7298,49.2624],[1.7298,49.2612],[1.7298,49.2612],[1.7298,49.2612],[1.7165,49.2514],[1.7165,49.2514],[1.7165,49.2514],[1.7155,49.2461],[1.7128,49.2292],[1.7127,49.2292],[1.7127,49.2292],[1.7048,49.2227],[1.6954,49.2181],[1.6868,49.2114],[1.6868,49.2114],[1.6832,49.2023],[1.6832,49.2023],[1.6879,49.1852],[1.6812,49.1566],[1.6812,49.1566],[1.6812,49.1566],[1.6703,49.1371],[1.652,49.1147],[1.652,49.1147],[1.652,49.1147],[1.6534,49.1019],[1.6534,49.1019],[1.6534,49.1019],[1.6475,49.0966],[1.6474,49.0966],[1.6474,49.0966],[1.6474,49.0966],[1.6464,49.0966],[1.6366,49.097],[1.6357,49.0971],[1.6356,49.0971],[1.6356,49.0971],[1.6355,49.097],[1.6167,49.0827],[1.5719,49.061],[1.5717,49.0609],[1.5717,49.0609],[1.5716,49.0609],[1.5708,49.061],[1.5589,49.062],[1.5583,49.062],[1.5583,49.062],[1.5582,49.062],[1.5578,49.0619],[1.5215,49.0579],[1.5208,49.0578],[1.5206,49.0577],[1.5205,49.0577],[1.5205,49.0577],[1.5204,49.0578],[1.52,49.0583],[1.5001,49.0804],[1.4422,49.1205],[1.4419,49.1207],[1.4414,49.121],[1.4109,49.1383],[1.4102,49.1387],[1.4101,49.1387],[1.3913,49.1567],[1.3911,49.1568],[1.3905,49.1571],[1.3282,49.1883],[1.3274,49.1887],[1.3274,49.1887],[1.3232,49.2196],[1.3232,49.22],[1.3232,49.2203],[1.3231,49.2204],[1.3231,49.2203],[1.3225,49.2201],[1.3221,49.22],[1.2888,49.2073],[1.2632,49.2005],[1.2627,49.2004],[1.2627,49.2004],[1.2626,49.2004],[1.2621,49.2005],[1.2413,49.2051],[1.2406,49.2054],[1.24,49.2056],[1.2399,49.2056],[1.2399,49.2056],[1.2395,49.2053],[1.2288,49.1987],[1.2218,49.1881],[1.2201,49.1881],[1.2153,49.175],[1.2237,49.1641],[1.2258,49.1641],[1.2258,49.1641],[1.1862,49.118],[1.1862,49.118],[1.1862,49.118],[1.1953,49.0954],[1.1872,48.9758],[1.1872,48.9758],[1.1872,48.9758],[1.1382,48.9455],[1.1099,48.905],[1.1099,48.905],[1.1099,48.905],[1.1161,48.8727],[1.1161,48.8727],[1.1161,48.8727],[1.0409,48.8062],[0.9924,48.8302],[0.9921,48.8305],[0.8835,48.907],[0.8559,48.9982],[0.6914,49.0659],[0.5993,49.0961],[0.5756,49.0887],[0.4977,49.0307],[0.4803,48.9777],[0.4542,48.9846],[0.4439,48.9977],[0.4333,49.0569],[0.4292,49.065],[0.4315,49.0821],[0.4241,49.0984],[0.418,49.1078],[0.4002,49.1195],[0.3777,49.1257],[0.3712,49.1304],[0.3539,49.1429],[0.3366,49.1498],[0.3085,49.1568],[0.3172,49.1763],[0.3275,49.1845],[0.3275,49.1845],[0.3344,49.1855],[0.3344,49.1855],[0.3386,49.189],[0.3377,49.1895],[0.3212,49.1987],[0.2987,49.2038],[0.2907,49.2056],[0.2805,49.2063],[0.2797,49.2068],[0.2663,49.2146],[0.2625,49.2263],[0.2766,49.2367],[0.293,49.241],[0.3088,49.2378],[0.313,49.2375],[0.3242,49.237],[0.3264,49.2492],[0.3175,49.2711],[0.3175,49.2711],[0.3283,49.273],[0.3479,49.2709],[0.3504,49.2724],[0.3524,49.2744],[0.3475,49.2911],[0.3303,49.3079],[0.2955,49.3263],[0.2894,49.3288],[0.248,49.3458],[0.2351,49.3495],[0.1738,49.374],[0.1424,49.3934],[0.1345,49.4044],[0.1345,49.4044],[0.1345,49.4044],[0.1377,49.4056],[0.142,49.406],[0.1642,49.4114],[0.1737,49.4122],[0.1838,49.4154],[0.1993,49.4206],[0.2141,49.4249],[0.2257,49.4279],[0.2377,49.4279],[0.2516,49.4281],[0.2692,49.4283],[0.2852,49.4292],[0.3221,49.4321],[0.3698,49.4386],[0.3792,49.4407],[0.4059,49.4466],[0.4525,49.4626],[0.4462,49.4673],[0.4351,49.4623],[0.4243,49.4601],[0.3902,49.4525],[0.3703,49.4496],[0.3487,49.4498],[0.3265,49.4496],[0.2488,49.4524],[0.2107,49.4546],[0.1817,49.4522],[0.1804,49.4596],[0.1609,49.4616],[0.1581,49.4555],[0.1547,49.4578],[0.1499,49.4652],[0.1292,49.4679],[0.1132,49.4702],[0.1082,49.4733],[0.1049,49.4752],[0.1017,49.4795],[0.1137,49.4746],[0.1261,49.4747],[0.1337,49.4741],[0.1342,49.4762],[0.1117,49.4797],[0.1055,49.4817],[0.1128,49.4827],[0.1269,49.4803],[0.1371,49.4789],[0.1387,49.4807],[0.1224,49.483],[0.1249,49.4874],[0.1224,49.4889],[0.12,49.484],[0.1167,49.4837],[0.1137,49.4867],[0.1029,49.484],[0.0978,49.4863],[0.0974,49.4901],[0.0957,49.4925],[0.0919,49.4958],[0.0864,49.5013],[0.0756,49.5042],[0.0671,49.5083],[0.0644,49.5136],[0.0663,49.5193],[0.0682,49.5243],[0.0752,49.5378],[0.0811,49.546],[0.0937,49.5644],[0.0971,49.5679],[0.1059,49.583],[0.1258,49.6063],[0.1429,49.6311],[0.1462,49.6353],[0.1543,49.6488],[0.1517,49.6502],[0.1509,49.654],[0.1534,49.6613],[0.1566,49.6617],[0.1579,49.6651],[0.1595,49.6664],[0.1597,49.6722],[0.1632,49.6818],[0.164,49.6863],[0.1683,49.6904],[0.1723,49.6912],[0.1801,49.6962],[0.1816,49.6986],[0.1837,49.6991],[0.1884,49.7031],[0.1938,49.7068],[0.1972,49.7068],[0.2011,49.7084],[0.2032,49.7107],[0.2063,49.7143],[0.2096,49.714],[0.2129,49.7154],[0.2242,49.7179],[0.2281,49.7177],[0.2366,49.7191],[0.2472,49.723],[0.257,49.7261],[0.2636,49.7288],[0.2671,49.7294],[0.2705,49.7314],[0.2871,49.7384],[0.2901,49.7378],[0.2936,49.7396],[0.2959,49.74],[0.2997,49.74],[0.3029,49.7414],[0.3054,49.7415],[0.3068,49.7401],[0.3096,49.7397],[0.3115,49.7398],[0.3135,49.7406],[0.3166,49.7409],[0.3222,49.7418],[0.3263,49.7436],[0.329,49.7448],[0.3302,49.7449],[0.3349,49.7464],[0.3492,49.7524],[0.3516,49.7537],[0.3529,49.7544],[0.3585,49.7575],[0.3623,49.7613],[0.3648,49.7647],[0.3663,49.7639],[0.3642,49.762],[0.3664,49.761],[0.3724,49.7596],[0.374,49.7621],[0.3649,49.7654],[0.3651,49.7662],[0.3694,49.769],[0.3739,49.7687],[0.3768,49.769],[0.3777,49.7691],[0.3806,49.7696],[0.3843,49.7707],[0.3881,49.7725],[0.3934,49.7742],[0.3987,49.7755],[0.4095,49.7795],[0.4139,49.7811],[0.4206,49.7836],[0.4207,49.785],[0.4221,49.7852],[0.424,49.7843],[0.4281,49.7863],[0.4364,49.7895],[0.4545,49.7973],[0.4607,49.7993],[0.4687,49.8028],[0.4769,49.8059],[0.481,49.8074],[0.4895,49.8108],[0.4944,49.8145],[0.5047,49.8195],[0.5084,49.8199],[0.5119,49.8196],[0.5139,49.8207],[0.5179,49.8228],[0.5232,49.8249],[0.5267,49.8281],[0.5317,49.832],[0.5352,49.8338],[0.5395,49.8351],[0.5416,49.8372],[0.5446,49.8381],[0.5595,49.8445],[0.5672,49.8473],[0.5724,49.8495],[0.5844,49.8528],[0.59,49.8536],[0.5966,49.8528],[0.6008,49.8534],[0.6039,49.8548],[0.6056,49.856],[0.6133,49.8583],[0.6181,49.858],[0.6222,49.8594],[0.6273,49.8605],[0.634,49.8618],[0.6417,49.8643],[0.6458,49.8642],[0.6488,49.8646],[0.6525,49.8657],[0.6557,49.8655],[0.6581,49.8659],[0.6647,49.8672],[0.6683,49.8675],[0.6731,49.8671],[0.6774,49.8681],[0.6894,49.871],[0.6938,49.8715],[0.7005,49.872],[0.7089,49.8731],[0.7113,49.8705],[0.7177,49.8694],[0.7283,49.87],[0.738,49.8708],[0.7426,49.8712],[0.7469,49.8708],[0.7544,49.8714],[0.7615,49.8716],[0.7663,49.8716],[0.7717,49.8724],[0.7846,49.8744],[0.7894,49.8753],[0.7939,49.8766],[0.8004,49.8775],[0.8054,49.8799],[0.8106,49.8812],[0.8266,49.8873],[0.8332,49.8897],[0.8392,49.889],[0.845,49.89],[0.8474,49.8904],[0.8585,49.8931],[0.8635,49.8931],[0.8697,49.8938],[0.8868,49.8974],[0.9043,49.9018],[0.9131,49.9036],[0.9213,49.9048],[0.9279,49.9067],[0.9341,49.9086],[0.9404,49.911],[0.9463,49.9144],[0.9523,49.9176],[0.9578,49.9195],[0.9634,49.92],[0.9694,49.9195],[0.9774,49.9193],[0.9877,49.9179],[0.9954,49.9176],[1.0109,49.9167],[1.017,49.9159],[1.0227,49.9162],[1.0279,49.917],[1.0323,49.9182],[1.0393,49.9204],[1.0481,49.9221],[1.0505,49.9223],[1.0527,49.9231],[1.0617,49.9252],[1.0714,49.9272],[1.0834,49.9337],[1.0857,49.932],[1.0895,49.9332],[1.0963,49.9351],[1.1048,49.9363],[1.108,49.9375],[1.1202,49.9428],[1.143,49.9502],[1.1499,49.9524],[1.1618,49.9563],[1.1693,49.96],[1.1736,49.9619],[1.1824,49.9654],[1.1933,49.9674],[1.2009,49.9711],[1.207,49.9744],[1.2146,49.9785],[1.217,49.98],[1.2337,49.9886],[1.2464,49.995],[1.257,50.0018],[1.259,50.0036],[1.2737,50.0128],[1.2814,50.0169],[1.2894,50.023],[1.2986,50.0289],[1.3083,50.0323],[1.315,50.0342],[1.3301,50.046],[1.3386,50.05],[1.3465,50.0536],[1.3535,50.0563],[1.3569,50.0576],[1.3696,50.0636],[1.3767,50.0632],[1.3806,50.0651],[1.3852,50.0685],[1.3856,50.0724],[1.3921,50.0787],[1.4048,50.0842],[1.4123,50.0878],[1.4209,50.0923],[1.4338,50.0991],[1.4454,50.1047],[1.4555,50.1096],[1.4564,50.1163],[1.4627,50.1315],[1.4688,50.1426],[1.4872,50.1761],[1.5024,50.1953],[1.5129,50.204],[1.5261,50.212],[1.5472,50.2172],[1.5695,50.2193],[1.571,50.2207],[1.5751,50.2177],[1.5761,50.2163],[1.5805,50.2128],[1.5803,50.202],[1.5851,50.198],[1.5908,50.1953],[1.5979,50.1923],[1.6119,50.1916],[1.6259,50.1881],[1.6365,50.1862],[1.6474,50.1813],[1.6614,50.1809],[1.6739,50.1794],[1.6745,50.1804],[1.6611,50.1851],[1.6599,50.1868],[1.67,50.1933],[1.6672,50.1939],[1.6594,50.1913],[1.643,50.1914],[1.6386,50.1936],[1.6491,50.1956],[1.6438,50.1982],[1.6376,50.1992],[1.6338,50.2013],[1.6331,50.2059],[1.6378,50.2077],[1.6452,50.2064],[1.6629,50.2079],[1.6704,50.2045],[1.6745,50.2051],[1.6701,50.2085],[1.6576,50.211],[1.6557,50.216],[1.6458,50.2134],[1.6336,50.2153],[1.6305,50.2149],[1.6274,50.2121],[1.6209,50.2114],[1.6165,50.2144],[1.6152,50.22],[1.6098,50.2309],[1.6041,50.2347],[1.5956,50.242],[1.5927,50.2516],[1.5877,50.2498],[1.5818,50.255],[1.5776,50.257],[1.5619,50.2565],[1.5516,50.2607],[1.5399,50.2783],[1.5396,50.2988],[1.5469,50.3161],[1.5481,50.3224],[1.5494,50.3295],[1.5525,50.3459],[1.5563,50.3625],[1.5761,50.3627],[1.5822,50.3675],[1.6019,50.3689],[1.6011,50.3787],[1.5861,50.3771],[1.5741,50.3884],[1.5565,50.3948],[1.5609,50.4223],[1.5707,50.4468],[1.5745,50.4717],[1.5751,50.4768],[1.5769,50.4913],[1.5773,50.5118],[1.5805,50.524],[1.5885,50.5385],[1.6064,50.5329],[1.6097,50.5381],[1.6055,50.5425],[1.5965,50.5511],[1.5778,50.5654],[1.5766,50.5731],[1.5764,50.5855],[1.5768,50.6128],[1.5767,50.6198],[1.5752,50.636],[1.5752,50.636],[1.5752,50.636],[1.5763,50.6361],[1.5763,50.6361],[1.6102,50.6394],[1.6754,50.6425],[1.6754,50.6425],[1.6764,50.6426],[1.6766,50.6425],[1.6766,50.6425],[1.6971,50.6388],[1.7016,50.6371],[1.7295,50.6273],[1.7295,50.6273],[1.7299,50.6271],[1.7306,50.6273],[1.7306,50.6273],[1.7521,50.6324],[1.8008,50.6609],[1.8156,50.6698],[1.8528,50.6805],[1.9367,50.6924],[1.9367,50.6924],[1.9367,50.6924],[1.9367,50.6924],[1.937,50.6928],[1.9411,50.6987],[1.9411,50.6987],[1.9411,50.6988],[1.9365,50.7095],[1.8942,50.7339],[1.892,50.7361],[1.8437,50.7615],[1.83,50.7741],[1.823,50.8027],[1.798,50.83],[1.798,50.83],[1.798,50.83],[1.7984,50.8407],[1.7984,50.8407],[1.7984,50.8407],[1.7934,50.8473],[1.7907,50.8499],[1.7696,50.8595],[1.707,50.8727],[1.685,50.8853],[1.6812,50.9025],[1.6809,50.9027],[1.6809,50.9027],[1.6803,50.903],[1.6802,50.903],[1.6802,50.903],[1.6802,50.903],[1.6806,50.9035],[1.69,50.9133],[1.7028,50.9226],[1.704,50.9235],[1.7083,50.9266],[1.7128,50.9295],[1.7166,50.9315],[1.7188,50.9327],[1.7247,50.9363],[1.7353,50.9406],[1.7437,50.9437],[1.7508,50.9456],[1.7761,50.9537],[1.7764,50.9534],[1.7764,50.9534],[1.7774,50.9526],[1.7978,50.9477],[1.7964,50.947],[1.7966,50.9468],[1.8093,50.9324],[1.8111,50.9322],[1.8266,50.9273],[1.8392,50.9177],[1.8481,50.8962],[1.8617,50.8898],[1.8709,50.8889],[1.8958,50.884],[1.8992,50.8823],[1.9061,50.8802],[1.9061,50.8802],[1.9061,50.8802],[1.9061,50.8802],[1.9061,50.8802],[1.906,50.88],[1.9059,50.8798],[1.9059,50.8798],[1.8965,50.8588],[1.8965,50.8588],[1.8965,50.8588],[1.8971,50.8453],[1.8982,50.8446],[1.8986,50.8443],[1.899,50.8441],[1.906,50.8402],[1.9064,50.84]]]},"properties":{"code":57,"nom":"TC - Hte Normandie Picardie","code_her1":9,"nom_her1":"TABLES CALCAIRES"}},{"type":"Feature","geometry":{"type":"Polygon","coordinates":[[[3.0571,50.6358],[3.1187,50.6285],[3.1748,50.6291],[3.1927,50.6266],[3.23,50.6225],[3.2578,50.6269],[3.2632,50.6173],[3.2693,50.6093],[3.2759,50.6026],[3.2762,50.5907],[3.1624,50.5587],[3.0791,50.5307],[2.9916,50.5207],[2.9313,50.4649],[3.0115,50.4333],[3.0568,50.4029],[3.0671,50.3738],[3.1664,50.3474],[3.2315,50.3318],[3.2827,50.3642],[3.361,50.3745],[3.4435,50.3969],[3.4827,50.3893],[3.5751,50.3827],[3.6289,50.404],[3.666,50.4054],[3.6745,50.4067],[3.675,50.397],[3.6739,50.3821],[3.6657,50.3759],[3.6623,50.3683],[3.6804,50.3287],[3.683,50.3254],[3.6919,50.3205],[3.7058,50.3087],[3.6307,50.2168],[3.6151,50.1303],[3.6328,50.0682],[3.6336,50.0396],[3.6584,50.0298],[3.6723,49.9953],[3.7094,49.9454],[3.7799,49.9322],[3.8128,49.948],[3.8755,49.971],[3.9007,50.0212],[3.9777,50.0249],[3.9826,49.9925],[4.0102,49.9797],[4.031,49.9804],[4.0204,49.968],[4.0359,49.9514],[4.0119,49.9377],[4.0216,49.9293],[4.0147,49.9035],[4.0179,49.9028],[4.0056,49.8388],[4.0389,49.7862],[4.0582,49.7492],[4.0784,49.7142],[4.117,49.7042],[4.145,49.6955],[4.1741,49.6932],[4.181,49.6672],[4.2057,49.6523],[4.2138,49.6326],[4.2242,49.6242],[4.2524,49.6123],[4.2599,49.592],[4.3555,49.5519],[4.3982,49.5435],[4.4285,49.4806],[4.4634,49.4603],[4.4776,49.4512],[4.5068,49.4317],[4.5399,49.428],[4.6017,49.4073],[4.6255,49.3387],[4.7113,49.2571],[4.7437,49.1863],[4.7458,49.1687],[4.7992,49.1091],[4.8088,49.0898],[4.8292,49.0718],[4.8455,49.059],[4.8585,49.0279],[4.8594,48.9994],[4.8605,48.9521],[4.8575,48.9336],[4.8565,48.9203],[4.8568,48.9137],[4.8454,48.8987],[4.8403,48.8907],[4.8332,48.8656],[4.8297,48.8536],[4.8282,48.8459],[4.809,48.8429],[4.8007,48.8333],[4.7778,48.8279],[4.7401,48.8202],[4.71,48.8072],[4.6829,48.7746],[4.6058,48.7417],[4.5553,48.731],[4.5666,48.6963],[4.5754,48.6728],[4.5875,48.6349],[4.565,48.6132],[4.5371,48.6021],[4.5246,48.5841],[4.5242,48.5529],[4.5496,48.5271],[4.5699,48.5235],[4.5753,48.4896],[4.5446,48.4805],[4.5083,48.4753],[4.4832,48.4582],[4.4006,48.4454],[4.3901,48.4261],[4.3453,48.4035],[4.3363,48.3971],[4.3282,48.3882],[4.2823,48.3617],[4.256,48.3348],[4.2439,48.3246],[4.2365,48.3072],[4.2176,48.2965],[4.1921,48.291],[4.1602,48.298],[4.1098,48.3046],[4.0649,48.2709],[4.0452,48.2647],[3.9965,48.2628],[3.9963,48.2264],[3.9969,48.2127],[4.0243,48.1584],[4.0328,48.1505],[4.0143,48.1482],[4.0044,48.1438],[3.9954,48.1342],[3.9387,48.1226],[3.9111,48.1061],[3.88,48.1052],[3.8374,48.1071],[3.8277,48.1059],[3.8179,48.1021],[3.8004,48.1036],[3.7926,48.1018],[3.7848,48.098],[3.7751,48.0975],[3.7692,48.0949],[3.7624,48.0937],[3.7575,48.0951],[3.7478,48.0899],[3.7332,48.0842],[3.7321,48.0833],[3.7114,48.0742],[3.6889,48.0647],[3.666,48.0403],[3.654,48.0242],[3.6291,48.0005],[3.6245,47.981],[3.5946,47.9703],[3.5656,47.9556],[3.5085,47.945],[3.4845,47.9247],[3.4485,47.926],[3.4274,47.9113],[3.3881,47.8884],[3.375,47.854],[3.3444,47.8468],[3.3078,47.8246],[3.3065,47.8497],[3.3038,47.8994],[3.2923,47.9507],[3.1816,47.9567],[3.1567,47.9745],[3.1451,48.0029],[3.1451,48.003],[3.1457,48.0428],[3.156,48.0597],[3.1562,48.0718],[3.1372,48.0767],[3.1606,48.0955],[3.1606,48.0955],[3.1594,48.1475],[3.1195,48.1769],[3.0218,48.2065],[2.9797,48.1574],[2.9246,48.1036],[2.9713,47.9601],[2.9713,47.9601],[2.9544,47.9091],[2.9339,47.888],[2.918,47.8649],[2.8485,47.8536],[2.8382,47.8399],[2.8323,47.8321],[2.8232,47.8252],[2.8138,47.8236],[2.7839,47.8366],[2.7698,47.8455],[2.7689,47.8461],[2.7604,47.8515],[2.7547,47.8556],[2.7459,47.8585],[2.7355,47.8519],[2.7311,47.843],[2.6758,47.8433],[2.6393,47.883],[2.5469,47.9128],[2.4876,47.9393],[2.4692,47.9619],[2.4956,47.9695],[2.4727,48.0139],[2.4263,48.0509],[2.3366,48.0675],[2.2873,48.0829],[2.2245,48.0958],[2.1642,48.102],[2.1307,48.0958],[2.0943,48.0754],[2.0307,48.0222],[1.9857,47.9241],[1.9069,47.9096],[1.8038,47.895],[1.7961,47.8858],[1.779,47.8748],[1.7646,47.8708],[1.7309,47.8614],[1.7163,47.854],[1.6906,47.841],[1.6913,47.8401],[1.6799,47.8316],[1.6503,47.8097],[1.6115,47.7826],[1.5992,47.768],[1.5829,47.7487],[1.5759,47.7425],[1.5662,47.7338],[1.5424,47.7171],[1.5135,47.6969],[1.4947,47.6867],[1.4846,47.6813],[1.4705,47.6705],[1.4341,47.6427],[1.407,47.6242],[1.3846,47.6073],[1.3701,47.5958],[1.3579,47.5905],[1.3118,47.5902],[1.293,47.5913],[1.2786,47.597],[1.2697,47.6032],[1.2582,47.6089],[1.248,47.6071],[1.2257,47.5992],[1.2145,47.6029],[1.2026,47.6088],[1.0902,47.7502],[1.1044,47.7623],[1.1257,47.7932],[1.125,47.8012],[1.1314,47.8104],[1.1321,47.8113],[1.1494,47.818],[1.1644,47.8165],[1.18,47.8012],[1.1832,47.7991],[1.2008,47.8024],[1.2022,47.8042],[1.2236,47.8153],[1.2569,47.8128],[1.2719,47.8186],[1.2936,47.8313],[1.3304,47.8421],[1.3491,47.8415],[1.3753,47.8367],[1.4193,47.8195],[1.438,47.8163],[1.4557,47.8198],[1.4652,47.8336],[1.4577,47.8487],[1.4454,47.8588],[1.4059,47.8746],[1.2995,47.9123],[1.2923,47.9161],[1.2844,47.9235],[1.2807,47.9439],[1.2796,47.9473],[1.2723,47.9585],[1.2727,47.9679],[1.2831,47.9765],[1.2863,47.9776],[1.3084,47.972],[1.3471,47.9654],[1.3658,47.9775],[1.3861,47.9979],[1.3775,48.0061],[1.3566,48.0116],[1.3226,48.0189],[1.3021,48.035],[1.3485,48.08],[1.3504,48.0839],[1.3566,48.0895],[1.3748,48.1062],[1.3891,48.1108],[1.4069,48.1239],[1.4093,48.1305],[1.4261,48.1427],[1.4296,48.1493],[1.3969,48.1599],[1.3942,48.167],[1.3962,48.1702],[1.3883,48.1837],[1.3869,48.1949],[1.3893,48.2064],[1.3886,48.2092],[1.4027,48.23],[1.4205,48.239],[1.4503,48.2475],[1.464,48.2496],[1.5336,48.2664],[1.5357,48.3163],[1.44,48.3712],[1.4743,48.4403],[1.4411,48.5083],[1.4286,48.5339],[1.3522,48.5978],[1.226,48.7082],[1.1047,48.7745],[1.0418,48.8058],[1.0409,48.8062],[1.1161,48.8727],[1.1161,48.8727],[1.1161,48.8727],[1.1099,48.905],[1.1099,48.905],[1.1099,48.905],[1.1382,48.9455],[1.1872,48.9758],[1.1872,48.9758],[1.1872,48.9758],[1.1953,49.0954],[1.1862,49.118],[1.1862,49.118],[1.1862,49.118],[1.2258,49.1641],[1.2259,49.164],[1.2265,49.1636],[1.2265,49.1636],[1.2266,49.1636],[1.261,49.1409],[1.2702,49.0951],[1.2922,49.0867],[1.3402,49.0558],[1.3797,49.0225],[1.4254,48.9838],[1.4411,48.9724],[1.4383,48.9591],[1.4449,48.947],[1.4522,48.9408],[1.4571,48.9325],[1.4668,48.9156],[1.4815,48.8904],[1.4856,48.8819],[1.5165,48.8601],[1.5399,48.8533],[1.5602,48.848],[1.5752,48.8425],[1.5866,48.8202],[1.6101,48.8076],[1.6236,48.7987],[1.625,48.7856],[1.6198,48.7753],[1.6135,48.7629],[1.6142,48.762],[1.6065,48.751],[1.6059,48.741],[1.5952,48.7271],[1.5863,48.7078],[1.5614,48.6977],[1.5726,48.6729],[1.5925,48.6657],[1.6347,48.6462],[1.6365,48.6346],[1.6377,48.6228],[1.6691,48.612],[1.6787,48.5982],[1.6749,48.5966],[1.6469,48.5987],[1.643,48.5838],[1.6515,48.5695],[1.6479,48.5563],[1.6506,48.5504],[1.6823,48.5343],[1.7339,48.5023],[1.7357,48.4929],[1.8621,48.5034],[1.9933,48.481],[2.1012,48.5018],[2.2184,48.5008],[2.4525,48.5124],[2.5246,48.4799],[2.5997,48.465],[2.7402,48.4586],[2.7392,48.4287],[2.7486,48.4086],[2.7843,48.4123],[2.7952,48.4062],[2.7817,48.3883],[2.7997,48.3817],[2.8071,48.3715],[2.8525,48.383],[2.8886,48.386],[2.9017,48.3896],[2.9587,48.3904],[2.9796,48.3987],[3.0007,48.4076],[3.0221,48.4025],[3.0437,48.4074],[3.073,48.4207],[3.0809,48.4417],[3.0963,48.4543],[3.1255,48.4575],[3.1549,48.4758],[3.1717,48.4968],[3.2149,48.5015],[3.2331,48.5224],[3.2752,48.5381],[3.2957,48.5489],[3.2643,48.4961],[3.3124,48.4915],[3.3533,48.5038],[3.3901,48.506],[3.4451,48.5274],[3.4784,48.5422],[3.5191,48.5461],[3.5266,48.5623],[3.5334,48.5959],[3.5555,48.6037],[3.5734,48.6018],[3.5931,48.5931],[3.6065,48.6075],[3.6214,48.6077],[3.662,48.5957],[3.6675,48.6104],[3.6902,48.6174],[3.6832,48.6327],[3.6841,48.6707],[3.6972,48.6768],[3.714,48.6768],[3.7222,48.6921],[3.7243,48.7127],[3.7275,48.7298],[3.7282,48.7307],[3.7419,48.7378],[3.755,48.7332],[3.758,48.7376],[3.7848,48.7507],[3.8263,48.7562],[3.8244,48.7701],[3.8145,48.7747],[3.8074,48.7807],[3.8015,48.788],[3.7873,48.7933],[3.7806,48.8138],[3.7709,48.8269],[3.795,48.8236],[3.8244,48.8436],[3.8245,48.8447],[3.8311,48.8519],[3.8515,48.8673],[3.8539,48.8748],[3.8654,48.8785],[3.8967,48.879],[3.9187,48.8921],[3.9253,48.8982],[3.9484,48.9165],[3.9647,48.9229],[3.9739,48.9199],[3.9756,48.919],[3.9771,48.8914],[3.9822,48.8727],[3.994,48.8761],[3.9997,48.8992],[4.0126,48.9248],[4.0216,48.9426],[4.0197,48.9511],[4.0166,48.9622],[4.0105,48.9923],[4.0146,49.0041],[4.0036,49.0158],[3.9574,49.0381],[3.9531,49.0462],[3.9744,49.0599],[4.0471,49.0428],[4.0586,49.0451],[4.0874,49.0546],[4.0996,49.0671],[4.1312,49.0967],[4.1613,49.1008],[4.1748,49.1099],[4.2025,49.1138],[4.2039,49.1145],[4.2081,49.1284],[4.1984,49.1428],[4.184,49.1546],[4.1661,49.1655],[4.1509,49.1695],[4.1378,49.1666],[4.1378,49.1655],[4.1224,49.1592],[4.107,49.1583],[4.0727,49.1639],[4.0492,49.1754],[4.0329,49.1755],[3.9933,49.1832],[3.9705,49.1875],[3.9569,49.1929],[3.9362,49.204],[3.9094,49.2213],[3.8906,49.2378],[3.8688,49.2356],[3.8567,49.2459],[3.8104,49.2709],[3.8352,49.2871],[3.8657,49.2958],[3.8991,49.313],[3.9135,49.3325],[3.9111,49.3443],[3.9003,49.3532],[3.8956,49.3698],[3.8836,49.3734],[3.8697,49.3815],[3.8425,49.3748],[3.8235,49.3782],[3.7805,49.374],[3.7592,49.3803],[3.7724,49.4082],[3.7993,49.4269],[3.8057,49.4465],[3.8029,49.4571],[3.8178,49.4608],[3.8281,49.4671],[3.8307,49.4699],[3.8291,49.4735],[3.8389,49.4784],[3.8405,49.4888],[3.8529,49.5047],[3.8563,49.5148],[3.859,49.5245],[3.8464,49.5303],[3.8462,49.5303],[3.8462,49.5303],[3.8339,49.5424],[3.7632,49.5443],[3.7286,49.5496],[3.6965,49.5625],[3.6549,49.574],[3.6214,49.5606],[3.5733,49.5729],[3.5484,49.5772],[3.5189,49.5795],[3.5143,49.5942],[3.4947,49.5999],[3.4782,49.6193],[3.3671,49.6401],[3.3441,49.6196],[3.3003,49.6172],[3.2899,49.6274],[3.2749,49.6903],[3.2333,49.7091],[3.2166,49.7139],[3.2163,49.714],[3.2163,49.714],[3.2163,49.714],[3.2158,49.7144],[3.2157,49.7145],[3.1535,49.7644],[3.1535,49.7644],[3.1535,49.7644],[3.209,49.8549],[3.2535,49.9268],[3.2535,49.9268],[3.2535,49.9268],[3.1294,50.0367],[3.129,50.0371],[3.1286,50.0372],[2.9741,50.0822],[2.6309,50.1557],[2.6308,50.1557],[2.6301,50.1562],[2.4897,50.2561],[2.4937,50.3538],[2.4937,50.3538],[2.4937,50.3538],[2.6102,50.3792],[2.6102,50.3792],[2.6102,50.3792],[2.6099,50.4252],[2.5506,50.47],[2.5506,50.47],[2.5506,50.47],[2.5843,50.5019],[2.5844,50.5019],[2.5852,50.5017],[2.6112,50.4945],[2.6626,50.4882],[2.7122,50.4961],[2.7143,50.5165],[2.7596,50.513],[2.7901,50.5107],[2.8804,50.5091],[2.938,50.5305],[3.0024,50.55],[2.994,50.5892],[3.0004,50.6187],[3.0342,50.6295],[3.0571,50.6358]]]},"properties":{"code":38,"nom":"TC-aureole cretace","code_her1":9,"nom_her1":"TABLES CALCAIRES"}},{"type":"Feature","geometry":{"type":"Polygon","coordinates":[[[5.3203,46.1831],[5.3178,46.1684],[5.3176,46.149],[5.3219,46.1123],[5.3215,46.0999],[5.3231,46.0879],[5.321,46.081],[5.3196,46.0696],[5.3108,46.0482],[5.2933,46.0159],[5.289,46.0205],[5.2532,46.0056],[5.2507,45.9962],[5.2677,45.9976],[5.2697,45.9934],[5.2349,45.9394],[5.218,45.9339],[5.1779,45.9515],[5.1903,45.9335],[5.2087,45.9245],[5.1792,45.8978],[5.137,45.8766],[5.1324,45.8691],[5.0881,45.8537],[5.0245,45.8459],[4.9954,45.8409],[4.976,45.833],[4.8951,45.8056],[4.8819,45.8021],[4.8624,45.7908],[4.8578,45.796],[4.8501,45.8097],[4.862,45.8148],[4.8623,45.8279],[4.8477,45.8446],[4.8493,45.8726],[4.8196,45.905],[4.822,45.9303],[4.8218,45.948],[4.809,45.9622],[4.7938,45.9677],[4.7924,45.982],[4.796,45.9923],[4.793,46.0071],[4.7661,46.0287],[4.7761,46.0529],[4.7884,46.0524],[4.7957,46.0545],[4.8062,46.0585],[4.8171,46.071],[4.8242,46.0849],[4.8404,46.0997],[4.8577,46.1093],[4.873,46.1212],[4.8795,46.1316],[4.8908,46.1338],[4.9093,46.1447],[4.8923,46.1515],[4.8847,46.1589],[4.8896,46.1618],[4.8846,46.178],[4.912,46.1945],[4.9638,46.1893],[4.9789,46.1868],[4.9877,46.1772],[4.9933,46.1618],[5.003,46.1627],[5.0117,46.1649],[5.0055,46.1842],[5.0086,46.1885],[5.0266,46.1887],[5.042,46.1964],[5.0566,46.2075],[5.0761,46.2163],[5.0987,46.2146],[5.1176,46.2125],[5.1488,46.2119],[5.1613,46.1945],[5.1857,46.1781],[5.1968,46.1775],[5.2177,46.17],[5.2331,46.1934],[5.2512,46.1973],[5.2645,46.2007],[5.2761,46.2004],[5.2829,46.2002],[5.29,46.1963],[5.301,46.1937],[5.3203,46.1831]]]},"properties":{"code":7,"nom":"Dombes","code_her1":15,"nom_her1":"PLAINE SAONE"}},{"type":"Feature","geometry":{"type":"Polygon","coordinates":[[[6.6829,45.9171],[6.6857,45.9144],[6.7106,45.9091],[6.7267,45.9153],[6.7346,45.9259],[6.7352,45.9326],[6.7452,45.9376],[6.7647,45.9308],[6.7572,45.9677],[6.781,45.9781],[6.8099,45.9844],[6.8208,45.9944],[6.8442,46.0159],[6.8513,46.0299],[6.8555,46.0387],[6.8709,46.0498],[6.895,46.0428],[6.9197,46.0554],[6.9268,46.0648],[6.9354,46.064],[6.9431,46.0605],[6.9626,46.0355],[6.9659,46.0303],[6.9798,46.0239],[6.9855,46.0175],[6.9894,46.0021],[7.0034,46.0014],[7.0099,46.0],[7.0227,45.9743],[7.0133,45.9726],[7.019,45.9588],[7.0402,45.9511],[7.0457,45.9212],[7.0075,45.8975],[6.9959,45.8688],[6.9519,45.8578],[6.9451,45.8452],[6.8939,45.8429],[6.8852,45.8489],[6.8814,45.8423],[6.8761,45.836],[6.872,45.8274],[6.8599,45.8343],[6.8475,45.8428],[6.8205,45.8357],[6.8166,45.8304],[6.8089,45.8135],[6.8167,45.8096],[6.8132,45.8002],[6.8021,45.7781],[6.8072,45.7618],[6.7872,45.753],[6.741,45.7518],[6.7217,45.7674],[6.6986,45.7937],[6.6846,45.8251],[6.6739,45.8457],[6.6462,45.8735],[6.6369,45.882],[6.6509,45.9044],[6.68,45.9154],[6.6829,45.9171]]]},"properties":{"code":8,"nom":"Massif du Mont Blanc","code_her1":2,"nom_her1":"ALPES INTERNES"}},{"type":"Feature","geometry":{"type":"Polygon","coordinates":[[[6.1268,46.5734],[6.1045,46.5673],[6.0565,46.5706],[5.9932,46.561],[5.9511,46.5441],[5.9135,46.522],[5.8577,46.4772],[5.8084,46.4588],[5.7797,46.4613],[5.7612,46.4735],[5.7498,46.4936],[5.7742,46.5446],[5.8062,46.5934],[5.8303,46.6309],[5.898,46.7069],[5.9504,46.7684],[5.9785,46.8257],[6.0106,46.8712],[6.0564,46.9183],[6.1011,46.953],[6.1643,46.9875],[6.1964,46.9947],[6.2354,46.9967],[6.2756,47.0153],[6.3061,47.0341],[6.3396,47.0596],[6.376,47.0899],[6.4196,47.1199],[6.5328,47.1657],[6.6332,47.2019],[6.7218,47.2418],[6.8003,47.2753],[6.8962,47.3115],[6.9664,47.332],[7.0598,47.347],[7.0487,47.3264],[7.0217,47.3249],[7.0117,47.2983],[6.9505,47.2877],[6.9535,47.2632],[6.9618,47.2354],[6.9517,47.2338],[6.9414,47.2268],[6.9328,47.2228],[6.9231,47.2182],[6.922,47.2165],[6.9187,47.2116],[6.9075,47.208],[6.904,47.2016],[6.8969,47.1938],[6.887,47.1849],[6.8767,47.1761],[6.8619,47.1706],[6.8604,47.1631],[6.865,47.158],[6.8528,47.1487],[6.8521,47.1429],[6.8371,47.1334],[6.8297,47.1293],[6.8165,47.1225],[6.8114,47.1212],[6.8074,47.1202],[6.7874,47.1084],[6.7743,47.109],[6.7656,47.1058],[6.7578,47.1036],[6.7584,47.0953],[6.7556,47.0898],[6.7457,47.0866],[6.7307,47.0817],[6.7289,47.0704],[6.7231,47.0637],[6.7173,47.0572],[6.7165,47.0484],[6.7023,47.0391],[6.6905,47.0343],[6.6828,47.0302],[6.6717,47.0259],[6.6692,47.0177],[6.6618,47.0111],[6.6576,47.0078],[6.651,47.0026],[6.6465,46.9935],[6.6354,46.9871],[6.624,46.9855],[6.6116,46.9854],[6.6043,46.9819],[6.5941,46.9771],[6.5803,46.9706],[6.57,46.9754],[6.5556,46.9755],[6.5482,46.9719],[6.5422,46.9708],[6.5327,46.9692],[6.5272,46.9655],[6.5243,46.9637],[6.5116,46.9601],[6.4999,46.9597],[6.4912,46.9595],[6.4842,46.9525],[6.4736,46.9432],[6.4643,46.9329],[6.4564,46.9237],[6.4477,46.9164],[6.4503,46.9086],[6.468,46.9044],[6.4686,46.8954],[6.4732,46.8909],[6.4752,46.889],[6.4775,46.88],[6.4717,46.8722],[6.4683,46.8647],[6.4706,46.8564],[6.4665,46.844],[6.453,46.8293],[6.4393,46.8197],[6.4442,46.8082],[6.4532,46.8057],[6.4685,46.8038],[6.4681,46.79],[6.4573,46.7795],[6.4543,46.7719],[6.4453,46.7715],[6.4339,46.7642],[6.4222,46.758],[6.4149,46.752],[6.414,46.7514],[6.3984,46.7404],[6.3622,46.7182],[6.3311,46.701],[6.2851,46.6759],[6.2757,46.6708],[6.2637,46.6659],[6.248,46.6576],[6.2457,46.6516],[6.2284,46.642],[6.2153,46.6328],[6.206,46.6241],[6.1944,46.6151],[6.179,46.6041],[6.1634,46.6005],[6.1473,46.5886],[6.1268,46.5734]]]},"properties":{"code":3,"nom":"Jura nord","code_her1":5,"nom_her1":"JURA-PREALPES DU NORD"}},{"type":"Feature","geometry":{"type":"Polygon","coordinates":[[[5.7816,47.0287],[5.7592,47.0214],[5.7377,47.0255],[5.6478,47.0164],[5.613,47.0168],[5.5574,47.0242],[5.5403,47.0307],[5.5288,47.0347],[5.5219,47.0437],[5.5071,47.0439],[5.4983,47.0527],[5.4459,47.0611],[5.4618,47.072],[5.4979,47.0963],[5.515,47.0946],[5.5396,47.1],[5.5443,47.1137],[5.578,47.1359],[5.5914,47.1379],[5.6119,47.1438],[5.6492,47.1494],[5.673,47.1425],[5.7028,47.1517],[5.7288,47.151],[5.79,47.1777],[5.8198,47.18],[5.8326,47.1472],[5.8248,47.1348],[5.8182,47.124],[5.7806,47.0671],[5.7861,47.0507],[5.7921,47.032],[5.7816,47.0287]]]},"properties":{"code":4,"nom":"Foret de Chaux","code_her1":15,"nom_her1":"PLAINE SAONE"}},{"type":"Feature","geometry":{"type":"Polygon","coordinates":[[[6.1799,45.2019],[6.1861,45.2371],[6.1993,45.2628],[6.2887,45.3513],[6.3,45.3704],[6.3358,45.4048],[6.3681,45.4158],[6.3951,45.4329],[6.4286,45.4801],[6.4504,45.5035],[6.4754,45.5197],[6.4814,45.534],[6.5227,45.53],[6.5502,45.534],[6.6055,45.5631],[6.6884,45.5771],[6.7232,45.5999],[6.7818,45.65],[6.8114,45.6962],[6.8275,45.716],[6.83,45.7065],[6.8493,45.6905],[6.8904,45.676],[6.901,45.6795],[6.9141,45.6749],[6.9053,45.6633],[6.921,45.6523],[6.9421,45.6454],[6.9681,45.6559],[6.978,45.6507],[6.9945,45.6432],[7.0055,45.6384],[6.9954,45.6276],[6.9879,45.6191],[6.9869,45.6095],[6.9364,45.6008],[6.8943,45.5783],[6.865,45.5715],[6.8456,45.5803],[6.8285,45.581],[6.7828,45.5486],[6.7203,45.5208],[6.7046,45.5033],[6.6953,45.4762],[6.6967,45.4369],[6.7079,45.4153],[6.7108,45.3918],[6.7123,45.3804],[6.6853,45.3472],[6.6461,45.3205],[6.64,45.2784],[6.6515,45.2618],[6.6542,45.2224],[6.6387,45.1696],[6.5816,45.1496],[6.5621,45.1373],[6.5577,45.1163],[6.6327,45.1126],[6.634,45.1077],[6.5302,45.093],[6.5241,45.0882],[6.5245,45.0741],[6.4776,45.0754],[6.4342,45.0781],[6.3473,45.0643],[6.326,45.0609],[6.2834,45.0604],[6.2327,45.0682],[6.2028,45.0874],[6.1801,45.1094],[6.1746,45.1317],[6.1838,45.1626],[6.1799,45.2019]]]},"properties":{"code":9,"nom":"Massif Schisteux Maurienne Tarentaise","code_her1":2,"nom_her1":"ALPES INTERNES"}},{"type":"Feature","geometry":{"type":"Polygon","coordinates":[[[2.3578,42.8395],[2.3515,42.8426],[2.2906,42.8732],[2.3059,42.9168],[2.2746,42.9308],[2.2692,42.9395],[2.2744,42.9701],[2.272,43.0092],[2.2799,43.022],[2.3029,43.0445],[2.317,43.0522],[2.3396,43.0658],[2.3478,43.071],[2.3615,43.0734],[2.3884,43.0808],[2.4092,43.0937],[2.4471,43.1051],[2.5028,43.1239],[2.509,43.1188],[2.5044,43.1056],[2.4607,43.0757],[2.4653,43.0716],[2.4874,43.0649],[2.5192,43.0508],[2.5201,43.0499],[2.524,43.0393],[2.5019,43.0187],[2.4997,43.013],[2.5092,43.0068],[2.5374,42.9953],[2.5554,42.9968],[2.5849,43.0057],[2.6073,43.0076],[2.6206,43.0033],[2.6266,42.9873],[2.6619,42.9623],[2.6635,42.9611],[2.6721,42.937],[2.6769,42.9114],[2.673,42.8995],[2.672,42.8984],[2.6459,42.8817],[2.6052,42.8647],[2.5768,42.8546],[2.5686,42.8451],[2.5648,42.8378],[2.5628,42.8342],[2.5503,42.8274],[2.5077,42.8241],[2.4615,42.8251],[2.3782,42.8371],[2.3578,42.8395]]]},"properties":{"code":114,"nom":"Corbieres","code_her1":6,"nom_her1":"MEDITERRANEEN"}},{"type":"Feature","geometry":{"type":"Polygon","coordinates":[[[5.3058,44.8957],[5.3244,44.8969],[5.3388,44.8736],[5.3594,44.8533],[5.4305,44.8513],[5.4484,44.847],[5.4741,44.8296],[5.5134,44.8138],[5.5551,44.8062],[5.6229,44.8078],[5.6298,44.7803],[5.6466,44.7624],[5.6714,44.749],[5.6822,44.7487],[5.6885,44.7567],[5.7222,44.7537],[5.7324,44.7258],[5.7563,44.7205],[5.7828,44.7313],[5.7857,44.7523],[5.8,44.7974],[5.8092,44.8064],[5.825,44.8082],[5.8735,44.7917],[5.8856,44.7758],[5.8953,44.7725],[5.9116,44.7731],[5.9378,44.7837],[5.9531,44.782],[5.9632,44.7567],[5.9777,44.7426],[5.9859,44.7345],[6.0019,44.6812],[6.0078,44.6742],[6.0269,44.6731],[6.038,44.6677],[6.0474,44.6551],[6.0565,44.6384],[6.0616,44.6],[6.0597,44.5914],[6.0307,44.566],[6.0051,44.5641],[5.9934,44.5709],[5.9687,44.5726],[5.9528,44.5631],[5.9593,44.5456],[5.9683,44.5442],[5.9779,44.5296],[5.9766,44.4874],[5.9626,44.4667],[5.9159,44.441],[5.9165,44.4269],[5.9268,44.4135],[5.9165,44.4048],[5.8909,44.4006],[5.8549,44.4088],[5.849,44.4049],[5.8523,44.3897],[5.8474,44.3778],[5.7992,44.3713],[5.7841,44.3768],[5.7963,44.3915],[5.8234,44.3987],[5.834,44.4115],[5.8316,44.4176],[5.804,44.4265],[5.7975,44.4348],[5.797,44.4489],[5.8063,44.4637],[5.8188,44.4694],[5.8328,44.4832],[5.8321,44.4938],[5.82,44.5027],[5.822,44.5122],[5.846,44.525],[5.8451,44.5336],[5.8309,44.5421],[5.7993,44.5431],[5.7719,44.5676],[5.7204,44.5846],[5.706,44.593],[5.6768,44.5929],[5.6532,44.5986],[5.6328,44.6113],[5.616,44.637],[5.5955,44.6477],[5.5451,44.6552],[5.5202,44.663],[5.5125,44.6704],[5.5077,44.682],[5.4929,44.689],[5.4839,44.6984],[5.4675,44.7027],[5.4403,44.7296],[5.4342,44.7491],[5.4357,44.7737],[5.4225,44.7944],[5.4035,44.8071],[5.3842,44.8116],[5.3801,44.8051],[5.3724,44.8052],[5.3299,44.8228],[5.3282,44.8372],[5.2973,44.8328],[5.2232,44.8005],[5.1995,44.8001],[5.2004,44.811],[5.1972,44.8304],[5.2036,44.8453],[5.227,44.8588],[5.2671,44.8688],[5.2879,44.8874],[5.3058,44.8957]]]},"properties":{"code":13,"nom":"Devoluy Vercors sud","code_her1":7,"nom_her1":"PREALPES DU SUD"}},{"type":"Feature","geometry":{"type":"Polygon","coordinates":[[[5.1728,44.1638],[5.2159,44.2427],[5.2109,44.2529],[5.1736,44.2779],[5.15,44.2853],[5.1358,44.3035],[5.1446,44.3193],[5.1394,44.3279],[5.1471,44.3362],[5.1483,44.3479],[5.1106,44.3993],[5.0765,44.4279],[5.0009,44.462],[4.9835,44.4805],[4.9759,44.4978],[4.9926,44.5246],[4.9955,44.5557],[5.0089,44.5715],[5.0583,44.6035],[5.0688,44.6153],[5.07,44.6415],[5.0605,44.6478],[5.0464,44.6491],[5.0356,44.6574],[5.042,44.6744],[5.084,44.6993],[5.093,44.7079],[5.0963,44.7102],[5.1163,44.7213],[5.121,44.7313],[5.1205,44.7494],[5.0971,44.7621],[5.0952,44.7699],[5.1129,44.7856],[5.1369,44.7913],[5.1509,44.7892],[5.1802,44.8083],[5.2004,44.811],[5.1995,44.8001],[5.2232,44.8005],[5.2973,44.8328],[5.3282,44.8372],[5.3299,44.8228],[5.3724,44.8052],[5.3801,44.8051],[5.3842,44.8116],[5.4035,44.8071],[5.4225,44.7944],[5.4357,44.7737],[5.4342,44.7491],[5.4403,44.7296],[5.4675,44.7027],[5.4839,44.6984],[5.4929,44.689],[5.5077,44.682],[5.5125,44.6704],[5.5202,44.663],[5.5451,44.6552],[5.5955,44.6477],[5.616,44.637],[5.6328,44.6113],[5.6532,44.5986],[5.6768,44.5929],[5.706,44.593],[5.7204,44.5846],[5.7719,44.5676],[5.7993,44.5431],[5.7738,44.5409],[5.7496,44.526],[5.7327,44.5264],[5.7182,44.5256],[5.6984,44.5335],[5.6887,44.5629],[5.6663,44.5508],[5.6408,44.5498],[5.6303,44.5437],[5.6312,44.5373],[5.6712,44.5121],[5.6867,44.4887],[5.6845,44.44],[5.6964,44.4265],[5.6854,44.4077],[5.6853,44.3941],[5.6933,44.3758],[5.7187,44.3538],[5.7235,44.3401],[5.7111,44.3083],[5.7592,44.3158],[5.7884,44.3124],[5.8138,44.303],[5.823,44.2826],[5.8204,44.2621],[5.8126,44.2574],[5.8136,44.2419],[5.8215,44.2362],[5.8128,44.2091],[5.8385,44.2056],[5.8494,44.198],[5.8502,44.1897],[5.841,44.1841],[5.813,44.1833],[5.8084,44.1638],[5.875,44.1629],[5.9202,44.1466],[5.9133,44.1185],[5.8361,44.1136],[5.7327,44.128],[5.6144,44.1513],[5.5611,44.1763],[5.4995,44.1795],[5.4709,44.1752],[5.4492,44.1627],[5.4301,44.1628],[5.3857,44.1579],[5.3191,44.1598],[5.2702,44.1734],[5.2256,44.1709],[5.1728,44.1638]]]},"properties":{"code":14,"nom":"Prealpes dromoises Baronnies","code_her1":7,"nom_her1":"PREALPES DU SUD"}},{"type":"Feature","geometry":{"type":"Polygon","coordinates":[[[5.9202,44.1466],[5.875,44.1629],[5.8084,44.1638],[5.813,44.1833],[5.841,44.1841],[5.8502,44.1897],[5.8494,44.198],[5.8385,44.2056],[5.8128,44.2091],[5.8215,44.2362],[5.8136,44.2419],[5.8126,44.2574],[5.8204,44.2621],[5.823,44.2826],[5.8138,44.303],[5.7884,44.3124],[5.7592,44.3158],[5.7111,44.3083],[5.7235,44.3401],[5.7187,44.3538],[5.6933,44.3758],[5.6853,44.3941],[5.6854,44.4077],[5.6964,44.4265],[5.6845,44.44],[5.6867,44.4887],[5.6712,44.5121],[5.6312,44.5373],[5.6303,44.5437],[5.6408,44.5498],[5.6663,44.5508],[5.6887,44.5629],[5.6984,44.5335],[5.7182,44.5256],[5.7327,44.5264],[5.7496,44.526],[5.7738,44.5409],[5.7993,44.5431],[5.8309,44.5421],[5.8451,44.5336],[5.846,44.525],[5.822,44.5122],[5.82,44.5027],[5.8321,44.4938],[5.8328,44.4832],[5.8188,44.4694],[5.8063,44.4637],[5.797,44.4489],[5.7975,44.4348],[5.804,44.4265],[5.8316,44.4176],[5.834,44.4115],[5.8234,44.3987],[5.7963,44.3915],[5.7841,44.3768],[5.7992,44.3713],[5.8474,44.3778],[5.8523,44.3897],[5.849,44.4049],[5.8549,44.4088],[5.8909,44.4006],[5.9165,44.4048],[5.9268,44.4135],[5.9165,44.4269],[5.9159,44.441],[5.9626,44.4667],[5.9766,44.4874],[5.9779,44.5296],[5.9683,44.5442],[5.9593,44.5456],[5.9528,44.5631],[5.9687,44.5726],[5.9934,44.5709],[6.0051,44.5641],[6.0307,44.566],[6.0597,44.5914],[6.0616,44.6],[6.0565,44.6384],[6.0474,44.6551],[6.038,44.6677],[6.0269,44.6731],[6.0078,44.6742],[6.0019,44.6812],[5.9859,44.7345],[6.0002,44.7382],[6.0149,44.742],[6.0533,44.751],[6.0693,44.7323],[6.095,44.7153],[6.1157,44.7081],[6.1367,44.6837],[6.156,44.678],[6.1905,44.6763],[6.2148,44.6799],[6.2511,44.6818],[6.2553,44.6779],[6.259,44.6745],[6.2397,44.66],[6.2092,44.648],[6.1956,44.6354],[6.19,44.6155],[6.1998,44.594],[6.2056,44.5921],[6.2235,44.5785],[6.2686,44.5687],[6.3079,44.5664],[6.3591,44.5518],[6.3747,44.5557],[6.3834,44.5709],[6.3948,44.5705],[6.4131,44.5589],[6.4463,44.5604],[6.4645,44.566],[6.5088,44.6135],[6.527,44.6183],[6.5313,44.6072],[6.5227,44.5939],[6.5215,44.5785],[6.5389,44.555],[6.5387,44.5195],[6.477,44.511],[6.4547,44.5018],[6.3954,44.5085],[6.3571,44.4881],[6.3934,44.4631],[6.3923,44.4468],[6.3578,44.4271],[6.3519,44.4155],[6.3634,44.3805],[6.4121,44.3168],[6.4147,44.3003],[6.4092,44.2833],[6.4023,44.2689],[6.3724,44.2409],[6.3889,44.2239],[6.3873,44.2194],[6.3728,44.2108],[6.3497,44.2062],[6.3304,44.2196],[6.3227,44.2536],[6.3067,44.2606],[6.3197,44.2828],[6.2903,44.334],[6.246,44.3356],[6.2235,44.3582],[6.1949,44.3665],[6.1543,44.3661],[6.1042,44.3569],[6.0859,44.3493],[6.0847,44.3312],[6.0969,44.3244],[6.1249,44.3253],[6.1397,44.3193],[6.1389,44.3084],[6.1309,44.3014],[6.09,44.2973],[6.0503,44.2705],[5.9797,44.2374],[5.9748,44.2193],[5.987,44.2135],[5.9866,44.2062],[5.9582,44.198],[5.9468,44.1863],[5.9619,44.1619],[5.982,44.1536],[6.0094,44.1692],[6.0227,44.1697],[6.0049,44.1461],[6.0083,44.127],[6.0103,44.1149],[6.0125,44.1041],[6.0154,44.0861],[5.9882,44.0721],[5.9962,44.1042],[5.9873,44.1204],[5.9575,44.1281],[5.9475,44.1355],[5.9202,44.1466]]]},"properties":{"code":15,"nom":"Gapencais Embrunais","code_her1":7,"nom_her1":"PREALPES DU SUD"}},{"type":"Feature","geometry":{"type":"Polygon","coordinates":[[[5.1593,43.9409],[5.1547,43.9427],[5.1523,43.9503],[5.1583,43.9592],[5.2342,43.991],[5.2706,44.0089],[5.2895,44.0235],[5.293,44.0636],[5.2791,44.0912],[5.2522,44.1091],[5.2174,44.1306],[5.1805,44.1396],[5.1462,44.152],[5.1728,44.1638],[5.2256,44.1709],[5.2702,44.1734],[5.3191,44.1598],[5.3857,44.1579],[5.4301,44.1628],[5.4492,44.1627],[5.4709,44.1752],[5.4995,44.1795],[5.5611,44.1763],[5.6144,44.1513],[5.7327,44.128],[5.8361,44.1136],[5.9133,44.1185],[5.9202,44.1466],[5.9475,44.1355],[5.9575,44.1281],[5.9873,44.1204],[5.9962,44.1042],[5.9882,44.0721],[5.9475,44.0511],[5.941,44.0493],[5.8515,44.039],[5.801,44.0238],[5.7726,44.0092],[5.7521,43.9891],[5.7382,43.9872],[5.7319,43.9918],[5.7217,43.9973],[5.7151,43.9998],[5.6556,43.9621],[5.6197,43.96],[5.5952,43.939],[5.5486,43.9232],[5.5182,43.9224],[5.4987,43.939],[5.4716,43.9505],[5.4492,43.9551],[5.3878,43.9517],[5.3349,43.9578],[5.3268,43.9641],[5.2617,43.957],[5.2284,43.9538],[5.2017,43.9369],[5.1677,43.9378],[5.1593,43.9409]]]},"properties":{"code":16,"nom":"Plateau calcaire de provence - ventoux","code_her1":7,"nom_her1":"PREALPES DU SUD"}},{"type":"Feature","geometry":{"type":"Polygon","coordinates":[[[2.6758,47.8433],[2.7011,47.8259],[2.7117,47.8124],[2.712,47.8021],[2.7156,47.7833],[2.7254,47.7626],[2.7255,47.7598],[2.7259,47.7418],[2.7262,47.7296],[2.718,47.7261],[2.7116,47.7235],[2.6878,47.7209],[2.6752,47.7084],[2.6711,47.7067],[2.6407,47.6888],[2.5855,47.6809],[2.5754,47.6709],[2.5696,47.6535],[2.5526,47.6348],[2.5122,47.6141],[2.4793,47.5916],[2.4386,47.5571],[2.4373,47.5562],[2.392,47.5455],[2.3703,47.539],[2.359,47.5329],[2.3438,47.5154],[2.3314,47.4822],[2.3098,47.4172],[2.2878,47.3678],[2.2696,47.3466],[2.2465,47.3359],[2.2245,47.3326],[2.2009,47.3314],[2.1338,47.3354],[2.0967,47.3326],[2.0649,47.3245],[1.9973,47.3042],[1.9715,47.2893],[1.9715,47.2882],[1.9479,47.2805],[1.9102,47.2868],[1.891,47.2869],[1.8451,47.2776],[1.7438,47.2992],[1.7067,47.3047],[1.6518,47.3082],[1.6501,47.308],[1.635,47.3078],[1.6093,47.3074],[1.5514,47.298],[1.5207,47.2899],[1.486,47.2996],[1.4641,47.3076],[1.4641,47.3087],[1.4216,47.3273],[1.377,47.3334],[1.3602,47.3458],[1.3409,47.3517],[1.3419,47.3565],[1.3277,47.3701],[1.3263,47.3705],[1.3061,47.3746],[1.3061,47.373],[1.2683,47.3725],[1.2386,47.377],[1.2084,47.3971],[1.201,47.4084],[1.2107,47.4157],[1.2316,47.4219],[1.2336,47.4219],[1.2464,47.4389],[1.2602,47.4541],[1.2615,47.4548],[1.2794,47.459],[1.315,47.4503],[1.3257,47.4522],[1.3071,47.4633],[1.3054,47.4723],[1.3054,47.4723],[1.3071,47.473],[1.3277,47.4832],[1.3311,47.4866],[1.3662,47.5073],[1.3675,47.508],[1.3675,47.508],[1.3662,47.5151],[1.3537,47.5169],[1.3023,47.5005],[1.2938,47.5031],[1.2877,47.5124],[1.2877,47.5124],[1.2877,47.5124],[1.3201,47.5357],[1.3258,47.5458],[1.339,47.5621],[1.34,47.5685],[1.3579,47.5905],[1.3701,47.5958],[1.3846,47.6073],[1.407,47.6242],[1.4341,47.6427],[1.4705,47.6705],[1.4846,47.6813],[1.4947,47.6867],[1.5135,47.6969],[1.5424,47.7171],[1.5662,47.7338],[1.5759,47.7425],[1.5829,47.7487],[1.5992,47.768],[1.6115,47.7826],[1.6503,47.8097],[1.6799,47.8316],[1.6913,47.8401],[1.6906,47.841],[1.7163,47.854],[1.7309,47.8614],[1.7646,47.8708],[1.779,47.8748],[1.7961,47.8858],[1.8038,47.895],[1.9069,47.9096],[1.9857,47.9241],[2.0307,48.0222],[2.0943,48.0754],[2.1307,48.0958],[2.1642,48.102],[2.2245,48.0958],[2.2873,48.0829],[2.3366,48.0675],[2.4263,48.0509],[2.4727,48.0139],[2.4956,47.9695],[2.4692,47.9619],[2.4876,47.9393],[2.5469,47.9128],[2.6393,47.883],[2.6758,47.8433]]]},"properties":{"code":28,"nom":"Sologne-Foret d'Orleans","code_her1":20,"nom_her1":"DEPOTS ARGILO SABLEUX"}},{"type":"Feature","geometry":{"type":"Polygon","coordinates":[[[-0.6689,49.3463],[-0.6599,49.3458],[-0.6499,49.3468],[-0.6473,49.346],[-0.6386,49.3452],[-0.6328,49.3422],[-0.6154,49.3406],[-0.6087,49.3402],[-0.5951,49.3415],[-0.5789,49.3447],[-0.5758,49.3451],[-0.5546,49.3476],[-0.5481,49.3483],[-0.5067,49.3482],[-0.4747,49.3427],[-0.4664,49.3412],[-0.4581,49.3376],[-0.4573,49.3362],[-0.4306,49.3352],[-0.4132,49.336],[-0.3952,49.3331],[-0.369,49.326],[-0.3614,49.3233],[-0.3485,49.3182],[-0.3324,49.3116],[-0.3178,49.3043],[-0.311,49.3016],[-0.2983,49.2974],[-0.2825,49.2935],[-0.2639,49.2912],[-0.2479,49.2907],[-0.2465,49.2855],[-0.2274,49.2774],[-0.2273,49.2753],[-0.2302,49.2721],[-0.2332,49.2701],[-0.2357,49.2696],[-0.2393,49.2719],[-0.2415,49.2721],[-0.2434,49.2716],[-0.2452,49.2691],[-0.2391,49.2693],[-0.2377,49.2685],[-0.1909,49.2332],[-0.243,49.2165],[-0.2416,49.1388],[-0.1963,49.0742],[-0.1963,49.0742],[-0.1155,49.0862],[-0.0349,49.0533],[-0.0555,49.0098],[-0.1257,48.972],[-0.1419,48.9233],[-0.2008,48.9038],[-0.2108,48.9167],[-0.231,48.9175],[-0.2827,48.9169],[-0.302,48.9276],[-0.2991,48.9389],[-0.2981,48.9519],[-0.2984,48.975],[-0.2997,48.9994],[-0.2976,49.0153],[-0.2971,49.021],[-0.307,49.0441],[-0.3287,49.0561],[-0.3561,49.0724],[-0.3591,49.0744],[-0.3654,49.0811],[-0.37,49.1058],[-0.4255,49.1235],[-0.4334,49.1195],[-0.4532,49.1168],[-0.4638,49.128],[-0.5129,49.1416],[-0.5494,49.1298],[-0.5593,49.1341],[-0.5703,49.129],[-0.5972,49.1378],[-0.6116,49.1463],[-0.6245,49.1586],[-0.673,49.1497],[-0.6825,49.157],[-0.7039,49.1742],[-0.6794,49.2128],[-0.6812,49.2431],[-0.6798,49.2633],[-0.6672,49.3134],[-0.7031,49.3343],[-0.7259,49.3476],[-0.7143,49.348],[-0.6926,49.3475],[-0.68,49.3465],[-0.6689,49.3463]]]},"properties":{"code":30,"nom":"Pays de Caen","code_her1":9,"nom_her1":"TABLES CALCAIRES"}},{"type":"Feature","geometry":{"type":"Polygon","coordinates":[[[1.707,50.8727],[1.7696,50.8595],[1.7907,50.8499],[1.7934,50.8473],[1.7984,50.8407],[1.7984,50.8407],[1.7984,50.8407],[1.798,50.83],[1.798,50.83],[1.798,50.83],[1.823,50.8027],[1.83,50.7741],[1.8437,50.7615],[1.892,50.7361],[1.8942,50.7339],[1.9365,50.7095],[1.9411,50.6988],[1.9411,50.6987],[1.9411,50.6987],[1.937,50.6928],[1.9367,50.6924],[1.9367,50.6924],[1.9367,50.6924],[1.9367,50.6924],[1.8528,50.6805],[1.8156,50.6698],[1.8008,50.6609],[1.7521,50.6324],[1.7306,50.6273],[1.7306,50.6273],[1.7299,50.6271],[1.7295,50.6273],[1.7295,50.6273],[1.7016,50.6371],[1.6971,50.6388],[1.6766,50.6425],[1.6766,50.6425],[1.6764,50.6426],[1.6754,50.6425],[1.6754,50.6425],[1.6102,50.6394],[1.5763,50.6361],[1.5763,50.6361],[1.5752,50.636],[1.5752,50.636],[1.5752,50.6361],[1.5752,50.6361],[1.5726,50.6439],[1.5689,50.6669],[1.5665,50.6744],[1.5623,50.6828],[1.558,50.6874],[1.5576,50.6921],[1.5591,50.6944],[1.5577,50.6989],[1.5604,50.7029],[1.5579,50.7091],[1.5623,50.7126],[1.5648,50.7135],[1.5649,50.714],[1.5628,50.7143],[1.5627,50.7149],[1.5657,50.7158],[1.5661,50.7165],[1.5642,50.7189],[1.5633,50.7222],[1.5669,50.7225],[1.57,50.7245],[1.5715,50.7267],[1.573,50.7266],[1.5745,50.7254],[1.5776,50.7251],[1.5803,50.7234],[1.5821,50.7236],[1.581,50.7244],[1.5828,50.7271],[1.5871,50.7302],[1.5885,50.7315],[1.5854,50.7332],[1.5841,50.7343],[1.5854,50.7358],[1.584,50.7366],[1.582,50.7361],[1.5831,50.7386],[1.5867,50.7428],[1.5899,50.7481],[1.5902,50.7539],[1.5937,50.7567],[1.5989,50.7637],[1.6014,50.7716],[1.6011,50.7873],[1.6025,50.7991],[1.6027,50.8003],[1.6004,50.8022],[1.5973,50.8047],[1.5963,50.8081],[1.5936,50.8098],[1.5926,50.8154],[1.5898,50.8185],[1.5881,50.8204],[1.5871,50.8294],[1.5834,50.8333],[1.5834,50.8356],[1.5807,50.8395],[1.5797,50.8445],[1.576,50.8518],[1.5784,50.8647],[1.5796,50.8678],[1.5796,50.87],[1.5814,50.8722],[1.587,50.872],[1.5897,50.8708],[1.5925,50.8713],[1.5968,50.8715],[1.6018,50.8711],[1.6184,50.8741],[1.6324,50.8769],[1.6465,50.8824],[1.648,50.8833],[1.6572,50.8871],[1.6622,50.8899],[1.6797,50.9027],[1.6798,50.9027],[1.6802,50.903],[1.6802,50.903],[1.6803,50.903],[1.6809,50.9027],[1.6809,50.9027],[1.6812,50.9025],[1.685,50.8853],[1.707,50.8727]]]},"properties":{"code":32,"nom":"Boulonnais","code_her1":9,"nom_her1":"TABLES CALCAIRES"}},{"type":"Feature","geometry":{"type":"Polygon","coordinates":[[[3.5118,46.0084],[3.5178,45.9966],[3.5239,45.9761],[3.5365,45.9411],[3.5294,45.9173],[3.5366,45.8981],[3.5319,45.882],[3.5323,45.8544],[3.5487,45.8231],[3.5589,45.8],[3.5627,45.7841],[3.5592,45.7695],[3.5542,45.7493],[3.5405,45.7453],[3.5249,45.7515],[3.5048,45.7702],[3.4829,45.7667],[3.4625,45.7501],[3.452,45.741],[3.4428,45.7523],[3.422,45.7509],[3.4103,45.7568],[3.3882,45.7605],[3.3368,45.7482],[3.3158,45.7665],[3.2718,45.7888],[3.1632,45.7753],[3.1021,45.7457],[3.0901,45.7606],[3.0691,45.7785],[3.0715,45.7792],[3.0844,45.7848],[3.0935,45.7935],[3.0985,45.794],[3.101,45.7943],[3.1036,45.7945],[3.1053,45.795],[3.1074,45.797],[3.1088,45.7983],[3.1097,45.7998],[3.1105,45.8007],[3.1104,45.8021],[3.1099,45.8026],[3.1095,45.804],[3.1106,45.8079],[3.1076,45.8116],[3.1072,45.8143],[3.1045,45.8196],[3.1036,45.8269],[3.1023,45.8286],[3.101,45.8338],[3.1094,45.8423],[3.1227,45.8557],[3.1247,45.8682],[3.1168,45.8747],[3.0873,45.8755],[3.0729,45.873],[3.0615,45.8598],[3.0626,45.8925],[3.0675,45.9137],[3.0786,45.9204],[3.0922,45.9509],[3.1305,45.9785],[3.135,45.9939],[3.1572,46.0026],[3.203,46.0353],[3.1853,46.0494],[3.1984,46.0772],[3.1987,46.094],[3.1891,46.0965],[3.1977,46.1055],[3.2029,46.1176],[3.2115,46.1314],[3.2119,46.1427],[3.2119,46.1544],[3.2061,46.1591],[3.2061,46.1591],[3.2061,46.1591],[3.2061,46.1591],[3.2061,46.1591],[3.2062,46.1591],[3.2456,46.1758],[3.283,46.1866],[3.283,46.1866],[3.283,46.1866],[3.2908,46.2082],[3.3138,46.2255],[3.3138,46.2255],[3.3138,46.2255],[3.3209,46.2288],[3.3596,46.247],[3.3596,46.247],[3.3596,46.247],[3.3596,46.247],[3.3596,46.247],[3.3596,46.247],[3.3596,46.247],[3.3596,46.2469],[3.3596,46.2469],[3.3817,46.1935],[3.35,46.1289],[3.35,46.1289],[3.35,46.1289],[3.3808,46.0931],[3.3808,46.0931],[3.3808,46.0931],[3.5117,46.0085],[3.5118,46.0084],[3.5118,46.0084],[3.5118,46.0084]]]},"properties":{"code":46,"nom":"Limagne de l'Allier","code_her1":17,"nom_her1":"DEPRESSIONS SEDIMENTAIRES"}},{"type":"Feature","geometry":{"type":"Polygon","coordinates":[[[4.031,49.9804],[4.0787,49.959],[4.0896,49.9961],[4.034,50.0],[4.0205,50.0269],[4.0423,50.0234],[4.0568,50.0427],[4.0503,50.0552],[4.0275,50.0545],[3.9987,50.0527],[3.9625,50.0484],[3.9539,50.0583],[3.9379,50.0745],[3.9259,50.0888],[3.9669,50.0777],[3.9958,50.0746],[3.995,50.0933],[3.9823,50.1037],[3.9748,50.1087],[3.906,50.1122],[3.8899,50.1282],[3.8511,50.1226],[3.8266,50.1383],[3.8242,50.1393],[3.8073,50.1515],[3.7931,50.1685],[3.789,50.1802],[3.7879,50.1849],[3.7869,50.189],[3.7868,50.2183],[3.7968,50.2332],[3.8409,50.2443],[3.8841,50.2544],[3.9179,50.2744],[3.9569,50.281],[3.9933,50.292],[4.0279,50.2933],[4.0811,50.3086],[4.1089,50.3112],[4.1223,50.3003],[4.1276,50.2744],[4.1376,50.272],[4.1401,50.2591],[4.1687,50.2587],[4.1657,50.2684],[4.1485,50.2734],[4.1539,50.2857],[4.1635,50.2892],[4.173,50.2861],[4.1839,50.2733],[4.2142,50.2713],[4.2244,50.2539],[4.2162,50.247],[4.2054,50.2387],[4.1932,50.2372],[4.1716,50.2211],[4.1583,50.2121],[4.1599,50.1856],[4.1573,50.1638],[4.1358,50.1389],[4.1327,50.1332],[4.1532,50.1302],[4.1557,50.1374],[4.1996,50.1324],[4.2042,50.1095],[4.2281,50.0813],[4.2316,50.0696],[4.2306,50.0617],[4.1915,50.0476],[4.1636,50.044],[4.1393,50.0167],[4.1683,49.9943],[4.1481,49.9774],[4.1706,49.9783],[4.2038,49.9655],[4.2029,49.9584],[4.2315,49.9606],[4.2387,49.9601],[4.2707,49.9666],[4.3095,49.9705],[4.3503,49.9534],[4.3809,49.955],[4.3924,49.9488],[4.4033,49.9504],[4.4425,49.9416],[4.4469,49.9388],[4.48,49.9496],[4.5209,49.9526],[4.5394,49.9703],[4.5674,49.9727],[4.5732,49.982],[4.5966,49.987],[4.6206,49.9868],[4.64,49.9903],[4.6636,49.9965],[4.67,49.9978],[4.6789,49.9962],[4.6902,49.998],[4.6834,50.0272],[4.6959,50.0562],[4.6848,50.0566],[4.6796,50.0673],[4.7026,50.0963],[4.7149,50.0964],[4.7197,50.1022],[4.7493,50.1117],[4.765,50.1297],[4.7689,50.1387],[4.7869,50.1425],[4.8251,50.1703],[4.8351,50.1548],[4.8791,50.1551],[4.8883,50.139],[4.8972,50.1338],[4.892,50.1285],[4.8727,50.1217],[4.8769,50.0932],[4.8697,50.0888],[4.8626,50.0906],[4.8526,50.0977],[4.846,50.092],[4.8526,50.0842],[4.8475,50.0816],[4.8383,50.0655],[4.8284,50.0663],[4.8232,50.0655],[4.8212,50.061],[4.8286,50.0597],[4.8323,50.0482],[4.8413,50.0477],[4.8441,50.0373],[4.8321,50.0326],[4.8205,50.0166],[4.8212,49.995],[4.8077,49.9821],[4.799,49.9816],[4.7927,49.9691],[4.7934,49.9588],[4.8153,49.9539],[4.8463,49.9492],[4.8602,49.9323],[4.8747,49.9261],[4.892,49.9097],[4.8892,49.8951],[4.8792,49.8939],[4.8718,49.8831],[4.873,49.878],[4.866,49.8766],[4.8656,49.8673],[4.8548,49.8601],[4.8583,49.8531],[4.8575,49.8452],[4.8704,49.8318],[4.8759,49.8186],[4.8587,49.7927],[4.8642,49.7905],[4.8851,49.79],[4.9091,49.7862],[4.9213,49.7895],[4.9295,49.7877],[4.9321,49.79],[4.9412,49.7931],[4.9463,49.799],[4.9563,49.8025],[4.9657,49.7988],[4.9692,49.8028],[4.9856,49.8007],[5.0006,49.8023],[5.0009,49.7965],[5.007,49.7878],[5.0144,49.7807],[5.0255,49.7764],[5.0361,49.7721],[5.0474,49.7712],[5.0681,49.7639],[5.074,49.7616],[5.0876,49.7674],[5.0941,49.7659],[5.1022,49.7525],[5.1099,49.7495],[5.1116,49.7484],[5.1133,49.7472],[5.1149,49.7449],[5.1186,49.7423],[5.1256,49.7287],[5.1248,49.714],[5.1139,49.7209],[5.0838,49.7296],[5.0561,49.7274],[5.043,49.7282],[5.0081,49.7451],[4.9961,49.7496],[4.9683,49.746],[4.9231,49.7578],[4.8981,49.764],[4.8742,49.7514],[4.8568,49.7548],[4.8167,49.7908],[4.7883,49.8053],[4.7744,49.8038],[4.7604,49.7895],[4.7452,49.7787],[4.7334,49.7829],[4.7182,49.7931],[4.7024,49.8124],[4.7014,49.8135],[4.6801,49.8242],[4.638,49.8301],[4.5984,49.8494],[4.5728,49.853],[4.5599,49.8501],[4.5329,49.8373],[4.5148,49.8426],[4.4915,49.8555],[4.4697,49.8588],[4.4537,49.8576],[4.4391,49.8618],[4.4203,49.8749],[4.4019,49.8806],[4.3582,49.8857],[4.3199,49.8843],[4.3052,49.8934],[4.3059,49.8942],[4.2937,49.9039],[4.2429,49.9161],[4.2143,49.9208],[4.181,49.9238],[4.1553,49.9294],[4.1421,49.9299],[4.1377,49.9272],[4.1333,49.9288],[4.1333,49.9288],[4.1166,49.931],[4.0836,49.933],[4.0633,49.934],[4.0622,49.9409],[4.0513,49.947],[4.0359,49.9514],[4.0204,49.968],[4.031,49.9804]]]},"properties":{"code":34,"nom":"Ardennes","code_her1":22,"nom_her1":"ARDENNES"}},{"type":"Feature","geometry":{"type":"Polygon","coordinates":[[[1.895,49.5178],[2.0101,49.4359],[2.0622,49.4009],[2.0628,49.4005],[2.063,49.4004],[2.0997,49.3841],[2.1008,49.3836],[2.1009,49.3836],[2.1009,49.3836],[2.1017,49.3832],[2.1091,49.3798],[2.1204,49.3678],[2.1275,49.3622],[2.1275,49.3622],[2.1276,49.3621],[2.128,49.3615],[2.1334,49.3543],[2.1364,49.3486],[2.1364,49.3485],[2.1364,49.3485],[2.1351,49.3462],[2.1319,49.3457],[2.1312,49.3456],[2.1311,49.3456],[2.1311,49.3456],[2.1308,49.3457],[2.1015,49.3551],[2.0305,49.3736],[1.8896,49.419],[1.8454,49.431],[1.7781,49.4419],[1.7438,49.4433],[1.7437,49.4433],[1.7437,49.4433],[1.7436,49.4433],[1.7426,49.4433],[1.7343,49.4433],[1.7333,49.4433],[1.7332,49.4433],[1.7332,49.4433],[1.7332,49.4433],[1.7079,49.454],[1.702,49.4551],[1.7019,49.4551],[1.7012,49.4556],[1.6553,49.4836],[1.6182,49.5106],[1.6151,49.514],[1.5683,49.547],[1.5679,49.5473],[1.5675,49.5475],[1.5321,49.5654],[1.4923,49.5759],[1.4736,49.585],[1.4729,49.5853],[1.4728,49.5855],[1.4722,49.5862],[1.4592,49.602],[1.4345,49.6503],[1.4013,49.7062],[1.3432,49.767],[1.3412,49.7716],[1.3188,49.7952],[1.3188,49.7952],[1.3188,49.7952],[1.3242,49.8035],[1.3245,49.8039],[1.3246,49.804],[1.3246,49.804],[1.3246,49.8039],[1.3254,49.8035],[1.3254,49.8035],[1.3293,49.8011],[1.3309,49.7996],[1.331,49.7995],[1.3317,49.7992],[1.3668,49.7815],[1.3838,49.7749],[1.3973,49.7703],[1.4347,49.7511],[1.5623,49.6931],[1.5625,49.693],[1.5631,49.6926],[1.5938,49.6729],[1.5942,49.6726],[1.5946,49.6724],[1.6361,49.6501],[1.6846,49.6283],[1.6847,49.6283],[1.6854,49.6279],[1.7174,49.6079],[1.7174,49.6079],[1.7156,49.6074],[1.7156,49.6074],[1.7593,49.5763],[1.7598,49.576],[1.7601,49.5759],[1.7848,49.5667],[1.7951,49.563],[1.8013,49.5596],[1.8571,49.54],[1.8942,49.5183],[1.8949,49.5179],[1.895,49.5178]]]},"properties":{"code":35,"nom":"Pays de Bray","code_her1":9,"nom_her1":"TABLES CALCAIRES"}},{"type":"Feature","geometry":{"type":"Polygon","coordinates":[[[3.9571,44.9291],[3.939,44.9467],[3.9381,44.9478],[3.9288,44.9577],[3.9268,44.9589],[3.9174,44.9642],[3.9092,44.9689],[3.9078,44.9697],[3.9019,44.9643],[3.8854,44.9638],[3.8824,44.9736],[3.8781,44.9875],[3.8756,44.9956],[3.8746,45.0011],[3.8722,45.0135],[3.8657,45.024],[3.863,45.0323],[3.8255,45.0451],[3.8211,45.0603],[3.8376,45.0601],[3.8427,45.0617],[3.8481,45.0657],[3.8393,45.08],[3.8378,45.0823],[3.8325,45.0903],[3.8297,45.0972],[3.8255,45.1029],[3.8259,45.1083],[3.8232,45.1153],[3.8209,45.125],[3.8346,45.1283],[3.8478,45.14],[3.8537,45.1453],[3.8575,45.1486],[3.8816,45.1618],[3.8873,45.1716],[3.9019,45.1721],[3.9058,45.1715],[3.9251,45.169],[3.932,45.1689],[3.9375,45.1688],[3.9446,45.1697],[3.9455,45.1696],[3.9525,45.172],[3.9564,45.1734],[3.9613,45.176],[3.9722,45.1814],[3.9783,45.1845],[3.992,45.1914],[4.0037,45.1912],[4.0143,45.1911],[4.0326,45.1857],[4.041,45.1832],[4.0449,45.1821],[4.0587,45.178],[4.0621,45.1715],[4.066,45.1641],[4.0646,45.1562],[4.0638,45.1519],[4.0708,45.148],[4.0742,45.1461],[4.078,45.1419],[4.0826,45.1329],[4.0803,45.1219],[4.0766,45.1177],[4.0766,45.1148],[4.0761,45.1124],[4.0743,45.1105],[4.0743,45.11],[4.073,45.1075],[4.0704,45.1053],[4.0671,45.1019],[4.0639,45.1033],[4.0627,45.1037],[4.0621,45.1038],[4.0612,45.1041],[4.0584,45.1062],[4.0543,45.1088],[4.051,45.1103],[4.0452,45.1128],[4.0375,45.1153],[4.0328,45.1139],[4.0286,45.1126],[4.0232,45.1093],[4.0226,45.1085],[4.0199,45.1051],[4.0246,45.094],[4.0269,45.0906],[4.0317,45.0871],[4.0519,45.0825],[4.0517,45.0816],[4.0496,45.0715],[4.0484,45.0653],[4.0511,45.0584],[4.0548,45.0522],[4.0691,45.045],[4.0814,45.0373],[4.092,45.0316],[4.1064,45.0252],[4.1116,45.0079],[4.1026,44.9984],[4.0895,44.9828],[4.0654,44.976],[4.0572,44.9737],[4.0583,44.9687],[4.0623,44.9502],[4.0437,44.9486],[4.0293,44.9473],[4.0042,44.9497],[3.9851,44.928],[3.9815,44.9281],[3.9571,44.9291]]]},"properties":{"code":47,"nom":"MC-Depression du Puy","code_her1":3,"nom_her1":"MASSIF CENTRAL SUD"}},{"type":"Feature","geometry":{"type":"Polygon","coordinates":[[[-1.3915,49.6554],[-1.355,49.6464],[-1.3298,49.6513],[-1.3206,49.6504],[-1.2934,49.6513],[-1.2638,49.6286],[-1.2552,49.6218],[-1.2523,49.6213],[-1.2491,49.6207],[-1.2409,49.6193],[-1.2282,49.6163],[-1.2281,49.6163],[-1.2294,49.6127],[-1.2289,49.6057],[-1.2414,49.6095],[-1.246,49.6108],[-1.2483,49.6124],[-1.2535,49.6125],[-1.2543,49.6116],[-1.2576,49.606],[-1.2608,49.6017],[-1.2665,49.5924],[-1.2662,49.5892],[-1.2642,49.5865],[-1.2616,49.586],[-1.2678,49.5824],[-1.2716,49.585],[-1.2786,49.5864],[-1.2867,49.5877],[-1.2964,49.5832],[-1.3012,49.578],[-1.3045,49.5723],[-1.3068,49.5666],[-1.3077,49.5619],[-1.3099,49.5494],[-1.3077,49.5462],[-1.3056,49.5388],[-1.2952,49.5263],[-1.2918,49.5234],[-1.2893,49.5189],[-1.2876,49.5173],[-1.2829,49.5126],[-1.2686,49.4992],[-1.2588,49.4873],[-1.2459,49.4759],[-1.2366,49.4683],[-1.2265,49.4589],[-1.215,49.4497],[-1.2114,49.4466],[-1.2031,49.4405],[-1.1986,49.4369],[-1.1954,49.4345],[-1.1906,49.4307],[-1.1834,49.4245],[-1.1775,49.4201],[-1.1734,49.4153],[-1.1668,49.4068],[-1.1671,49.4042],[-1.1633,49.3964],[-1.1619,49.3902],[-1.1662,49.3841],[-1.1737,49.3784],[-1.1775,49.3797],[-1.1794,49.3776],[-1.1761,49.3674],[-1.1783,49.3652],[-1.1826,49.3622],[-1.182,49.3592],[-1.1849,49.357],[-1.1811,49.3554],[-1.1824,49.3479],[-1.1803,49.3474],[-1.171,49.3572],[-1.161,49.3578],[-1.1601,49.3589],[-1.1551,49.3623],[-1.1385,49.3584],[-1.1358,49.3543],[-1.118,49.3449],[-1.1153,49.3445],[-1.1147,49.3497],[-1.1163,49.3538],[-1.1186,49.3571],[-1.1192,49.3602],[-1.1084,49.3673],[-1.0949,49.3776],[-1.0929,49.3792],[-1.0882,49.3833],[-1.0788,49.3886],[-1.0702,49.3906],[-1.0573,49.3908],[-1.0542,49.39],[-1.0484,49.3896],[-1.0285,49.3899],[-1.0267,49.3924],[-1.0179,49.3937],[-1.0129,49.3951],[-1.004,49.3965],[-0.9954,49.3948],[-0.9895,49.397],[-0.9804,49.3952],[-0.9667,49.397],[-0.9399,49.3952],[-0.9245,49.3924],[-0.9205,49.3907],[-0.9178,49.3873],[-0.9044,49.3802],[-0.8934,49.375],[-0.8501,49.3624],[-0.8135,49.3564],[-0.7918,49.3541],[-0.7689,49.3519],[-0.7609,49.3506],[-0.7559,49.3493],[-0.7516,49.3498],[-0.7259,49.3476],[-0.7031,49.3343],[-0.6672,49.3134],[-0.6798,49.2633],[-0.6812,49.2431],[-0.6794,49.2128],[-0.7039,49.1742],[-0.6825,49.157],[-0.673,49.1497],[-0.7082,49.1383],[-0.7264,49.1391],[-0.7381,49.1511],[-0.7416,49.1599],[-0.7351,49.1789],[-0.745,49.1894],[-0.7528,49.1925],[-0.7775,49.1739],[-0.7822,49.1853],[-0.7821,49.208],[-0.7798,49.2195],[-0.7829,49.233],[-0.7847,49.2338],[-0.8034,49.2378],[-0.8253,49.2342],[-0.8515,49.2499],[-0.876,49.2508],[-0.954,49.2263],[-0.9857,49.2245],[-0.9954,49.2211],[-1.0101,49.2104],[-1.0328,49.2166],[-1.0531,49.2099],[-1.0637,49.2047],[-1.0831,49.2159],[-1.0952,49.2132],[-1.1138,49.1992],[-1.1278,49.1936],[-1.1401,49.1828],[-1.1383,49.1827],[-1.1531,49.169],[-1.1668,49.1623],[-1.186,49.1621],[-1.2385,49.1519],[-1.2875,49.1526],[-1.3093,49.1544],[-1.3236,49.1612],[-1.3427,49.1653],[-1.3709,49.1887],[-1.4034,49.1912],[-1.3925,49.1795],[-1.38,49.1658],[-1.3938,49.1653],[-1.4239,49.1657],[-1.4534,49.1558],[-1.4651,49.1598],[-1.4578,49.1784],[-1.4617,49.1988],[-1.4562,49.2055],[-1.4406,49.2139],[-1.4289,49.2166],[-1.4302,49.2356],[-1.4444,49.2327],[-1.4501,49.2318],[-1.4558,49.231],[-1.4588,49.2367],[-1.4571,49.2408],[-1.4528,49.2458],[-1.4383,49.2729],[-1.4285,49.2965],[-1.4306,49.3097],[-1.4324,49.3097],[-1.4559,49.3291],[-1.4629,49.3413],[-1.4658,49.3549],[-1.4707,49.3601],[-1.4837,49.3676],[-1.4903,49.366],[-1.5359,49.3488],[-1.5496,49.3566],[-1.5308,49.3753],[-1.5258,49.3855],[-1.5179,49.4062],[-1.5109,49.4125],[-1.4984,49.4199],[-1.4901,49.4287],[-1.4892,49.4369],[-1.5329,49.4466],[-1.5483,49.4582],[-1.5389,49.4675],[-1.5303,49.4836],[-1.5154,49.5132],[-1.4765,49.5336],[-1.4477,49.5638],[-1.4638,49.5849],[-1.491,49.6022],[-1.501,49.6107],[-1.5141,49.619],[-1.5093,49.6366],[-1.5091,49.6358],[-1.4886,49.6406],[-1.4869,49.6411],[-1.4561,49.6511],[-1.439,49.6438],[-1.3915,49.6554]]]},"properties":{"code":37,"nom":"Cotentin est","code_her1":9,"nom_her1":"TABLES CALCAIRES"}},{"type":"Feature","geometry":{"type":"Polygon","coordinates":[[[4.0811,50.3086],[4.0279,50.2933],[3.9933,50.292],[3.9569,50.281],[3.9179,50.2744],[3.8841,50.2544],[3.8409,50.2443],[3.7968,50.2332],[3.7868,50.2183],[3.7869,50.189],[3.7879,50.1849],[3.789,50.1802],[3.7931,50.1685],[3.8073,50.1515],[3.8242,50.1393],[3.8266,50.1383],[3.8511,50.1226],[3.8899,50.1282],[3.906,50.1122],[3.9748,50.1087],[3.9823,50.1037],[3.995,50.0933],[3.9958,50.0746],[3.9669,50.0777],[3.9259,50.0888],[3.9379,50.0745],[3.9539,50.0583],[3.9625,50.0484],[3.9987,50.0527],[4.0275,50.0545],[4.0503,50.0552],[4.0568,50.0427],[4.0423,50.0234],[4.0205,50.0269],[4.034,50.0],[4.0896,49.9961],[4.0787,49.959],[4.031,49.9804],[4.0102,49.9797],[3.9826,49.9925],[3.9777,50.0249],[3.9007,50.0212],[3.8755,49.971],[3.8128,49.948],[3.7799,49.9322],[3.7094,49.9454],[3.6723,49.9953],[3.6584,50.0298],[3.6336,50.0396],[3.6328,50.0682],[3.6151,50.1303],[3.6307,50.2168],[3.7058,50.3087],[3.7139,50.3039],[3.7166,50.3074],[3.7084,50.3212],[3.72,50.3164],[3.7248,50.3141],[3.7295,50.3138],[3.7381,50.3351],[3.7409,50.3474],[3.759,50.3485],[3.766,50.3544],[3.7833,50.3542],[3.814,50.3558],[3.8141,50.3469],[3.8236,50.3477],[3.8249,50.354],[3.8617,50.3504],[3.8608,50.3441],[3.8894,50.3379],[3.8879,50.3275],[3.9172,50.3315],[3.9248,50.3338],[3.9661,50.3495],[3.9811,50.3445],[4.028,50.3593],[4.0416,50.3408],[4.0545,50.337],[4.0726,50.3244],[4.0773,50.3204],[4.0811,50.3086]]]},"properties":{"code":39,"nom":"Thierache","code_her1":20,"nom_her1":"DEPOTS ARGILO SABLEUX"}},{"type":"Feature","geometry":{"type":"Polygon","coordinates":[[[7.446,48.3827],[7.4383,48.4362],[7.4315,48.4514],[7.4173,48.4728],[7.3932,48.4811],[7.4119,48.4952],[7.4091,48.5236],[7.4127,48.5306],[7.4162,48.5384],[7.4064,48.5415],[7.372,48.5406],[7.3527,48.5432],[7.3301,48.5567],[7.3347,48.5623],[7.3411,48.5843],[7.3682,48.6005],[7.3926,48.6067],[7.3977,48.6217],[7.3748,48.6211],[7.3656,48.6342],[7.3634,48.6452],[7.3602,48.6519],[7.3398,48.6513],[7.338,48.6386],[7.3084,48.6399],[7.3152,48.6696],[7.328,48.7011],[7.3486,48.7296],[7.3508,48.7466],[7.3531,48.7613],[7.3568,48.7648],[7.3513,48.7689],[7.3907,48.7998],[7.3997,48.8259],[7.4044,48.8622],[7.4192,48.8672],[7.4437,48.8727],[7.4749,48.8917],[7.576,48.9209],[7.6073,48.9498],[7.6354,48.9642],[7.6582,48.9764],[7.6675,48.9551],[7.6897,48.9531],[7.692,48.9604],[7.6923,48.9721],[7.7209,48.9874],[7.7397,48.992],[7.751,48.9995],[7.7864,49.0153],[7.7937,49.018],[7.7936,49.0116],[7.7929,49.0046],[7.7904,48.9956],[7.772,48.9789],[7.7649,48.9637],[7.7571,48.9559],[7.799,48.9707],[7.8124,48.9778],[7.8299,48.9785],[7.8719,49.0118],[7.8795,49.0155],[7.9099,49.0437],[7.9176,49.0407],[7.9333,49.0581],[7.9258,49.0377],[7.9336,49.0228],[7.955,49.0077],[7.953,48.9899],[7.9397,48.9717],[7.926,48.9374],[7.9089,48.9086],[7.8674,48.8713],[7.8529,48.8521],[7.8048,48.8349],[7.7715,48.8321],[7.7386,48.8404],[7.7172,48.8331],[7.7194,48.8185],[7.6993,48.8019],[7.7017,48.7892],[7.7465,48.7615],[7.7508,48.7254],[7.647,48.7563],[7.6335,48.7385],[7.6639,48.7284],[7.6875,48.7016],[7.7064,48.6576],[7.6646,48.614],[7.5893,48.5921],[7.5836,48.5715],[7.5194,48.572],[7.5055,48.5575],[7.4867,48.537],[7.5064,48.4839],[7.4905,48.4647],[7.4797,48.4511],[7.4866,48.4372],[7.4853,48.428],[7.4767,48.4207],[7.4531,48.4183],[7.4714,48.4044],[7.4699,48.3783],[7.446,48.3827]]]},"properties":{"code":61,"nom":"Alsace-collines","code_her1":18,"nom_her1":"ALSACE"}},{"type":"Feature","geometry":{"type":"MultiPolygon","coordinates":[[[[0.8578,46.401],[0.8688,46.3461],[0.8343,46.3384],[0.812,46.3424],[0.794,46.3323],[0.7806,46.3323],[0.7751,46.3187],[0.7909,46.2935],[0.816,46.2915],[0.838,46.2802],[0.8602,46.2614],[0.8621,46.2516],[0.8395,46.256],[0.8267,46.2662],[0.8046,46.2468],[0.8119,46.2301],[0.7927,46.2287],[0.7814,46.217],[0.764,46.2144],[0.7502,46.1992],[0.7483,46.1807],[0.7294,46.1723],[0.7273,46.1567],[0.7209,46.149],[0.7192,46.1329],[0.7182,46.1227],[0.6947,46.1115],[0.6867,46.1167],[0.6843,46.1235],[0.6859,46.1437],[0.685,46.1473],[0.6829,46.1546],[0.6767,46.1615],[0.6716,46.169],[0.6596,46.1609],[0.6579,46.1609],[0.6464,46.1475],[0.6311,46.1329],[0.6049,46.1276],[0.6029,46.1267],[0.5923,46.1158],[0.5932,46.0993],[0.6039,46.0768],[0.6058,46.0768],[0.6102,46.0567],[0.6017,46.0527],[0.5766,46.0595],[0.5674,46.056],[0.5686,46.0462],[0.5789,46.0266],[0.585,45.9989],[0.5866,45.999],[0.61,45.9786],[0.6146,45.9633],[0.6052,45.9366],[0.6027,45.9311],[0.5882,45.9186],[0.5798,45.9114],[0.5794,45.8624],[0.5772,45.8445],[0.5733,45.8347],[0.5706,45.8302],[0.5564,45.8175],[0.5146,45.782],[0.5126,45.782],[0.4996,45.7647],[0.497,45.747],[0.5065,45.7261],[0.5065,45.7261],[0.4819,45.7093],[0.4319,45.7195],[0.3982,45.7444],[0.4198,45.7555],[0.4409,45.7794],[0.44,45.7996],[0.4334,45.8206],[0.511,45.8551],[0.5186,45.88],[0.5297,45.905],[0.5259,45.9179],[0.4908,45.954],[0.4875,46.0],[0.4389,46.0323],[0.4084,46.0802],[0.4299,46.1444],[0.432,46.1446],[0.4278,46.1766],[0.4623,46.2053],[0.5161,46.2387],[0.4908,46.2637],[0.5099,46.3036],[0.574,46.3223],[0.6337,46.3182],[0.6617,46.3532],[0.6994,46.37],[0.7238,46.3704],[0.7381,46.3734],[0.759,46.3778],[0.7682,46.3868],[0.8072,46.3836],[0.8463,46.4032],[0.8578,46.401]]],[[[1.1651,46.4631],[1.1676,46.4374],[1.1837,46.4288],[1.2005,46.4306],[1.2044,46.4059],[1.2192,46.4036],[1.2086,46.4232],[1.2159,46.4266],[1.2262,46.415],[1.237,46.4254],[1.2435,46.4223],[1.2545,46.4169],[1.2653,46.399],[1.2685,46.3926],[1.2696,46.3904],[1.2563,46.3897],[1.23,46.3903],[1.2043,46.3967],[1.1765,46.4068],[1.1609,46.4149],[1.1628,46.4229],[1.1491,46.4378],[1.1186,46.4548],[1.072,46.4428],[1.0657,46.4247],[1.0489,46.414],[1.0538,46.3957],[1.0424,46.3863],[1.0302,46.3705],[1.0119,46.3674],[0.996,46.3678],[0.9838,46.3635],[0.9758,46.3387],[0.9626,46.3356],[0.9535,46.3358],[0.9401,46.3267],[0.9251,46.3258],[0.9027,46.3585],[0.9244,46.3724],[0.889,46.3973],[0.8589,46.4828],[0.8716,46.4924],[0.8877,46.4983],[0.8979,46.5026],[0.9201,46.5128],[0.9651,46.5133],[0.9975,46.5236],[1.0649,46.5314],[1.1623,46.5372],[1.1764,46.5126],[1.1749,46.4834],[1.1651,46.4631]]],[[[1.2937,46.6036],[1.3191,46.6007],[1.3323,46.6185],[1.3823,46.6054],[1.4503,46.5478],[1.4545,46.5325],[1.4686,46.5227],[1.4968,46.496],[1.5042,46.491],[1.4914,46.4904],[1.4845,46.4917],[1.4708,46.498],[1.4565,46.5007],[1.4436,46.5112],[1.4292,46.5174],[1.4247,46.5133],[1.3935,46.5164],[1.3474,46.505],[1.2822,46.5194],[1.233,46.5189],[1.233,46.5189],[1.2384,46.5379],[1.2295,46.5468],[1.2054,46.5369],[1.1875,46.5524],[1.2101,46.5755],[1.1639,46.5622],[1.0751,46.5991],[1.0922,46.6242],[1.2599,46.6123],[1.2937,46.6036]]],[[[1.3298,46.8299],[1.3257,46.7929],[1.3706,46.7942],[1.4001,46.7913],[1.4081,46.7978],[1.4175,46.7965],[1.4385,46.7833],[1.4395,46.764],[1.449,46.7571],[1.4279,46.6822],[1.3642,46.6554],[1.3277,46.6468],[1.3061,46.6478],[1.2831,46.6396],[1.248,46.6387],[1.1039,46.641],[1.1208,46.6953],[1.0301,46.7138],[1.0301,46.7138],[1.0345,46.719],[0.9723,46.7456],[0.9516,46.7641],[0.9516,46.7642],[0.952,46.7644],[0.9884,46.7961],[1.0556,46.7923],[1.098,46.7995],[1.1535,46.8046],[1.1765,46.852],[1.2194,46.8649],[1.2704,46.853],[1.3114,46.8511],[1.3298,46.8299]]]]},"properties":{"code":42,"nom":"Epandages eluviaux","code_her1":20,"nom_her1":"DEPOTS ARGILO SABLEUX"}},{"type":"Feature","geometry":{"type":"Polygon","coordinates":[[[3.5724,45.17],[3.5697,45.17],[3.5616,45.1705],[3.5522,45.1705],[3.5473,45.1755],[3.541,45.178],[3.5344,45.1812],[3.5309,45.1829],[3.5282,45.1832],[3.5229,45.1838],[3.5157,45.1824],[3.51,45.1789],[3.5052,45.1756],[3.4996,45.1723],[3.4955,45.1745],[3.4974,45.1799],[3.4978,45.1835],[3.4997,45.187],[3.4994,45.1909],[3.5006,45.1932],[3.4979,45.1985],[3.4853,45.1894],[3.4719,45.1894],[3.4688,45.1835],[3.4604,45.1842],[3.453,45.1793],[3.4486,45.1775],[3.4447,45.1761],[3.4434,45.1751],[3.441,45.1743],[3.4387,45.1742],[3.4367,45.1747],[3.4367,45.1764],[3.4351,45.1816],[3.4352,45.1876],[3.4322,45.1935],[3.4313,45.2009],[3.428,45.2101],[3.4256,45.2148],[3.4243,45.2193],[3.422,45.224],[3.4196,45.2282],[3.418,45.2332],[3.4163,45.2372],[3.4139,45.2451],[3.408,45.2519],[3.3979,45.2678],[3.3929,45.2752],[3.3835,45.2814],[3.3739,45.2748],[3.3667,45.2633],[3.363,45.248],[3.3444,45.2406],[3.3337,45.244],[3.3268,45.2526],[3.3102,45.2598],[3.3067,45.264],[3.3007,45.2687],[3.2874,45.2792],[3.258,45.287],[3.2441,45.2846],[3.2194,45.2853],[3.2039,45.2903],[3.2005,45.2952],[3.2023,45.3019],[3.2008,45.3116],[3.2035,45.3226],[3.2079,45.3244],[3.2098,45.3378],[3.2152,45.35],[3.2171,45.3591],[3.2156,45.375],[3.197,45.402],[3.185,45.4118],[3.1791,45.4253],[3.1732,45.4333],[3.1759,45.4412],[3.1873,45.4515],[3.2108,45.4562],[3.2188,45.4652],[3.2137,45.4744],[3.1809,45.4845],[3.1628,45.4944],[3.1656,45.5041],[3.1796,45.5113],[3.1858,45.5192],[3.185,45.5235],[3.1816,45.5314],[3.1644,45.5419],[3.1402,45.5494],[3.1194,45.5502],[3.0837,45.5468],[3.0629,45.5445],[3.0433,45.5516],[3.0487,45.5912],[3.0661,45.5941],[3.0684,45.5945],[3.0735,45.5953],[3.0882,45.6041],[3.0888,45.6044],[3.0953,45.629],[3.0859,45.648],[3.0853,45.65],[3.0853,45.65],[3.0825,45.6601],[3.0786,45.6738],[3.0781,45.6756],[3.0749,45.6907],[3.0729,45.7001],[3.0729,45.7047],[3.0729,45.7176],[3.0724,45.7195],[3.0694,45.732],[3.0901,45.7606],[3.1021,45.7457],[3.1632,45.7753],[3.2718,45.7888],[3.3158,45.7665],[3.3368,45.7482],[3.3882,45.7605],[3.4103,45.7568],[3.422,45.7509],[3.4428,45.7523],[3.452,45.741],[3.4308,45.7373],[3.421,45.732],[3.4141,45.7283],[3.4104,45.7152],[3.3989,45.7047],[3.3852,45.697],[3.3686,45.6903],[3.3511,45.6832],[3.349,45.6804],[3.3466,45.6771],[3.3465,45.6728],[3.3464,45.6673],[3.3472,45.6594],[3.3488,45.6533],[3.3504,45.6435],[3.3484,45.6338],[3.3429,45.6186],[3.3305,45.6028],[3.3267,45.5876],[3.3176,45.5639],[3.3127,45.542],[3.3326,45.4989],[3.3405,45.4694],[3.3457,45.4654],[3.3336,45.4497],[3.3452,45.4252],[3.3457,45.4037],[3.3561,45.3904],[3.3836,45.3674],[3.4239,45.3245],[3.4413,45.3097],[3.4789,45.304],[3.4923,45.2895],[3.511,45.2811],[3.5183,45.2715],[3.5331,45.2619],[3.542,45.2422],[3.5452,45.2351],[3.5548,45.2163],[3.5354,45.1978],[3.545,45.1905],[3.5564,45.1854],[3.5638,45.1815],[3.5724,45.17]]]},"properties":{"code":43,"nom":"MC-Depressions internes","code_her1":3,"nom_her1":"MASSIF CENTRAL SUD"}},{"type":"Feature","geometry":{"type":"Polygon","coordinates":[[[4.1187,45.8636],[4.1286,45.8593],[4.1423,45.842],[4.1667,45.8416],[4.1866,45.8325],[4.2046,45.8175],[4.2202,45.809],[4.2357,45.7947],[4.2454,45.7839],[4.2617,45.7684],[4.2882,45.7362],[4.3042,45.7148],[4.2921,45.6671],[4.3092,45.6195],[4.3133,45.593],[4.3175,45.5706],[4.3219,45.5529],[4.3215,45.5429],[4.3175,45.5254],[4.2813,45.5178],[4.2652,45.5092],[4.2606,45.4975],[4.2569,45.4965],[4.2321,45.4861],[4.1867,45.4766],[4.1576,45.4882],[4.1548,45.4893],[4.1316,45.5138],[4.123,45.5304],[4.0949,45.5667],[4.0681,45.5918],[4.044,45.6262],[4.0426,45.635],[4.0387,45.6433],[4.0473,45.6508],[4.0468,45.6632],[4.0361,45.6686],[4.0372,45.7021],[4.0265,45.7111],[4.017,45.7288],[4.0132,45.7406],[4.0145,45.7582],[4.0183,45.7858],[4.02,45.7981],[4.0282,45.8209],[4.0197,45.8433],[4.02,45.8545],[4.0212,45.8631],[4.0472,45.8714],[4.0568,45.8681],[4.0877,45.8676],[4.1187,45.8636]]]},"properties":{"code":45,"nom":"Plaine du Forez","code_her1":17,"nom_her1":"DEPRESSIONS SEDIMENTAIRES"}},{"type":"Feature","geometry":{"type":"Polygon","coordinates":[[[0.3413,45.5574],[0.4783,45.5173],[0.5858,45.4732],[0.6637,45.5201],[0.6735,45.5237],[0.6782,45.5196],[0.6996,45.5081],[0.7196,45.498],[0.742,45.5002],[0.742,45.5016],[0.7685,45.4931],[0.8299,45.4567],[0.8314,45.4558],[0.8495,45.445],[0.8496,45.4436],[0.8744,45.4362],[0.878,45.4354],[0.8903,45.433],[0.9066,45.4308],[0.9333,45.4284],[0.9487,45.4223],[0.969,45.4067],[0.9901,45.4093],[0.9999,45.4062],[1.0202,45.3878],[1.0397,45.3895],[1.058,45.3804],[1.0497,45.3671],[1.0507,45.3611],[1.0661,45.3502],[1.0664,45.3491],[1.1058,45.336],[1.1257,45.3263],[1.1313,45.3163],[1.1318,45.2977],[1.1214,45.2702],[1.1247,45.2576],[1.1391,45.2428],[1.1697,45.2244],[1.1654,45.1962],[1.1623,45.1879],[1.1517,45.1762],[1.1576,45.1621],[1.1784,45.1496],[1.2147,45.1477],[1.2289,45.1466],[1.2487,45.1393],[1.2717,45.1266],[1.2759,45.1243],[1.3002,45.1219],[1.3626,45.1221],[1.3804,45.1183],[1.4157,45.1028],[1.4435,45.1003],[1.4738,45.0967],[1.5007,45.0865],[1.5007,45.0853],[1.5285,45.0803],[1.5391,45.0895],[1.5313,45.0989],[1.5242,45.1163],[1.5271,45.1206],[1.5403,45.1252],[1.5552,45.1214],[1.563,45.1122],[1.5664,45.1004],[1.5695,45.09],[1.5583,45.0762],[1.5198,45.0527],[1.3361,44.987],[1.3529,44.9334],[1.43,44.8776],[1.4675,44.8096],[1.4884,44.7415],[1.5659,44.6821],[1.6054,44.6386],[1.6661,44.5656],[1.5877,44.3992],[1.54,44.3503],[1.5389,44.3506],[1.4715,44.3474],[1.4238,44.3563],[1.4104,44.3841],[1.2627,44.4138],[1.142,44.3893],[1.0981,44.4183],[1.005,44.4218],[0.9646,44.4803],[0.9152,44.5464],[0.9137,44.6084],[0.8567,44.6263],[0.8387,44.7478],[0.7282,44.8045],[0.5986,44.8912],[0.6743,44.9452],[0.6612,44.9714],[0.6093,44.9848],[0.5521,44.9857],[0.4251,45.0225],[0.4596,45.0843],[0.6049,45.1542],[0.5715,45.2227],[0.5099,45.2735],[0.4857,45.3078],[0.4446,45.329],[0.3718,45.4203],[0.1793,45.5265],[0.1173,45.5064],[0.0351,45.5313],[0.035,45.5313],[0.1197,45.6132],[0.1268,45.6406],[0.2015,45.6665],[0.3175,45.6285],[0.3413,45.5574]]]},"properties":{"code":64,"nom":"Collines Calcaires de Dordogne (cahors)","code_her1":11,"nom_her1":"CAUSSES AQUITAINS"}},{"type":"Feature","geometry":{"type":"Polygon","coordinates":[[[7.5345,47.5655],[7.5037,47.5963],[7.4913,47.6053],[7.4914,47.6203],[7.4594,47.6505],[7.4367,47.6739],[7.4076,47.6963],[7.4185,47.7443],[7.3833,47.7571],[7.3398,47.7379],[7.2407,47.669],[7.15,47.6734],[7.1256,47.7083],[7.0534,47.7484],[7.0372,47.7549],[7.0984,47.8024],[7.1026,47.8046],[7.122,47.8096],[7.1358,47.8185],[7.1653,47.8392],[7.1795,47.8401],[7.1816,47.8481],[7.1836,47.8562],[7.1964,47.8683],[7.2161,47.8838],[7.2256,47.895],[7.2415,47.9139],[7.2463,47.9196],[7.2707,47.9393],[7.2961,47.9715],[7.291,47.99],[7.2939,48.0108],[7.2806,48.0305],[7.2897,48.0573],[7.2964,48.0705],[7.3008,48.0792],[7.3049,48.0966],[7.2935,48.1164],[7.3044,48.1329],[7.331,48.1452],[7.3549,48.1836],[7.3767,48.2073],[7.3743,48.2196],[7.383,48.2333],[7.3883,48.2437],[7.3966,48.2609],[7.4038,48.2704],[7.4166,48.2871],[7.4288,48.303],[7.4318,48.3334],[7.4513,48.3503],[7.446,48.3827],[7.4699,48.3783],[7.4714,48.4044],[7.4531,48.4183],[7.4767,48.4207],[7.4853,48.428],[7.4866,48.4372],[7.4797,48.4511],[7.4905,48.4647],[7.5064,48.4839],[7.4867,48.537],[7.5055,48.5575],[7.5194,48.572],[7.5836,48.5715],[7.5893,48.5921],[7.6646,48.614],[7.7064,48.6576],[7.6875,48.7016],[7.6639,48.7284],[7.6335,48.7385],[7.647,48.7563],[7.7508,48.7254],[7.7465,48.7615],[7.7017,48.7892],[7.6993,48.8019],[7.7194,48.8185],[7.7172,48.8331],[7.7386,48.8404],[7.7715,48.8321],[7.8048,48.8349],[7.8529,48.8521],[7.8674,48.8713],[7.9089,48.9086],[7.926,48.9374],[7.9397,48.9717],[7.953,48.9899],[7.955,49.0077],[7.9336,49.0228],[7.9258,49.0377],[7.9333,49.0581],[7.9716,49.039],[7.9781,49.0241],[8.0034,49.0258],[8.0268,49.0183],[8.0558,49.0086],[8.0762,48.9931],[8.1072,48.9874],[8.1302,48.9811],[8.1581,48.9766],[8.1754,48.9758],[8.1888,48.9768],[8.1961,48.9733],[8.1974,48.9727],[8.1994,48.9718],[8.2224,48.978],[8.2291,48.9766],[8.2297,48.9669],[8.2185,48.959],[8.2069,48.9545],[8.1975,48.947],[8.1934,48.9416],[8.1924,48.9383],[8.1885,48.9356],[8.1834,48.9285],[8.1748,48.9204],[8.1745,48.9176],[8.1699,48.915],[8.1579,48.9043],[8.1538,48.9005],[8.1439,48.8886],[8.1416,48.8836],[8.1322,48.8682],[8.1288,48.8599],[8.1233,48.8489],[8.1225,48.8416],[8.1186,48.8334],[8.118,48.8316],[8.1141,48.8234],[8.1073,48.8124],[8.0967,48.8016],[8.0851,48.7949],[8.0794,48.7917],[8.0645,48.7884],[8.062,48.7885],[8.0501,48.7897],[8.0414,48.7878],[8.0377,48.7852],[8.0341,48.7757],[8.0298,48.7677],[8.0225,48.7638],[8.009,48.7571],[7.9979,48.7571],[7.9906,48.7583],[7.9887,48.7587],[7.9826,48.7572],[7.9798,48.7551],[7.9762,48.7457],[7.976,48.7276],[7.9736,48.723],[7.9728,48.7216],[7.9655,48.7174],[7.9396,48.6977],[7.9349,48.6936],[7.9074,48.6696],[7.9058,48.6682],[7.8952,48.6621],[7.8876,48.6577],[7.8523,48.6458],[7.8458,48.6404],[7.8412,48.6285],[7.8376,48.6193],[7.8364,48.616],[7.8338,48.6156],[7.8309,48.6117],[7.8306,48.6095],[7.8252,48.6063],[7.8157,48.5966],[7.8133,48.5899],[7.814,48.5882],[7.8132,48.5803],[7.8146,48.578],[7.8151,48.5661],[7.8165,48.5627],[7.8155,48.5537],[7.8165,48.5463],[7.8156,48.5379],[7.8153,48.5187],[7.8074,48.5072],[7.7964,48.4998],[7.7832,48.4953],[7.7785,48.4916],[7.7756,48.4874],[7.7743,48.4746],[7.7724,48.4557],[7.7681,48.4468],[7.763,48.4387],[7.7529,48.4227],[7.7489,48.4172],[7.7447,48.4079],[7.7435,48.405],[7.7413,48.3836],[7.7446,48.3744],[7.7473,48.367],[7.7478,48.3636],[7.7514,48.3524],[7.7522,48.3493],[7.7529,48.3475],[7.7554,48.339],[7.7544,48.3288],[7.7515,48.325],[7.7469,48.3218],[7.7364,48.3178],[7.7206,48.3123],[7.7045,48.3045],[7.7015,48.299],[7.6989,48.2801],[7.6982,48.2754],[7.6926,48.265],[7.6916,48.2641],[7.689,48.2589],[7.6878,48.2471],[7.6851,48.2455],[7.6806,48.2254],[7.6749,48.2189],[7.6572,48.2117],[7.6539,48.209],[7.6526,48.208],[7.6495,48.2026],[7.6465,48.1975],[7.64,48.189],[7.6286,48.1743],[7.6272,48.1724],[7.6142,48.1611],[7.6104,48.1562],[7.6074,48.1343],[7.6002,48.1295],[7.5906,48.126],[7.588,48.1243],[7.5869,48.1148],[7.589,48.1097],[7.5881,48.1007],[7.5808,48.0869],[7.5805,48.075],[7.5826,48.0698],[7.5811,48.0484],[7.5807,48.0433],[7.5805,48.04],[7.5834,48.0348],[7.5959,48.0252],[7.6068,48.0175],[7.6178,48.0084],[7.6267,47.9962],[7.6304,47.9904],[7.6326,47.9874],[7.6338,47.9829],[7.6318,47.9711],[7.6308,47.9689],[7.6175,47.9531],[7.6157,47.9516],[7.6083,47.9456],[7.5943,47.9359],[7.593,47.935],[7.5873,47.9279],[7.5864,47.9189],[7.5885,47.9148],[7.5896,47.9086],[7.5873,47.894],[7.5854,47.8912],[7.5739,47.885],[7.5668,47.8819],[7.5631,47.8781],[7.562,47.8668],[7.5649,47.8622],[7.5665,47.8607],[7.5703,47.8569],[7.5687,47.84],[7.56,47.8279],[7.5541,47.8182],[7.5519,47.8136],[7.5473,47.8052],[7.5437,47.7987],[7.534,47.785],[7.5324,47.7766],[7.5351,47.7703],[7.5433,47.7557],[7.5444,47.7535],[7.5474,47.7494],[7.5515,47.7396],[7.5512,47.7283],[7.5474,47.7222],[7.5453,47.719],[7.5335,47.7099],[7.5295,47.708],[7.5169,47.7022],[7.5156,47.6971],[7.5208,47.6907],[7.5233,47.6815],[7.5233,47.6637],[7.5254,47.66],[7.5348,47.6528],[7.5577,47.6388],[7.5726,47.6261],[7.5749,47.6191],[7.5799,47.6169],[7.5854,47.6095],[7.5922,47.5937],[7.5907,47.5858],[7.5766,47.5837],[7.563,47.5774],[7.5495,47.5714],[7.5478,47.5703],[7.546,47.5693],[7.5345,47.5655]]]},"properties":{"code":62,"nom":"Alsace- plaine","code_her1":18,"nom_her1":"ALSACE"}},{"type":"Feature","geometry":{"type":"Polygon","coordinates":[[[3.8763,46.1802],[3.8763,46.1802],[3.8763,46.1802],[3.8763,46.1802],[3.8856,46.1523],[3.8835,46.1384],[3.8835,46.1384],[3.8835,46.1384],[3.8835,46.1384],[3.8835,46.1384],[3.9078,46.1288],[3.9078,46.1288],[3.9078,46.1288],[3.9078,46.1288],[3.9078,46.1288],[3.8991,46.1096],[3.8991,46.1096],[3.8992,46.1096],[3.9176,46.0868],[3.9176,46.0868],[3.9176,46.0868],[3.9172,46.0626],[3.9223,46.0429],[3.9283,46.0302],[3.9283,46.0302],[3.9283,46.0302],[3.9379,46.0176],[3.9379,46.0176],[3.9379,46.0176],[3.9436,46.0069],[3.9436,46.0069],[3.9436,46.0069],[3.951,45.9981],[3.9594,45.9892],[3.9594,45.9892],[3.9594,45.9892],[3.9615,45.9858],[3.9636,45.9823],[3.969,45.9703],[3.969,45.9703],[3.969,45.9703],[3.9732,45.9657],[3.9732,45.9657],[3.9732,45.9657],[3.9732,45.9657],[3.9732,45.9657],[3.9732,45.9657],[3.9732,45.9657],[4.0192,45.965],[4.0192,45.965],[4.0193,45.965],[4.0193,45.965],[4.0193,45.965],[4.0193,45.965],[4.0313,45.9442],[4.0252,45.9355],[4.0583,45.9159],[4.0549,45.9093],[4.0719,45.9138],[4.1025,45.8972],[4.1115,45.8819],[4.1044,45.8747],[4.1036,45.8681],[4.1187,45.8636],[4.0877,45.8676],[4.0568,45.8681],[4.0472,45.8714],[4.0212,45.8631],[4.02,45.8545],[4.0197,45.8433],[4.0282,45.8209],[4.02,45.7981],[4.0183,45.7858],[4.0145,45.7582],[4.0132,45.7406],[4.017,45.7288],[4.0265,45.7111],[4.0372,45.7021],[4.0361,45.6686],[4.0468,45.6632],[4.0473,45.6508],[4.0387,45.6433],[4.0426,45.635],[4.044,45.6262],[4.0681,45.5918],[4.0949,45.5667],[4.123,45.5304],[4.1316,45.5138],[4.1548,45.4893],[4.1576,45.4882],[4.1867,45.4766],[4.2321,45.4861],[4.2569,45.4965],[4.2453,45.4764],[4.25,45.4628],[4.2541,45.4414],[4.2457,45.4375],[4.2528,45.4221],[4.239,45.4108],[4.2492,45.4084],[4.238,45.3786],[4.2873,45.3673],[4.334,45.3857],[4.3891,45.4072],[4.4256,45.412],[4.4245,45.4194],[4.4585,45.4036],[4.5196,45.3673],[4.5319,45.3521],[4.4893,45.3286],[4.4718,45.2905],[4.4571,45.2553],[4.4853,45.2402],[4.4893,45.2276],[4.4785,45.2158],[4.4817,45.2037],[4.4748,45.1783],[4.4651,45.1738],[4.4499,45.1616],[4.4411,45.1447],[4.4293,45.1239],[4.4285,45.1036],[4.4015,45.0906],[4.4028,45.065],[4.4086,45.0435],[4.4415,45.0367],[4.4256,45.0067],[4.4135,44.9976],[4.445,44.974],[4.4353,44.9502],[4.4147,44.9384],[4.3915,44.9578],[4.3884,44.9923],[4.363,45.0011],[4.3539,44.9922],[4.3537,44.9992],[4.3415,45.0188],[4.3171,45.0092],[4.3069,45.0075],[4.3027,45.0067],[4.3001,45.0062],[4.291,45.0063],[4.2853,45.0074],[4.2837,45.0077],[4.2758,45.0098],[4.2694,45.0114],[4.2635,45.0093],[4.2605,45.0039],[4.2551,45.0009],[4.2494,45.0022],[4.2426,45.002],[4.237,45.0043],[4.238,45.01],[4.2397,45.0157],[4.2435,45.0196],[4.2463,45.023],[4.2482,45.0271],[4.2447,45.032],[4.2346,45.0351],[4.225,45.0373],[4.2167,45.0385],[4.207,45.0388],[4.2168,45.0451],[4.2244,45.0513],[4.2296,45.0569],[4.2294,45.0622],[4.2293,45.0661],[4.2208,45.0746],[4.2101,45.0794],[4.2011,45.0845],[4.1912,45.086],[4.1817,45.0847],[4.1702,45.086],[4.1647,45.0919],[4.1545,45.0934],[4.135,45.092],[4.1208,45.093],[4.1059,45.0923],[4.1015,45.0932],[4.0903,45.0954],[4.0797,45.0976],[4.0671,45.1019],[4.0704,45.1053],[4.073,45.1075],[4.0743,45.11],[4.0743,45.1105],[4.0761,45.1124],[4.0766,45.1148],[4.0766,45.1177],[4.0803,45.1219],[4.0826,45.1329],[4.078,45.1419],[4.0742,45.1461],[4.0708,45.148],[4.0638,45.1519],[4.0646,45.1562],[4.066,45.1641],[4.0621,45.1715],[4.0587,45.178],[4.0449,45.1821],[4.041,45.1832],[4.0326,45.1857],[4.0143,45.1911],[4.0037,45.1912],[3.992,45.1914],[3.9783,45.1845],[3.9722,45.1814],[3.9613,45.176],[3.9564,45.1734],[3.9525,45.172],[3.9455,45.1696],[3.9446,45.1697],[3.9375,45.1688],[3.932,45.1689],[3.9251,45.169],[3.9058,45.1715],[3.9019,45.1721],[3.8873,45.1716],[3.8816,45.1618],[3.8575,45.1486],[3.8537,45.1453],[3.8478,45.14],[3.8346,45.1283],[3.8209,45.125],[3.8232,45.1153],[3.8178,45.1187],[3.8092,45.1266],[3.8086,45.1269],[3.8036,45.1297],[3.7982,45.1322],[3.7941,45.1337],[3.7893,45.1343],[3.7856,45.1323],[3.7824,45.1272],[3.7793,45.1243],[3.7732,45.1245],[3.7654,45.1302],[3.7636,45.1336],[3.7617,45.1374],[3.7574,45.1422],[3.7567,45.1465],[3.7597,45.1485],[3.7618,45.1501],[3.7654,45.1526],[3.7658,45.1529],[3.7654,45.1536],[3.7629,45.1576],[3.7543,45.1604],[3.7489,45.1626],[3.741,45.1658],[3.7411,45.1725],[3.7414,45.178],[3.7424,45.1832],[3.7404,45.1874],[3.7371,45.193],[3.7322,45.1955],[3.7318,45.1957],[3.7245,45.1976],[3.7187,45.1984],[3.7112,45.1984],[3.7037,45.1977],[3.6987,45.1949],[3.6997,45.1905],[3.7054,45.1883],[3.7149,45.1834],[3.7188,45.1791],[3.7196,45.1702],[3.7178,45.161],[3.7189,45.1539],[3.7173,45.1482],[3.7045,45.1449],[3.6947,45.1427],[3.6864,45.1393],[3.6791,45.1367],[3.6721,45.1339],[3.6702,45.1331],[3.6644,45.1289],[3.6581,45.1211],[3.6558,45.1152],[3.65,45.1085],[3.6493,45.1084],[3.6418,45.1071],[3.635,45.1121],[3.63,45.1159],[3.6306,45.1198],[3.6369,45.1235],[3.6382,45.129],[3.6317,45.1336],[3.6203,45.1389],[3.6115,45.1436],[3.6106,45.144],[3.603,45.1477],[3.5951,45.1498],[3.587,45.154],[3.5852,45.1576],[3.5857,45.1613],[3.5861,45.1624],[3.5876,45.167],[3.5841,45.1695],[3.5758,45.1699],[3.5724,45.17],[3.5638,45.1815],[3.5564,45.1854],[3.545,45.1905],[3.5354,45.1978],[3.5548,45.2163],[3.5605,45.2298],[3.5606,45.2298],[3.563,45.2398],[3.5595,45.2479],[3.5512,45.2531],[3.5494,45.2557],[3.5489,45.2604],[3.5469,45.2705],[3.5462,45.2726],[3.5464,45.2762],[3.5467,45.2812],[3.5485,45.2894],[3.5499,45.2982],[3.5511,45.3013],[3.5446,45.3072],[3.5226,45.3173],[3.5042,45.3285],[3.4986,45.3398],[3.4934,45.3529],[3.4923,45.357],[3.4938,45.3611],[3.4926,45.3633],[3.4893,45.3666],[3.4696,45.3642],[3.462,45.3803],[3.4624,45.3821],[3.4622,45.387],[3.4625,45.4116],[3.4617,45.4182],[3.4601,45.4283],[3.459,45.4364],[3.4546,45.4441],[3.4509,45.4497],[3.4437,45.4568],[3.4373,45.4624],[3.4311,45.4696],[3.4255,45.4798],[3.4255,45.483],[3.426,45.487],[3.426,45.4899],[3.429,45.5023],[3.4328,45.5186],[3.4518,45.5363],[3.464,45.544],[3.4719,45.5492],[3.4755,45.5519],[3.4761,45.5593],[3.476,45.5673],[3.4826,45.576],[3.495,45.5981],[3.508,45.6141],[3.5176,45.6237],[3.5346,45.6271],[3.5631,45.6305],[3.6117,45.6433],[3.6473,45.6377],[3.6465,45.6267],[3.664,45.6188],[3.6707,45.619],[3.7017,45.5996],[3.7299,45.6136],[3.7376,45.6171],[3.7382,45.6174],[3.739,45.6178],[3.7408,45.6187],[3.7443,45.6207],[3.7465,45.6213],[3.7486,45.6227],[3.748,45.6236],[3.7449,45.6267],[3.7408,45.6315],[3.738,45.6392],[3.7221,45.6607],[3.6968,45.6816],[3.6789,45.6968],[3.6623,45.7072],[3.6481,45.7226],[3.6275,45.7471],[3.6057,45.7682],[3.5932,45.7874],[3.6001,45.7945],[3.6125,45.8125],[3.6292,45.8367],[3.6328,45.8423],[3.6555,45.8766],[3.6518,45.901],[3.6455,45.9132],[3.6359,45.9205],[3.6274,45.9286],[3.6135,45.9401],[3.5856,45.9541],[3.5853,45.9674],[3.6062,45.9747],[3.6211,45.9848],[3.6294,45.9919],[3.6433,46.0009],[3.65,46.0077],[3.6556,46.0133],[3.6524,46.0387],[3.6513,46.0474],[3.6887,46.1133],[3.7173,46.1434],[3.7503,46.1873],[3.8022,46.1922],[3.8762,46.1802],[3.8762,46.1802],[3.8762,46.1802],[3.8763,46.1802],[3.8763,46.1802]]]},"properties":{"code":50,"nom":"Hautes Terres Granitiques orientales","code_her1":3,"nom_her1":"MASSIF CENTRAL SUD"}},{"type":"Feature","geometry":{"type":"Polygon","coordinates":[[[0.3475,49.2911],[0.3524,49.2744],[0.3504,49.2724],[0.3479,49.2709],[0.3283,49.273],[0.3175,49.2711],[0.3175,49.2711],[0.3264,49.2492],[0.3242,49.237],[0.313,49.2375],[0.3088,49.2378],[0.293,49.241],[0.2766,49.2367],[0.2625,49.2263],[0.2663,49.2146],[0.2797,49.2068],[0.2805,49.2063],[0.2907,49.2056],[0.2987,49.2038],[0.3212,49.1987],[0.3377,49.1895],[0.3386,49.189],[0.3344,49.1855],[0.3344,49.1855],[0.3275,49.1845],[0.3275,49.1845],[0.3172,49.1763],[0.3085,49.1568],[0.3366,49.1498],[0.3539,49.1429],[0.3712,49.1304],[0.3777,49.1257],[0.4002,49.1195],[0.418,49.1078],[0.4241,49.0984],[0.4315,49.0821],[0.4292,49.065],[0.4333,49.0569],[0.4439,48.9977],[0.4542,48.9846],[0.4803,48.9777],[0.4977,49.0307],[0.5756,49.0887],[0.5993,49.0961],[0.6914,49.0659],[0.8559,48.9982],[0.8835,48.907],[0.9921,48.8305],[0.9924,48.8302],[1.0409,48.8062],[1.0418,48.8058],[1.1047,48.7745],[1.226,48.7082],[1.3522,48.5978],[1.4286,48.5339],[1.4411,48.5083],[1.4743,48.4403],[1.44,48.3712],[1.5357,48.3163],[1.5336,48.2664],[1.464,48.2496],[1.4503,48.2475],[1.4205,48.239],[1.4027,48.23],[1.3886,48.2092],[1.3893,48.2064],[1.3869,48.1949],[1.3883,48.1837],[1.3962,48.1702],[1.3942,48.167],[1.3969,48.1599],[1.4296,48.1493],[1.4261,48.1427],[1.4093,48.1305],[1.4069,48.1239],[1.3891,48.1108],[1.3748,48.1062],[1.3566,48.0895],[1.3504,48.0839],[1.3485,48.08],[1.3021,48.035],[1.3226,48.0189],[1.3566,48.0116],[1.3775,48.0061],[1.3861,47.9979],[1.3658,47.9775],[1.3471,47.9654],[1.3084,47.972],[1.2863,47.9776],[1.2831,47.9765],[1.2727,47.9679],[1.2723,47.9585],[1.2796,47.9473],[1.2807,47.9439],[1.2844,47.9235],[1.2923,47.9161],[1.2995,47.9123],[1.4059,47.8746],[1.4454,47.8588],[1.4577,47.8487],[1.4652,47.8336],[1.4557,47.8198],[1.438,47.8163],[1.4193,47.8195],[1.3753,47.8367],[1.3491,47.8415],[1.3304,47.8421],[1.2936,47.8313],[1.2719,47.8186],[1.2569,47.8128],[1.2236,47.8153],[1.2022,47.8042],[1.2008,47.8024],[1.1832,47.7991],[1.18,47.8012],[1.1644,47.8165],[1.1494,47.818],[1.1321,47.8113],[1.1314,47.8104],[1.125,47.8012],[1.1257,47.7932],[1.1044,47.7623],[1.0902,47.7502],[1.2026,47.6088],[1.2145,47.6029],[1.2257,47.5992],[1.248,47.6071],[1.2582,47.6089],[1.2697,47.6032],[1.2786,47.597],[1.293,47.5913],[1.3118,47.5902],[1.3579,47.5905],[1.34,47.5685],[1.339,47.5621],[1.3258,47.5458],[1.3201,47.5357],[1.2877,47.5124],[1.2877,47.5124],[1.2725,47.4962],[1.2725,47.4962],[1.1208,47.453],[0.9469,47.4001],[0.8724,47.3806],[0.7926,47.3873],[0.5687,47.3501],[0.1843,47.2542],[-0.0805,47.2309],[-0.3002,47.2217],[-0.3067,47.2254],[-0.324,47.2218],[-0.3417,47.2355],[-0.3526,47.2231],[-0.3645,47.2276],[-0.3654,47.2437],[-0.3688,47.2546],[-0.4155,47.272],[-0.4626,47.2709],[-0.4892,47.272],[-0.4959,47.2825],[-0.5159,47.3007],[-0.5373,47.3096],[-0.5202,47.334],[-0.5199,47.334],[-0.5199,47.334],[-0.504,47.333],[-0.5036,47.333],[-0.4947,47.3401],[-0.4761,47.3539],[-0.469,47.3816],[-0.4483,47.3985],[-0.4483,47.404],[-0.4443,47.4552],[-0.4614,47.4573],[-0.4764,47.4728],[-0.4601,47.4748],[-0.4643,47.4834],[-0.4963,47.4976],[-0.5255,47.5066],[-0.5607,47.5177],[-0.5619,47.5413],[-0.5628,47.5573],[-0.5992,47.5696],[-0.6045,47.5796],[-0.5707,47.5875],[-0.5662,47.5933],[-0.5892,47.6017],[-0.5818,47.6086],[-0.5807,47.6216],[-0.5809,47.6256],[-0.5782,47.6296],[-0.5602,47.6244],[-0.5354,47.6297],[-0.5512,47.642],[-0.541,47.6453],[-0.5148,47.6517],[-0.4985,47.657],[-0.4766,47.6823],[-0.5105,47.7153],[-0.4937,47.7255],[-0.4741,47.7245],[-0.4803,47.7315],[-0.4767,47.7388],[-0.4719,47.7474],[-0.4446,47.7481],[-0.4034,47.7498],[-0.3915,47.7369],[-0.3695,47.7346],[-0.3565,47.7421],[-0.3327,47.7613],[-0.3278,47.7684],[-0.3203,47.7792],[-0.3074,47.7896],[-0.2945,47.7982],[-0.3062,47.8242],[-0.2925,47.8354],[-0.2868,47.8437],[-0.2875,47.8506],[-0.2854,47.8609],[-0.2718,47.8772],[-0.2822,47.8941],[-0.2915,47.9006],[-0.2982,47.9159],[-0.2997,47.9316],[-0.3089,47.943],[-0.3077,47.9476],[-0.2846,47.9481],[-0.277,47.9605],[-0.2674,47.987],[-0.2762,48.0131],[-0.2327,47.9874],[-0.2125,47.9879],[-0.2211,48.0235],[-0.2265,48.0342],[-0.2103,48.0356],[-0.1853,48.0174],[-0.1975,48.0031],[-0.1921,47.9776],[-0.1903,47.9667],[-0.1493,47.9887],[-0.1442,48.0],[-0.1599,47.9988],[-0.1676,47.9889],[-0.1661,48.0119],[-0.1737,48.0304],[-0.1649,48.0434],[-0.186,48.0507],[-0.1822,48.0621],[-0.1318,48.0586],[-0.1162,48.0717],[-0.1418,48.0785],[-0.1566,48.0927],[-0.1563,48.0991],[-0.1459,48.1035],[-0.1182,48.1001],[-0.0978,48.094],[-0.0808,48.0963],[-0.0791,48.1069],[-0.0647,48.1367],[-0.0784,48.167],[-0.0709,48.1748],[-0.0414,48.177],[-0.0443,48.1843],[-0.0392,48.1908],[-0.0396,48.1997],[-0.0294,48.2117],[0.0193,48.2072],[-0.0119,48.2322],[-0.0201,48.2449],[-0.0125,48.2564],[0.0145,48.2402],[0.0294,48.2485],[0.0779,48.27],[0.0566,48.3049],[0.0443,48.3388],[0.0366,48.3458],[0.035,48.3505],[0.055,48.3514],[0.0791,48.3617],[0.0551,48.374],[0.0555,48.3817],[0.0743,48.3801],[0.0735,48.3894],[0.0793,48.4109],[0.0588,48.4262],[0.0486,48.4357],[0.0299,48.4451],[0.0314,48.4533],[0.0207,48.4594],[0.0003,48.4644],[0.0071,48.4713],[0.0338,48.4773],[0.0666,48.4881],[0.1218,48.5118],[0.1604,48.5295],[0.177,48.5373],[0.2101,48.5522],[0.2103,48.5578],[0.2025,48.5641],[0.1773,48.5659],[0.1494,48.5837],[0.1238,48.596],[0.1129,48.6023],[0.087,48.6178],[0.0869,48.6189],[0.0859,48.6199],[0.0827,48.623],[0.0691,48.6286],[0.0333,48.6332],[0.0151,48.6522],[-0.0376,48.6746],[-0.0674,48.6866],[-0.0674,48.6877],[-0.0731,48.6927],[-0.0768,48.703],[-0.0963,48.7202],[-0.1158,48.6894],[-0.1602,48.702],[-0.165,48.7233],[-0.1582,48.7324],[-0.1537,48.74],[-0.1495,48.746],[-0.1396,48.7443],[-0.1244,48.7413],[-0.1265,48.7656],[-0.1386,48.7574],[-0.1746,48.7629],[-0.1777,48.7802],[-0.1804,48.7956],[-0.1941,48.807],[-0.1999,48.8137],[-0.1783,48.8129],[-0.1561,48.8124],[-0.1266,48.8184],[-0.1305,48.8283],[-0.0972,48.8193],[-0.0359,48.7989],[-0.0194,48.8011],[-0.0147,48.8205],[-0.0859,48.8447],[-0.1498,48.8795],[-0.1895,48.8807],[-0.2008,48.9038],[-0.1419,48.9233],[-0.1257,48.972],[-0.0555,49.0098],[-0.0349,49.0533],[-0.1155,49.0862],[-0.1963,49.0742],[-0.1963,49.0742],[-0.2416,49.1388],[-0.243,49.2165],[-0.1909,49.2332],[-0.2377,49.2685],[-0.2314,49.2676],[-0.227,49.2694],[-0.2256,49.2706],[-0.2253,49.2716],[-0.2249,49.2729],[-0.2236,49.2744],[-0.2224,49.2759],[-0.2222,49.2784],[-0.2232,49.2786],[-0.226,49.283],[-0.2208,49.2849],[-0.2137,49.2859],[-0.1965,49.2861],[-0.1704,49.2864],[-0.1551,49.2878],[-0.1402,49.2898],[-0.1132,49.295],[-0.0908,49.2988],[-0.0854,49.301],[-0.0714,49.3065],[-0.0618,49.308],[-0.0471,49.3123],[-0.0395,49.315],[-0.0273,49.3185],[-0.0197,49.3196],[-0.0041,49.3247],[0.0134,49.3318],[0.0314,49.342],[0.0376,49.3455],[0.0426,49.3467],[0.0487,49.3503],[0.055,49.3541],[0.0658,49.3607],[0.0776,49.3684],[0.0889,49.3772],[0.1009,49.3869],[0.106,49.3905],[0.1085,49.3926],[0.1126,49.3952],[0.1192,49.3973],[0.1253,49.4012],[0.1306,49.4033],[0.1345,49.4044],[0.1424,49.3934],[0.1738,49.374],[0.2351,49.3495],[0.248,49.3458],[0.2894,49.3288],[0.2955,49.3263],[0.3303,49.3079],[0.3475,49.2911]]]},"properties":{"code":54,"nom":"TC-Nord Loire-Perche","code_her1":9,"nom_her1":"TABLES CALCAIRES"}},{"type":"Feature","geometry":{"type":"Polygon","coordinates":[[[-3.4978,48.8379],[-3.5043,48.8342],[-3.5072,48.8318],[-3.5083,48.83],[-3.5095,48.8293],[-3.5097,48.8276],[-3.5061,48.8257],[-3.5022,48.8247],[-3.5008,48.8257],[-3.5035,48.8271],[-3.5033,48.8294],[-3.5004,48.8301],[-3.4983,48.8302],[-3.4963,48.8313],[-3.4928,48.8296],[-3.4919,48.8299],[-3.4921,48.8323],[-3.4878,48.8329],[-3.4888,48.8359],[-3.4839,48.8389],[-3.4813,48.8392],[-3.4806,48.8377],[-3.4783,48.8377],[-3.4758,48.8383],[-3.4742,48.8343],[-3.4751,48.8329],[-3.4723,48.831],[-3.4723,48.8289],[-3.4701,48.8275],[-3.4703,48.8266],[-3.4659,48.8228],[-3.4595,48.8199],[-3.4602,48.8169],[-3.4576,48.8162],[-3.4575,48.8176],[-3.4554,48.8161],[-3.4509,48.8169],[-3.4414,48.8207],[-3.4364,48.8208],[-3.4332,48.8187],[-3.4311,48.8191],[-3.4301,48.8216],[-3.4279,48.822],[-3.426,48.8172],[-3.4336,48.8135],[-3.4342,48.8121],[-3.4371,48.8103],[-3.4358,48.8059],[-3.438,48.8036],[-3.4418,48.8023],[-3.4402,48.7992],[-3.4337,48.8008],[-3.4249,48.7995],[-3.4169,48.7998],[-3.4129,48.7975],[-3.4108,48.7952],[-3.4085,48.7916],[-3.3914,48.7856],[-3.3715,48.7698],[-3.3277,48.7447],[-3.3107,48.7258],[-3.294,48.7093],[-3.27,48.6932],[-3.2533,48.6767],[-3.2308,48.6408],[-3.2088,48.6127],[-3.182,48.5697],[-3.1647,48.5475],[-3.1195,48.5168],[-3.0297,48.5078],[-2.9736,48.4906],[-2.9441,48.4673],[-2.8675,48.4412],[-2.8227,48.4382],[-2.7615,48.4179],[-2.7202,48.3984],[-2.6419,48.3771],[-2.5295,48.3604],[-2.4525,48.3259],[-2.4055,48.2966],[-2.3657,48.2303],[-2.3657,48.2303],[-2.3651,48.2293],[-2.391,48.1905],[-2.4425,48.1638],[-2.5245,48.149],[-2.5803,48.1417],[-2.6223,48.1449],[-2.6389,48.1393],[-2.6589,48.1171],[-2.6875,48.1028],[-2.7006,48.085],[-2.7138,48.0696],[-2.7339,48.049],[-2.7538,48.0259],[-2.7637,48.0137],[-2.7359,47.9737],[-2.734,47.945],[-2.7659,47.9251],[-2.8348,47.8644],[-2.9033,47.8091],[-2.9452,47.8177],[-3.0009,47.815],[-3.0317,47.7526],[-3.0379,47.7398],[-3.046,47.7246],[-3.0569,47.7114],[-3.0753,47.69],[-3.0857,47.6776],[-3.0946,47.6669],[-3.1044,47.6555],[-3.108,47.6522],[-3.148,47.623],[-3.1567,47.614],[-3.163,47.6087],[-3.163,47.6087],[-3.1731,47.614],[-3.1779,47.6142],[-3.1833,47.6161],[-3.1964,47.6227],[-3.1984,47.6267],[-3.2007,47.632],[-3.2081,47.6404],[-3.2088,47.64],[-3.2112,47.6424],[-3.2135,47.6444],[-3.2234,47.6509],[-3.233,47.6572],[-3.2386,47.6598],[-3.2519,47.6663],[-3.2629,47.6755],[-3.2779,47.682],[-3.2796,47.6828],[-3.2805,47.6831],[-3.2911,47.6862],[-3.3124,47.6923],[-3.3294,47.6943],[-3.3472,47.694],[-3.3567,47.6848],[-3.3628,47.6863],[-3.363,47.6916],[-3.3594,47.6925],[-3.3547,47.6986],[-3.3522,47.7006],[-3.3504,47.7023],[-3.3544,47.7031],[-3.3645,47.7107],[-3.357,47.7123],[-3.3511,47.716],[-3.3457,47.7145],[-3.3421,47.7168],[-3.3423,47.7189],[-3.3495,47.7225],[-3.3517,47.725],[-3.3455,47.7272],[-3.3496,47.7311],[-3.3472,47.7352],[-3.3374,47.7358],[-3.3326,47.7361],[-3.3276,47.7362],[-3.3219,47.7359],[-3.317,47.7391],[-3.3154,47.745],[-3.3141,47.7466],[-3.3074,47.7477],[-3.3055,47.7496],[-3.3037,47.754],[-3.302,47.7575],[-3.3013,47.7591],[-3.3027,47.7626],[-3.3005,47.7641],[-3.2976,47.7703],[-3.2973,47.7709],[-3.2961,47.7734],[-3.2986,47.7733],[-3.2986,47.7733],[-3.3053,47.7648],[-3.3101,47.7625],[-3.3113,47.7606],[-3.3153,47.7561],[-3.3195,47.7562],[-3.3219,47.7538],[-3.3206,47.75],[-3.3319,47.7427],[-3.3415,47.7407],[-3.3457,47.7418],[-3.3486,47.7418],[-3.3527,47.7386],[-3.3548,47.7324],[-3.3585,47.7293],[-3.366,47.7259],[-3.3766,47.731],[-3.3824,47.7312],[-3.3795,47.7285],[-3.3747,47.7266],[-3.3761,47.7235],[-3.3716,47.7175],[-3.3695,47.7183],[-3.3691,47.7209],[-3.3653,47.7167],[-3.3745,47.7122],[-3.3733,47.7096],[-3.3796,47.7054],[-3.3838,47.7024],[-3.3911,47.7008],[-3.4058,47.7028],[-3.4116,47.7021],[-3.4148,47.7001],[-3.42,47.7007],[-3.4239,47.7043],[-3.4289,47.7037],[-3.4304,47.7002],[-3.4355,47.6983],[-3.4394,47.6983],[-3.4437,47.6983],[-3.4452,47.6955],[-3.4531,47.6951],[-3.4598,47.6985],[-3.4632,47.7007],[-3.4598,47.703],[-3.463,47.7051],[-3.4678,47.706],[-3.4711,47.7096],[-3.4731,47.7097],[-3.476,47.7107],[-3.4762,47.7119],[-3.4764,47.7143],[-3.4803,47.7147],[-3.4842,47.7178],[-3.4857,47.7203],[-3.4894,47.7243],[-3.4938,47.7251],[-3.4994,47.731],[-3.5001,47.735],[-3.5064,47.7476],[-3.512,47.7508],[-3.5167,47.756],[-3.5207,47.7573],[-3.5222,47.7592],[-3.523,47.7626],[-3.5293,47.7667],[-3.5321,47.767],[-3.5363,47.7657],[-3.5375,47.7643],[-3.5364,47.763],[-3.5388,47.7621],[-3.5441,47.7645],[-3.5467,47.7655],[-3.5494,47.7648],[-3.5513,47.7626],[-3.5595,47.7653],[-3.5624,47.768],[-3.5669,47.7686],[-3.5705,47.7689],[-3.5728,47.7694],[-3.578,47.7677],[-3.5791,47.7663],[-3.5832,47.7681],[-3.5873,47.7678],[-3.5928,47.768],[-3.5962,47.7692],[-3.6015,47.7685],[-3.6081,47.7703],[-3.6107,47.77],[-3.6114,47.7685],[-3.6142,47.7685],[-3.6205,47.7711],[-3.6262,47.7694],[-3.629,47.7721],[-3.6461,47.7739],[-3.6468,47.7787],[-3.6515,47.779],[-3.6597,47.7792],[-3.6633,47.7816],[-3.666,47.78],[-3.6686,47.7812],[-3.6695,47.7803],[-3.6733,47.7759],[-3.6805,47.776],[-3.6938,47.7834],[-3.7059,47.7897],[-3.7133,47.7935],[-3.7186,47.7966],[-3.7239,47.7983],[-3.7211,47.801],[-3.7232,47.8031],[-3.7243,47.8046],[-3.7275,47.8046],[-3.7311,47.8028],[-3.7343,47.8033],[-3.7364,47.8054],[-3.7404,47.8044],[-3.7391,47.8018],[-3.7364,47.8002],[-3.7412,47.7973],[-3.7487,47.794],[-3.7615,47.79],[-3.7685,47.7898],[-3.7879,47.7913],[-3.7959,47.7892],[-3.7992,47.7868],[-3.7983,47.7826],[-3.8025,47.7837],[-3.8017,47.7882],[-3.8072,47.789],[-3.8076,47.7911],[-3.8093,47.7921],[-3.8148,47.7944],[-3.8213,47.7967],[-3.825,47.7964],[-3.8277,47.7928],[-3.831,47.7959],[-3.8396,47.796],[-3.8458,47.7922],[-3.8501,47.7914],[-3.8519,47.7903],[-3.8553,47.7893],[-3.8568,47.7904],[-3.8558,47.7937],[-3.8538,47.7952],[-3.8521,47.7967],[-3.8512,47.7985],[-3.8565,47.8047],[-3.8648,47.8087],[-3.8734,47.8156],[-3.8922,47.8306],[-3.8933,47.833],[-3.9013,47.8338],[-3.9024,47.8356],[-3.9011,47.8376],[-3.9016,47.8404],[-3.899,47.8412],[-3.8987,47.8433],[-3.8993,47.8463],[-3.8961,47.8472],[-3.8906,47.8467],[-3.8929,47.849],[-3.8967,47.8488],[-3.9007,47.8496],[-3.9029,47.8494],[-3.9049,47.851],[-3.9086,47.8499],[-3.9107,47.8513],[-3.9115,47.8536],[-3.9176,47.8552],[-3.9195,47.8567],[-3.9127,47.8599],[-3.9082,47.8566],[-3.906,47.8563],[-3.9036,47.8574],[-3.9036,47.8597],[-3.9071,47.8619],[-3.9074,47.864],[-3.911,47.8663],[-3.9121,47.8698],[-3.9098,47.8731],[-3.9081,47.8734],[-3.9069,47.874],[-3.9077,47.8749],[-3.9055,47.8768],[-3.9063,47.8772],[-3.909,47.8749],[-3.9113,47.8759],[-3.911,47.8733],[-3.9123,47.8716],[-3.9163,47.8676],[-3.9223,47.8698],[-3.9262,47.869],[-3.9313,47.8722],[-3.9293,47.8742],[-3.9338,47.8817],[-3.9407,47.8837],[-3.9479,47.8873],[-3.9473,47.8904],[-3.9498,47.8908],[-3.95,47.8928],[-3.9474,47.8955],[-3.9474,47.8992],[-3.9504,47.8981],[-3.9514,47.8941],[-3.9555,47.8941],[-3.9586,47.8967],[-3.97,47.8954],[-3.9724,47.8948],[-3.9752,47.8975],[-3.9738,47.9006],[-3.9787,47.9015],[-3.9803,47.8994],[-3.9801,47.8978],[-3.98,47.8967],[-3.9774,47.8954],[-3.9797,47.8943],[-3.9831,47.8933],[-3.9854,47.8952],[-3.9906,47.8958],[-3.9899,47.8948],[-3.9866,47.8913],[-3.982,47.8899],[-3.9807,47.8885],[-3.9858,47.8859],[-3.9891,47.8829],[-3.9866,47.8802],[-3.9841,47.8759],[-3.9832,47.8699],[-3.9849,47.8676],[-3.9841,47.8645],[-3.9816,47.8602],[-3.9794,47.858],[-3.9734,47.8552],[-3.977,47.8538],[-3.9874,47.8533],[-3.9922,47.8539],[-4.0041,47.8512],[-4.0127,47.851],[-4.022,47.8505],[-4.0289,47.8496],[-4.0343,47.848],[-4.04,47.8441],[-4.0432,47.8472],[-4.0522,47.8533],[-4.0608,47.8566],[-4.0661,47.8583],[-4.0739,47.8596],[-4.0866,47.8617],[-4.0898,47.8607],[-4.0942,47.8613],[-4.0985,47.8621],[-4.0992,47.8639],[-4.1007,47.865],[-4.1021,47.8668],[-4.1009,47.8691],[-4.1024,47.8704],[-4.106,47.8712],[-4.1101,47.8712],[-4.1136,47.8713],[-4.1141,47.8699],[-4.1126,47.8689],[-4.1121,47.8648],[-4.1125,47.8622],[-4.1149,47.8622],[-4.1212,47.8646],[-4.1306,47.8626],[-4.1411,47.8589],[-4.1463,47.8568],[-4.1542,47.8527],[-4.1606,47.8496],[-4.1664,47.8445],[-4.1657,47.8431],[-4.1681,47.8392],[-4.1716,47.8364],[-4.1691,47.8365],[-4.1642,47.8349],[-4.158,47.8317],[-4.1622,47.8271],[-4.1602,47.8239],[-4.1651,47.8204],[-4.1664,47.8171],[-4.1635,47.8144],[-4.17,47.8135],[-4.1738,47.8122],[-4.1741,47.8105],[-4.1726,47.8068],[-4.1806,47.8027],[-4.1824,47.8],[-4.1895,47.7984],[-4.192,47.7957],[-4.1963,47.7966],[-4.2012,47.7995],[-4.207,47.7997],[-4.2091,47.8021],[-4.2104,47.8014],[-4.2118,47.8006],[-4.2112,47.7958],[-4.2154,47.7944],[-4.2188,47.7926],[-4.2238,47.7922],[-4.2262,47.793],[-4.2358,47.7927],[-4.2493,47.7912],[-4.2612,47.7915],[-4.267,47.7902],[-4.2734,47.792],[-4.2765,47.7914],[-4.279,47.7922],[-4.2852,47.7922],[-4.2916,47.7918],[-4.2956,47.7933],[-4.2938,47.7947],[-4.2943,47.7977],[-4.2994,47.8003],[-4.2994,47.8003],[-4.3107,47.8004],[-4.3197,47.7989],[-4.3263,47.7974],[-4.3357,47.799],[-4.3464,47.7992],[-4.3464,47.7992],[-4.3464,47.7992],[-4.3465,47.7992],[-4.353,47.7971],[-4.3594,47.7962],[-4.3649,47.7953],[-4.371,47.7967],[-4.3751,47.7967],[-4.3754,47.804],[-4.3724,47.8094],[-4.3757,47.8136],[-4.3774,47.8168],[-4.3828,47.8154],[-4.38,47.8234],[-4.3679,47.8292],[-4.363,47.8294],[-4.3575,47.8265],[-4.3519,47.8288],[-4.3488,47.8336],[-4.3497,47.8375],[-4.3473,47.842],[-4.3476,47.8457],[-4.3494,47.8532],[-4.3553,47.8677],[-4.3594,47.88],[-4.3627,47.8863],[-4.3628,47.8865],[-4.3643,47.8893],[-4.3672,47.8948],[-4.3697,47.9014],[-4.3746,47.9085],[-4.3832,47.921],[-4.3836,47.9214],[-4.3968,47.9349],[-4.4085,47.9435],[-4.4089,47.9438],[-4.4095,47.9448],[-4.4143,47.9525],[-4.4151,47.9548],[-4.4155,47.9559],[-4.418,47.957],[-4.4237,47.9629],[-4.4272,47.9638],[-4.4364,47.9702],[-4.444,47.9735],[-4.4519,47.9811],[-4.4555,47.9817],[-4.4639,47.9844],[-4.4692,47.9842],[-4.4758,47.9857],[-4.4826,47.9931],[-4.4907,47.9967],[-4.4964,47.9999],[-4.5036,48.0021],[-4.5095,48.0044],[-4.5175,48.0061],[-4.5206,48.0042],[-4.5317,48.009],[-4.5354,48.0099],[-4.5377,48.0122],[-4.54,48.0133],[-4.5418,48.0107],[-4.5472,48.0113],[-4.5515,48.011],[-4.5554,48.0092],[-4.556,48.0045],[-4.5596,48.0025],[-4.562,48.0016],[-4.566,47.9993],[-4.5694,47.9999],[-4.5774,48.004],[-4.5807,48.0036],[-4.5885,48.0069],[-4.5925,48.0061],[-4.5935,48.0108],[-4.5982,48.0138],[-4.5997,48.0146],[-4.6031,48.0147],[-4.6117,48.0167],[-4.6176,48.0167],[-4.6229,48.0177],[-4.6238,48.0199],[-4.6291,48.0221],[-4.6295,48.0255],[-4.632,48.029],[-4.6355,48.0289],[-4.6373,48.0271],[-4.6404,48.0262],[-4.6424,48.0227],[-4.649,48.0231],[-4.6502,48.0214],[-4.6564,48.0219],[-4.6631,48.0248],[-4.667,48.0253],[-4.675,48.0266],[-4.6901,48.0259],[-4.6926,48.0274],[-4.6943,48.0278],[-4.6967,48.0254],[-4.7029,48.029],[-4.7114,48.0327],[-4.7163,48.0324],[-4.7227,48.033],[-4.7267,48.0324],[-4.7306,48.0356],[-4.7347,48.0376],[-4.7422,48.0402],[-4.7388,48.0417],[-4.7263,48.0423],[-4.715,48.0425],[-4.7083,48.0447],[-4.706,48.0488],[-4.7116,48.0511],[-4.715,48.053],[-4.7174,48.0631],[-4.7149,48.0671],[-4.7091,48.0645],[-4.7027,48.063],[-4.6972,48.063],[-4.6945,48.0615],[-4.6916,48.0629],[-4.6918,48.0665],[-4.6884,48.0669],[-4.6859,48.0622],[-4.6812,48.0633],[-4.6781,48.0621],[-4.6737,48.0626],[-4.67,48.0689],[-4.6669,48.0728],[-4.6627,48.0728],[-4.6615,48.0701],[-4.653,48.0698],[-4.6508,48.0708],[-4.6429,48.0684],[-4.6397,48.0691],[-4.6368,48.0697],[-4.6312,48.0684],[-4.6313,48.0739],[-4.6256,48.0722],[-4.6214,48.0699],[-4.6171,48.0716],[-4.6164,48.074],[-4.6129,48.0733],[-4.6097,48.075],[-4.607,48.0758],[-4.6054,48.0769],[-4.6015,48.0772],[-4.5962,48.0768],[-4.5933,48.0755],[-4.5895,48.081],[-4.5844,48.0812],[-4.5818,48.083],[-4.5697,48.0833],[-4.5655,48.0822],[-4.5583,48.0792],[-4.5551,48.0793],[-4.5524,48.0778],[-4.5473,48.0788],[-4.5472,48.0828],[-4.5425,48.0826],[-4.5405,48.0887],[-4.5344,48.0902],[-4.5312,48.088],[-4.5251,48.0879],[-4.5225,48.0873],[-4.5229,48.0916],[-4.52,48.0919],[-4.5175,48.0887],[-4.5124,48.0914],[-4.5078,48.091],[-4.5042,48.0886],[-4.5037,48.0922],[-4.5005,48.0917],[-4.4985,48.0903],[-4.4969,48.089],[-4.4933,48.0886],[-4.488,48.088],[-4.4837,48.091],[-4.4791,48.0936],[-4.4786,48.0959],[-4.4768,48.0967],[-4.4674,48.0966],[-4.4666,48.1],[-4.4628,48.0997],[-4.4609,48.098],[-4.457,48.0981],[-4.4487,48.0992],[-4.4419,48.0981],[-4.434,48.0983],[-4.43,48.101],[-4.4254,48.1011],[-4.4235,48.1046],[-4.414,48.1079],[-4.4067,48.1059],[-4.403,48.1064],[-4.3937,48.1052],[-4.3829,48.1073],[-4.3746,48.1111],[-4.3662,48.1101],[-4.3607,48.1095],[-4.3544,48.1046],[-4.3473,48.1029],[-4.3406,48.1016],[-4.3385,48.0986],[-4.3361,48.098],[-4.3297,48.098],[-4.3271,48.1013],[-4.3256,48.099],[-4.3208,48.0983],[-4.3196,48.0967],[-4.3228,48.0957],[-4.3216,48.0935],[-4.3188,48.0936],[-4.3144,48.0936],[-4.3067,48.0899],[-4.2983,48.0915],[-4.3004,48.0947],[-4.295,48.101],[-4.2909,48.102],[-4.2875,48.1037],[-4.2834,48.1131],[-4.2813,48.1189],[-4.2843,48.1202],[-4.2866,48.1264],[-4.28,48.1293],[-4.2764,48.1341],[-4.2712,48.1346],[-4.273,48.1424],[-4.2732,48.1473],[-4.2743,48.1491],[-4.2763,48.1504],[-4.2736,48.1523],[-4.2752,48.1551],[-4.283,48.1563],[-4.2875,48.1547],[-4.2902,48.1584],[-4.2934,48.157],[-4.2977,48.1596],[-4.2953,48.1634],[-4.2987,48.1651],[-4.2997,48.1682],[-4.2976,48.1696],[-4.2936,48.1681],[-4.2941,48.1722],[-4.2917,48.1757],[-4.2979,48.1858],[-4.3045,48.1955],[-4.3134,48.1973],[-4.3172,48.2036],[-4.3205,48.2035],[-4.3236,48.2021],[-4.3286,48.202],[-4.3288,48.2037],[-4.333,48.2062],[-4.3359,48.2062],[-4.338,48.205],[-4.3494,48.2061],[-4.3596,48.2048],[-4.3632,48.206],[-4.3684,48.2049],[-4.3751,48.2066],[-4.3746,48.208],[-4.3697,48.2105],[-4.378,48.2183],[-4.3864,48.2188],[-4.3928,48.217],[-4.393,48.2198],[-4.3974,48.2202],[-4.4006,48.2196],[-4.4077,48.2225],[-4.4156,48.2234],[-4.4153,48.2258],[-4.4185,48.2273],[-4.4222,48.2263],[-4.4264,48.229],[-4.429,48.2282],[-4.4329,48.2285],[-4.4337,48.2307],[-4.4386,48.2314],[-4.4482,48.2354],[-4.4562,48.2354],[-4.461,48.2351],[-4.4641,48.239],[-4.4763,48.2353],[-4.4862,48.2344],[-4.494,48.234],[-4.5014,48.2303],[-4.5037,48.2253],[-4.4961,48.2237],[-4.4937,48.2208],[-4.4963,48.2171],[-4.501,48.2156],[-4.5097,48.2117],[-4.5105,48.2087],[-4.5141,48.2035],[-4.5094,48.2011],[-4.514,48.2002],[-4.5195,48.1952],[-4.5177,48.1919],[-4.5266,48.1854],[-4.5392,48.1808],[-4.5376,48.1774],[-4.5384,48.1705],[-4.5403,48.1676],[-4.5542,48.1676],[-4.5599,48.1698],[-4.5599,48.1757],[-4.5599,48.1771],[-4.5516,48.1815],[-4.5551,48.1851],[-4.5528,48.1873],[-4.5543,48.1891],[-4.5547,48.1909],[-4.5503,48.1947],[-4.5546,48.2115],[-4.5581,48.2112],[-4.5586,48.2121],[-4.5578,48.2158],[-4.5606,48.2195],[-4.5587,48.2242],[-4.5623,48.2289],[-4.5652,48.2316],[-4.5727,48.2308],[-4.5712,48.2338],[-4.5741,48.2346],[-4.5735,48.2363],[-4.5666,48.237],[-4.565,48.2377],[-4.5621,48.2364],[-4.5576,48.2377],[-4.5569,48.2391],[-4.5488,48.2413],[-4.5448,48.2411],[-4.5442,48.2431],[-4.5445,48.2491],[-4.5483,48.2543],[-4.5508,48.255],[-4.555,48.2579],[-4.5572,48.2583],[-4.5603,48.2564],[-4.5717,48.2532],[-4.5747,48.2545],[-4.5817,48.2501],[-4.5857,48.2527],[-4.5897,48.2525],[-4.598,48.2518],[-4.5957,48.2556],[-4.6022,48.2574],[-4.6027,48.2603],[-4.6078,48.2605],[-4.6114,48.2615],[-4.6164,48.2607],[-4.6191,48.2548],[-4.6215,48.2506],[-4.6291,48.2492],[-4.6258,48.2572],[-4.6232,48.2623],[-4.6152,48.273],[-4.6192,48.2768],[-4.6217,48.2771],[-4.6314,48.2793],[-4.6287,48.2816],[-4.6195,48.2813],[-4.6166,48.2824],[-4.6145,48.2823],[-4.6137,48.2804],[-4.6108,48.2818],[-4.6095,48.2839],[-4.6129,48.2854],[-4.6068,48.2869],[-4.6044,48.2872],[-4.5997,48.2885],[-4.5997,48.2832],[-4.5971,48.2818],[-4.5954,48.2775],[-4.5923,48.2757],[-4.5874,48.2765],[-4.5766,48.2791],[-4.5747,48.2826],[-4.5703,48.2827],[-4.5663,48.2879],[-4.5684,48.2896],[-4.569,48.2956],[-4.5731,48.2989],[-4.5719,48.304],[-4.5747,48.307],[-4.5766,48.3101],[-4.5745,48.3129],[-4.5766,48.3166],[-4.583,48.3183],[-4.5833,48.32],[-4.5793,48.3208],[-4.5785,48.3252],[-4.5714,48.3273],[-4.5713,48.3306],[-4.5625,48.3339],[-4.5571,48.3362],[-4.5551,48.3388],[-4.5404,48.3412],[-4.5315,48.3428],[-4.531,48.3392],[-4.5437,48.3251],[-4.5426,48.3184],[-4.5441,48.3131],[-4.5497,48.305],[-4.5544,48.3014],[-4.5538,48.2981],[-4.5473,48.2927],[-4.5404,48.2909],[-4.5381,48.2937],[-4.5355,48.2932],[-4.5373,48.2898],[-4.539,48.2871],[-4.5355,48.2849],[-4.5251,48.2888],[-4.5265,48.2958],[-4.5194,48.2987],[-4.5154,48.3038],[-4.5078,48.3114],[-4.4977,48.312],[-4.4937,48.3101],[-4.5055,48.3001],[-4.5102,48.2952],[-4.5106,48.2922],[-4.5046,48.2886],[-4.5023,48.2853],[-4.4993,48.283],[-4.4932,48.2837],[-4.4843,48.285],[-4.4719,48.2878],[-4.4656,48.291],[-4.4627,48.2971],[-4.4563,48.2932],[-4.4244,48.2927],[-4.4162,48.2953],[-4.4154,48.2911],[-4.4177,48.2884],[-4.4174,48.2862],[-4.4152,48.2815],[-4.4102,48.2778],[-4.4015,48.2767],[-4.3912,48.277],[-4.3837,48.2772],[-4.3772,48.2785],[-4.3667,48.28],[-4.3596,48.2832],[-4.3538,48.2876],[-4.3393,48.287],[-4.3333,48.2904],[-4.3232,48.2924],[-4.3179,48.2949],[-4.3063,48.2985],[-4.2759,48.2971],[-4.2679,48.2954],[-4.2598,48.2937],[-4.2608,48.2921],[-4.2638,48.2918],[-4.2629,48.2881],[-4.2644,48.2845],[-4.2668,48.2836],[-4.2663,48.2794],[-4.2615,48.2798],[-4.2491,48.2848],[-4.2412,48.2877],[-4.2384,48.2909],[-4.2339,48.2922],[-4.2305,48.2925],[-4.2271,48.2916],[-4.2249,48.2888],[-4.219,48.2901],[-4.2116,48.2904],[-4.2105,48.2914],[-4.2066,48.2933],[-4.2021,48.2944],[-4.1982,48.2941],[-4.1952,48.2931],[-4.1907,48.2951],[-4.1868,48.2957],[-4.1878,48.2968],[-4.1952,48.2968],[-4.2046,48.2969],[-4.2069,48.2973],[-4.2165,48.2971],[-4.2214,48.2956],[-4.2284,48.2964],[-4.2339,48.2987],[-4.2399,48.2989],[-4.2365,48.3019],[-4.2421,48.3052],[-4.2404,48.308],[-4.2274,48.3129],[-4.2423,48.31],[-4.2435,48.3072],[-4.2473,48.3028],[-4.2451,48.3004],[-4.2452,48.2983],[-4.2526,48.3025],[-4.2589,48.3063],[-4.2654,48.3086],[-4.2715,48.3086],[-4.282,48.3129],[-4.2841,48.3171],[-4.2853,48.3149],[-4.292,48.3114],[-4.2978,48.3122],[-4.3056,48.3145],[-4.3081,48.3174],[-4.3087,48.3139],[-4.3136,48.3153],[-4.3172,48.3143],[-4.3198,48.3155],[-4.3294,48.3145],[-4.3326,48.3128],[-4.3373,48.3116],[-4.3404,48.3128],[-4.3369,48.3151],[-4.3359,48.3172],[-4.3321,48.3181],[-4.3292,48.3208],[-4.3255,48.3229],[-4.3245,48.3238],[-4.3185,48.3223],[-4.3169,48.325],[-4.3193,48.3255],[-4.323,48.3259],[-4.3229,48.3268],[-4.3181,48.3299],[-4.3127,48.3292],[-4.3089,48.3283],[-4.3058,48.3301],[-4.3033,48.3313],[-4.3052,48.3321],[-4.3091,48.3317],[-4.3151,48.3313],[-4.3176,48.3323],[-4.3176,48.335],[-4.3147,48.3369],[-4.3076,48.3386],[-4.2986,48.3385],[-4.2919,48.3424],[-4.2842,48.3428],[-4.2843,48.3464],[-4.2874,48.3483],[-4.2919,48.347],[-4.2924,48.3508],[-4.2894,48.351],[-4.2856,48.3513],[-4.2839,48.3519],[-4.2841,48.3535],[-4.2868,48.3528],[-4.2948,48.3535],[-4.2975,48.355],[-4.3009,48.355],[-4.3033,48.354],[-4.3041,48.3494],[-4.3025,48.3482],[-4.2981,48.3472],[-4.297,48.3453],[-4.3,48.3435],[-4.3142,48.3419],[-4.3272,48.3405],[-4.3295,48.3383],[-4.3303,48.3419],[-4.3311,48.3464],[-4.3271,48.3505],[-4.3259,48.3544],[-4.3216,48.3577],[-4.3286,48.3547],[-4.3296,48.352],[-4.3405,48.3477],[-4.34,48.3452],[-4.3448,48.3415],[-4.3549,48.3431],[-4.3561,48.3451],[-4.3527,48.3489],[-4.355,48.3497],[-4.3619,48.3463],[-4.3654,48.3433],[-4.3671,48.3394],[-4.3663,48.3352],[-4.3692,48.3289],[-4.3742,48.3254],[-4.391,48.325],[-4.4045,48.3227],[-4.4184,48.324],[-4.4128,48.3316],[-4.409,48.3351],[-4.3995,48.3394],[-4.3976,48.3417],[-4.4044,48.3397],[-4.4142,48.3366],[-4.4226,48.3325],[-4.4476,48.3247],[-4.4609,48.3268],[-4.4507,48.3315],[-4.4503,48.3336],[-4.4518,48.3373],[-4.4415,48.3419],[-4.4441,48.3438],[-4.4408,48.3476],[-4.4409,48.3476],[-4.4453,48.3496],[-4.4432,48.3532],[-4.4382,48.3568],[-4.4377,48.3615],[-4.4307,48.3664],[-4.4185,48.3709],[-4.4102,48.3793],[-4.4118,48.3824],[-4.3984,48.3851],[-4.4019,48.3895],[-4.4079,48.3904],[-4.4154,48.3935],[-4.4218,48.3961],[-4.4266,48.3972],[-4.4322,48.3953],[-4.4319,48.389],[-4.4347,48.3832],[-4.4422,48.3814],[-4.4556,48.3869],[-4.4618,48.3851],[-4.4667,48.3807],[-4.4748,48.3787],[-4.4775,48.3827],[-4.4851,48.3803],[-4.4833,48.3783],[-4.4846,48.3777],[-4.4888,48.3801],[-4.4945,48.3767],[-4.5065,48.3752],[-4.5134,48.3701],[-4.528,48.3636],[-4.5327,48.3574],[-4.5382,48.3574],[-4.5523,48.3612],[-4.5577,48.3536],[-4.5648,48.3552],[-4.5659,48.3519],[-4.5709,48.3485],[-4.5849,48.3472],[-4.6141,48.3359],[-4.6157,48.339],[-4.6227,48.3376],[-4.6288,48.3362],[-4.6323,48.3407],[-4.6364,48.3429],[-4.6404,48.3451],[-4.6426,48.3442],[-4.6514,48.3447],[-4.6647,48.3524],[-4.6688,48.3523],[-4.6796,48.3554],[-4.6846,48.3533],[-4.6908,48.3537],[-4.6983,48.3505],[-4.7016,48.3477],[-4.6961,48.3375],[-4.7045,48.3358],[-4.7069,48.3312],[-4.7157,48.3289],[-4.7294,48.3295],[-4.7326,48.3319],[-4.7369,48.3324],[-4.7448,48.3289],[-4.7518,48.3293],[-4.7538,48.3282],[-4.761,48.3273],[-4.7685,48.3281],[-4.7736,48.3304],[-4.7716,48.3349],[-4.7752,48.3362],[-4.772,48.3442],[-4.7693,48.3475],[-4.7777,48.3513],[-4.7805,48.3536],[-4.7782,48.3566],[-4.7809,48.3591],[-4.7762,48.3614],[-4.7724,48.3619],[-4.7729,48.363],[-4.7827,48.3613],[-4.786,48.3614],[-4.7898,48.3621],[-4.7853,48.3661],[-4.7879,48.3672],[-4.7857,48.3686],[-4.7827,48.3684],[-4.778,48.3648],[-4.7681,48.366],[-4.7601,48.3742],[-4.7623,48.3761],[-4.761,48.3783],[-4.7667,48.3807],[-4.762,48.3831],[-4.7657,48.3841],[-4.7707,48.3842],[-4.7731,48.3885],[-4.776,48.3892],[-4.7769,48.3925],[-4.7748,48.3936],[-4.7753,48.4011],[-4.7729,48.4052],[-4.7765,48.4071],[-4.7788,48.4055],[-4.7826,48.4042],[-4.7849,48.4049],[-4.784,48.4068],[-4.7881,48.4105],[-4.7899,48.4104],[-4.7913,48.4131],[-4.7948,48.413],[-4.7949,48.4151],[-4.7919,48.4175],[-4.7909,48.4203],[-4.7919,48.4214],[-4.7881,48.4237],[-4.7853,48.429],[-4.7841,48.4304],[-4.7855,48.432],[-4.7854,48.4363],[-4.7819,48.4389],[-4.7798,48.4396],[-4.7787,48.4424],[-4.7759,48.4443],[-4.7782,48.4463],[-4.782,48.444],[-4.7829,48.4453],[-4.7782,48.4481],[-4.7789,48.451],[-4.7748,48.4537],[-4.7704,48.4561],[-4.7703,48.4609],[-4.7707,48.4634],[-4.768,48.4623],[-4.7654,48.4651],[-4.7641,48.467],[-4.7624,48.4677],[-4.7614,48.4674],[-4.7608,48.4683],[-4.7612,48.4695],[-4.7592,48.4707],[-4.7635,48.4723],[-4.7639,48.475],[-4.7662,48.4754],[-4.7675,48.4765],[-4.7669,48.4777],[-4.7704,48.4792],[-4.7681,48.48],[-4.7663,48.4804],[-4.7683,48.4825],[-4.7703,48.4829],[-4.7714,48.4871],[-4.7753,48.4888],[-4.7747,48.4905],[-4.7746,48.4931],[-4.7768,48.4945],[-4.7789,48.4978],[-4.7787,48.4993],[-4.7755,48.5012],[-4.7779,48.5047],[-4.7708,48.5082],[-4.768,48.5088],[-4.7661,48.511],[-4.7693,48.5129],[-4.7689,48.5137],[-4.7695,48.5161],[-4.7722,48.5151],[-4.7755,48.5141],[-4.7771,48.5149],[-4.7771,48.5167],[-4.7747,48.5173],[-4.7761,48.5193],[-4.7713,48.5192],[-4.7678,48.5166],[-4.7655,48.5162],[-4.7647,48.5178],[-4.7632,48.5198],[-4.7657,48.5207],[-4.7689,48.5209],[-4.7693,48.5221],[-4.7659,48.5229],[-4.764,48.523],[-4.7622,48.5236],[-4.7598,48.5253],[-4.7604,48.5269],[-4.7637,48.527],[-4.7649,48.528],[-4.764,48.531],[-4.7599,48.5309],[-4.7572,48.5302],[-4.7579,48.5316],[-4.7568,48.5325],[-4.759,48.5339],[-4.7577,48.5351],[-4.7543,48.5333],[-4.7515,48.5316],[-4.7503,48.5313],[-4.7506,48.5337],[-4.7487,48.5369],[-4.7502,48.5384],[-4.7535,48.5429],[-4.7529,48.5445],[-4.7498,48.5439],[-4.7471,48.5449],[-4.7457,48.5467],[-4.7398,48.5481],[-4.7351,48.5503],[-4.731,48.5562],[-4.7283,48.5571],[-4.7237,48.5584],[-4.722,48.5597],[-4.7144,48.5599],[-4.7163,48.5582],[-4.7173,48.5568],[-4.7141,48.5553],[-4.7115,48.5558],[-4.7078,48.5556],[-4.7047,48.5528],[-4.7043,48.5545],[-4.7001,48.5566],[-4.7062,48.5571],[-4.7066,48.5592],[-4.7026,48.5617],[-4.7048,48.5641],[-4.702,48.5648],[-4.7009,48.5664],[-4.705,48.5689],[-4.7046,48.5701],[-4.6968,48.5721],[-4.6948,48.5704],[-4.691,48.571],[-4.6895,48.5728],[-4.6832,48.5726],[-4.6839,48.5697],[-4.6843,48.5686],[-4.682,48.5678],[-4.6789,48.5675],[-4.6739,48.5694],[-4.6706,48.5723],[-4.6716,48.5757],[-4.67,48.5766],[-4.667,48.5746],[-4.6663,48.5745],[-4.6653,48.5729],[-4.6624,48.5717],[-4.6523,48.5717],[-4.642,48.5733],[-4.6374,48.5747],[-4.6328,48.5775],[-4.6269,48.5795],[-4.6244,48.5791],[-4.624,48.5751],[-4.6149,48.5764],[-4.6117,48.5781],[-4.6084,48.5795],[-4.604,48.5824],[-4.6031,48.5858],[-4.6042,48.5876],[-4.6071,48.5873],[-4.6092,48.5882],[-4.6052,48.5919],[-4.6077,48.5975],[-4.6048,48.6031],[-4.6065,48.6037],[-4.6058,48.6052],[-4.602,48.6049],[-4.599,48.6085],[-4.5964,48.6087],[-4.5947,48.6071],[-4.5928,48.6048],[-4.5906,48.6044],[-4.5889,48.603],[-4.5864,48.6036],[-4.5848,48.602],[-4.588,48.5993],[-4.5923,48.5977],[-4.5946,48.5937],[-4.5854,48.5958],[-4.5822,48.595],[-4.5781,48.596],[-4.5721,48.5964],[-4.5683,48.5984],[-4.5632,48.5987],[-4.5579,48.5953],[-4.5556,48.5957],[-4.5504,48.5965],[-4.5486,48.5976],[-4.5433,48.5984],[-4.5388,48.5996],[-4.542,48.6015],[-4.5488,48.6017],[-4.5502,48.6041],[-4.5559,48.6038],[-4.5631,48.6028],[-4.5622,48.6049],[-4.5587,48.6058],[-4.5549,48.609],[-4.56,48.6096],[-4.5626,48.6082],[-4.568,48.6089],[-4.5695,48.6103],[-4.5682,48.6129],[-4.564,48.6148],[-4.5653,48.6169],[-4.5672,48.6162],[-4.5697,48.6164],[-4.5695,48.6183],[-4.5693,48.6204],[-4.5675,48.6207],[-4.5654,48.619],[-4.5627,48.6203],[-4.5626,48.622],[-4.5646,48.623],[-4.5663,48.6251],[-4.5651,48.6262],[-4.5621,48.625],[-4.5587,48.6236],[-4.5552,48.6245],[-4.5503,48.6248],[-4.5498,48.6266],[-4.5479,48.6267],[-4.5456,48.6244],[-4.5415,48.6248],[-4.5473,48.6296],[-4.5453,48.6309],[-4.5478,48.6329],[-4.5466,48.6352],[-4.5438,48.6366],[-4.5414,48.6376],[-4.5376,48.6369],[-4.5396,48.6339],[-4.5383,48.6315],[-4.5363,48.6317],[-4.5359,48.6339],[-4.5348,48.6335],[-4.5345,48.6316],[-4.5327,48.6302],[-4.5271,48.6298],[-4.5242,48.6336],[-4.5208,48.6353],[-4.513,48.6347],[-4.5105,48.6331],[-4.5081,48.6315],[-4.5046,48.6308],[-4.5041,48.6291],[-4.5111,48.6285],[-4.5121,48.6277],[-4.5095,48.625],[-4.5081,48.6234],[-4.5011,48.6216],[-4.4972,48.623],[-4.4966,48.6249],[-4.4926,48.6259],[-4.4785,48.6241],[-4.4717,48.6255],[-4.4694,48.6271],[-4.4648,48.6268],[-4.4575,48.6306],[-4.4529,48.6358],[-4.4474,48.6385],[-4.4488,48.64],[-4.4494,48.6432],[-4.4469,48.6442],[-4.4471,48.6399],[-4.4434,48.6398],[-4.4417,48.6404],[-4.4409,48.6415],[-4.44,48.642],[-4.4389,48.6412],[-4.4398,48.6382],[-4.4339,48.6357],[-4.4314,48.6357],[-4.4306,48.6375],[-4.4318,48.6381],[-4.4311,48.6389],[-4.4335,48.6408],[-4.4331,48.6423],[-4.43,48.6417],[-4.4271,48.6425],[-4.4259,48.6411],[-4.4235,48.6395],[-4.4076,48.6386],[-4.4079,48.6412],[-4.4173,48.6419],[-4.4217,48.6462],[-4.4326,48.6473],[-4.4372,48.6549],[-4.4323,48.6565],[-4.4298,48.6556],[-4.4283,48.6529],[-4.4116,48.6558],[-4.407,48.655],[-4.3985,48.6558],[-4.3892,48.66],[-4.3797,48.663],[-4.373,48.6696],[-4.3679,48.6689],[-4.3574,48.6734],[-4.3532,48.6754],[-4.3485,48.6772],[-4.3387,48.6776],[-4.3345,48.6764],[-4.3294,48.6776],[-4.3283,48.6755],[-4.3235,48.6745],[-4.3275,48.6702],[-4.3283,48.6684],[-4.3244,48.6665],[-4.3211,48.667],[-4.322,48.6682],[-4.3179,48.6726],[-4.3115,48.6727],[-4.3117,48.6691],[-4.3068,48.6671],[-4.3007,48.6658],[-4.2959,48.6654],[-4.2929,48.6618],[-4.2996,48.6582],[-4.2973,48.654],[-4.3039,48.6507],[-4.3069,48.6481],[-4.3095,48.6453],[-4.3078,48.6438],[-4.3148,48.6399],[-4.3138,48.6372],[-4.3068,48.6348],[-4.2968,48.633],[-4.2937,48.6375],[-4.2962,48.6384],[-4.3003,48.6381],[-4.3016,48.6403],[-4.2944,48.642],[-4.2877,48.6418],[-4.2802,48.643],[-4.2773,48.6453],[-4.2777,48.6481],[-4.2749,48.65],[-4.263,48.6505],[-4.2608,48.6511],[-4.246,48.6502],[-4.2355,48.6519],[-4.2237,48.6564],[-4.2223,48.6554],[-4.2236,48.6535],[-4.2325,48.651],[-4.2331,48.6499],[-4.2231,48.6499],[-4.2223,48.6488],[-4.2141,48.6498],[-4.1978,48.6527],[-4.1978,48.6544],[-4.1989,48.656],[-4.207,48.6566],[-4.2139,48.6561],[-4.2194,48.6557],[-4.2224,48.6586],[-4.2159,48.6623],[-4.2138,48.668],[-4.213,48.6692],[-4.2067,48.6731],[-4.1985,48.6778],[-4.1935,48.6829],[-4.1898,48.6835],[-4.1881,48.6867],[-4.1835,48.688],[-4.1795,48.6854],[-4.1738,48.6872],[-4.1691,48.6896],[-4.1632,48.6898],[-4.1627,48.6916],[-4.1606,48.692],[-4.1593,48.6904],[-4.1511,48.6927],[-4.137,48.6938],[-4.1321,48.6967],[-4.1288,48.6968],[-4.1184,48.6941],[-4.1153,48.6962],[-4.1072,48.6958],[-4.1025,48.6949],[-4.0993,48.6963],[-4.0951,48.6937],[-4.0922,48.6921],[-4.0889,48.693],[-4.0864,48.6912],[-4.0846,48.692],[-4.0837,48.6944],[-4.0798,48.6931],[-4.0796,48.6909],[-4.0757,48.6898],[-4.073,48.6873],[-4.0684,48.689],[-4.0649,48.687],[-4.062,48.6879],[-4.0579,48.6881],[-4.0577,48.6907],[-4.0577,48.6907],[-4.0574,48.693],[-4.0562,48.6959],[-4.0564,48.7019],[-4.0533,48.7038],[-4.0525,48.7073],[-4.0482,48.7059],[-4.0438,48.7036],[-4.0393,48.7053],[-4.0376,48.7117],[-4.0346,48.7145],[-4.0272,48.712],[-4.0186,48.7125],[-4.0128,48.716],[-4.0141,48.7186],[-4.0117,48.7203],[-4.0079,48.7242],[-4.0104,48.7288],[-4.0058,48.7287],[-3.9999,48.7273],[-4.006,48.7205],[-4.0028,48.7177],[-4.0008,48.7128],[-3.9979,48.7133],[-3.9918,48.7178],[-3.9936,48.7231],[-3.991,48.7272],[-3.983,48.7279],[-3.9791,48.7238],[-3.9763,48.7236],[-3.9714,48.7277],[-3.9728,48.7292],[-3.969,48.7277],[-3.9672,48.7235],[-3.965,48.7235],[-3.9608,48.721],[-3.9671,48.7181],[-3.9688,48.7103],[-3.9725,48.7084],[-3.97,48.7058],[-3.9751,48.6997],[-3.9751,48.6997],[-3.9751,48.6997],[-3.9704,48.6953],[-3.9641,48.6932],[-3.9683,48.6882],[-3.9697,48.6837],[-3.9677,48.6803],[-3.9682,48.6774],[-3.9683,48.6755],[-3.964,48.6772],[-3.9528,48.6758],[-3.9492,48.6737],[-3.949,48.6709],[-3.9535,48.6691],[-3.9512,48.6631],[-3.951,48.657],[-3.9538,48.6539],[-3.9503,48.654],[-3.9478,48.6539],[-3.9433,48.656],[-3.9431,48.6604],[-3.9416,48.6621],[-3.9385,48.6581],[-3.9305,48.6583],[-3.9286,48.664],[-3.9261,48.6684],[-3.9236,48.6711],[-3.924,48.6749],[-3.9215,48.676],[-3.913,48.6743],[-3.9103,48.6707],[-3.9066,48.6705],[-3.9036,48.671],[-3.8999,48.6714],[-3.8994,48.6744],[-3.8893,48.6713],[-3.8899,48.6664],[-3.9044,48.6634],[-3.9056,48.66],[-3.9009,48.6547],[-3.8972,48.6489],[-3.8956,48.6463],[-3.8882,48.6422],[-3.8753,48.6395],[-3.8729,48.6375],[-3.8697,48.6368],[-3.8662,48.6361],[-3.8587,48.6328],[-3.8572,48.6303],[-3.8563,48.6255],[-3.8562,48.6206],[-3.8529,48.6212],[-3.8527,48.623],[-3.8493,48.6251],[-3.8454,48.6294],[-3.849,48.6326],[-3.8492,48.6371],[-3.8518,48.6413],[-3.8526,48.6428],[-3.8576,48.6534],[-3.8584,48.6578],[-3.8587,48.6632],[-3.8648,48.6713],[-3.8617,48.6738],[-3.8585,48.6739],[-3.8532,48.6737],[-3.8533,48.6683],[-3.8537,48.666],[-3.8522,48.665],[-3.8522,48.665],[-3.8481,48.6672],[-3.8485,48.6699],[-3.8473,48.6719],[-3.8484,48.6759],[-3.8526,48.6764],[-3.8503,48.6788],[-3.8516,48.6839],[-3.8555,48.6837],[-3.8562,48.6854],[-3.8559,48.689],[-3.851,48.6914],[-3.8509,48.6964],[-3.8461,48.6973],[-3.843,48.6963],[-3.8404,48.6976],[-3.8407,48.7018],[-3.8426,48.7058],[-3.8414,48.7078],[-3.8365,48.7078],[-3.836,48.711],[-3.8315,48.7119],[-3.8284,48.7116],[-3.8262,48.7079],[-3.8263,48.7044],[-3.8214,48.7029],[-3.8223,48.7083],[-3.8205,48.7157],[-3.8241,48.7206],[-3.8188,48.72],[-3.8141,48.7162],[-3.8122,48.7139],[-3.8046,48.7121],[-3.8017,48.7134],[-3.798,48.713],[-3.7943,48.7066],[-3.7933,48.7077],[-3.7889,48.7044],[-3.7844,48.702],[-3.7767,48.7031],[-3.7752,48.7061],[-3.7668,48.7095],[-3.7582,48.71],[-3.7338,48.7092],[-3.7318,48.7072],[-3.7285,48.706],[-3.7252,48.7067],[-3.7229,48.7066],[-3.7165,48.705],[-3.7155,48.7039],[-3.7178,48.701],[-3.7144,48.6995],[-3.7044,48.6947],[-3.7006,48.6902],[-3.6882,48.6929],[-3.6853,48.6903],[-3.6846,48.6883],[-3.68,48.6873],[-3.6766,48.6874],[-3.6772,48.6891],[-3.675,48.6903],[-3.6715,48.6897],[-3.6623,48.6941],[-3.6553,48.6971],[-3.6523,48.6944],[-3.6473,48.6944],[-3.645,48.6973],[-3.6425,48.6967],[-3.6442,48.6908],[-3.6518,48.6873],[-3.6539,48.6839],[-3.6547,48.6822],[-3.648,48.6788],[-3.6463,48.6775],[-3.6419,48.6759],[-3.6389,48.676],[-3.6384,48.6784],[-3.6384,48.6814],[-3.6364,48.6829],[-3.6324,48.6823],[-3.6292,48.6832],[-3.6276,48.6855],[-3.6235,48.6872],[-3.6223,48.6857],[-3.6159,48.6844],[-3.6152,48.68],[-3.6128,48.6726],[-3.6102,48.6702],[-3.5956,48.6693],[-3.5889,48.6721],[-3.5817,48.6706],[-3.5777,48.6729],[-3.5725,48.6765],[-3.5687,48.6818],[-3.5686,48.6856],[-3.571,48.6869],[-3.5744,48.6866],[-3.5796,48.6891],[-3.5825,48.6888],[-3.5851,48.6905],[-3.5819,48.6958],[-3.5815,48.699],[-3.5818,48.7029],[-3.5843,48.707],[-3.5818,48.7131],[-3.5847,48.7159],[-3.5852,48.7186],[-3.582,48.7215],[-3.5828,48.7236],[-3.5851,48.7249],[-3.5825,48.7264],[-3.5774,48.7236],[-3.5669,48.7266],[-3.5644,48.7288],[-3.566,48.7317],[-3.5626,48.7316],[-3.5594,48.7291],[-3.5558,48.7293],[-3.555,48.7279],[-3.5488,48.7279],[-3.5414,48.7291],[-3.539,48.7305],[-3.5402,48.7321],[-3.5406,48.734],[-3.5461,48.7328],[-3.5506,48.7328],[-3.5522,48.7347],[-3.5505,48.7362],[-3.5502,48.7376],[-3.5513,48.7388],[-3.5514,48.7405],[-3.5501,48.7424],[-3.55,48.7482],[-3.5539,48.7505],[-3.5603,48.7548],[-3.5614,48.7579],[-3.5637,48.7604],[-3.5668,48.7607],[-3.5685,48.7586],[-3.5741,48.7591],[-3.5801,48.7583],[-3.5816,48.7564],[-3.5859,48.7574],[-3.5859,48.7596],[-3.5813,48.7595],[-3.5792,48.7615],[-3.5788,48.7639],[-3.58,48.7662],[-3.5837,48.7683],[-3.5855,48.7669],[-3.5883,48.7677],[-3.5898,48.7698],[-3.588,48.7721],[-3.5847,48.7728],[-3.5858,48.7758],[-3.5864,48.7786],[-3.5841,48.7801],[-3.5818,48.7797],[-3.5799,48.7804],[-3.5783,48.7837],[-3.5814,48.7853],[-3.5823,48.787],[-3.586,48.7895],[-3.5849,48.7909],[-3.5818,48.7904],[-3.5784,48.7903],[-3.5751,48.7895],[-3.5705,48.7904],[-3.5722,48.7938],[-3.5702,48.7967],[-3.5672,48.7984],[-3.5651,48.7967],[-3.5617,48.7959],[-3.5586,48.7954],[-3.5577,48.7918],[-3.5556,48.7922],[-3.5556,48.7939],[-3.553,48.7946],[-3.5467,48.7961],[-3.5417,48.7989],[-3.5429,48.8023],[-3.5357,48.8024],[-3.5344,48.8068],[-3.5368,48.8071],[-3.5383,48.8081],[-3.5374,48.8107],[-3.5406,48.8093],[-3.5436,48.8098],[-3.5475,48.8094],[-3.5476,48.8112],[-3.5489,48.8124],[-3.5479,48.8151],[-3.5426,48.8153],[-3.5405,48.8169],[-3.5411,48.8204],[-3.5414,48.8243],[-3.5383,48.8251],[-3.5325,48.8244],[-3.5316,48.823],[-3.5287,48.8231],[-3.5274,48.8215],[-3.5255,48.8216],[-3.5259,48.8231],[-3.524,48.8265],[-3.5263,48.8275],[-3.5267,48.8303],[-3.5209,48.8305],[-3.5207,48.8323],[-3.5194,48.8329],[-3.5168,48.833],[-3.5129,48.8356],[-3.5104,48.8354],[-3.5082,48.836],[-3.5048,48.838],[-3.5061,48.8395],[-3.505,48.8408],[-3.5028,48.8389],[-3.4978,48.8379]]]},"properties":{"code":59,"nom":"MA-ouest","code_her1":12,"nom_her1":"ARMORICAIN"}},{"type":"Feature","geometry":{"type":"Polygon","coordinates":[[[7.446,48.3827],[7.4513,48.3503],[7.4318,48.3334],[7.4288,48.303],[7.4166,48.2871],[7.4038,48.2704],[7.3966,48.2609],[7.3883,48.2437],[7.383,48.2333],[7.3743,48.2196],[7.3767,48.2073],[7.3549,48.1836],[7.331,48.1452],[7.3044,48.1329],[7.2935,48.1164],[7.3049,48.0966],[7.3008,48.0792],[7.2964,48.0705],[7.2897,48.0573],[7.2806,48.0305],[7.2939,48.0108],[7.291,47.99],[7.2961,47.9715],[7.2707,47.9393],[7.2463,47.9196],[7.2415,47.9139],[7.2256,47.895],[7.2161,47.8838],[7.1964,47.8683],[7.1836,47.8562],[7.1816,47.8481],[7.1795,47.8401],[7.1653,47.8392],[7.1358,47.8185],[7.122,47.8096],[7.1026,47.8046],[7.0984,47.8024],[7.0372,47.7549],[7.0139,47.7532],[6.998,47.7424],[6.9721,47.7314],[6.9722,47.7208],[6.9334,47.7305],[6.9099,47.7239],[6.8938,47.746],[6.8669,47.7523],[6.7897,47.7446],[6.7453,47.7457],[6.7058,47.7501],[6.6789,47.764],[6.6488,47.7969],[6.6203,47.8209],[6.5966,47.8292],[6.5718,47.8428],[6.4988,47.8634],[6.4769,47.8733],[6.4779,47.8814],[6.4804,47.9019],[6.45,47.9246],[6.484,47.9588],[6.5302,47.9762],[6.5743,47.9811],[6.5697,47.9852],[6.5686,48.0375],[6.5601,48.0571],[6.5625,48.0813],[6.5734,48.0986],[6.5905,48.0976],[6.6352,48.1068],[6.6402,48.1133],[6.6467,48.1305],[6.6298,48.147],[6.6864,48.1939],[6.7237,48.1961],[6.7548,48.1882],[6.823,48.1847],[6.8926,48.1757],[6.9483,48.2107],[6.9748,48.251],[7.0092,48.2454],[7.0214,48.261],[7.0432,48.2639],[7.0861,48.3021],[7.0902,48.3098],[7.0821,48.3286],[7.0196,48.3264],[6.9777,48.3438],[6.9107,48.3616],[6.8948,48.3831],[6.9185,48.3847],[6.9787,48.4027],[6.9938,48.408],[7.0044,48.4051],[7.0139,48.4063],[7.0488,48.4159],[7.0832,48.409],[7.1003,48.4059],[7.127,48.4086],[7.1499,48.4217],[7.1501,48.4376],[7.1414,48.4567],[7.1102,48.4601],[7.1148,48.4751],[7.1275,48.4992],[7.172,48.5171],[7.1893,48.5073],[7.203,48.5057],[7.2576,48.5141],[7.3052,48.5264],[7.3301,48.5567],[7.3527,48.5432],[7.372,48.5406],[7.4064,48.5415],[7.4162,48.5384],[7.4127,48.5306],[7.4091,48.5236],[7.4119,48.4952],[7.3932,48.4811],[7.4173,48.4728],[7.4315,48.4514],[7.4383,48.4362],[7.446,48.3827]]]},"properties":{"code":63,"nom":"Vosges granitiques","code_her1":4,"nom_her1":"VOSGES"}},{"type":"Feature","geometry":{"type":"Polygon","coordinates":[[[1.7225,44.0472],[1.6735,44.0579],[1.6677,44.0565],[1.6657,44.063],[1.6432,44.075],[1.6335,44.0744],[1.6245,44.0734],[1.6231,44.0735],[1.5522,44.152],[1.6039,44.216],[1.6189,44.3143],[1.5863,44.3343],[1.5452,44.334],[1.5389,44.3506],[1.54,44.3503],[1.5877,44.3992],[1.6661,44.5656],[1.6054,44.6386],[1.5659,44.6821],[1.4884,44.7415],[1.4675,44.8096],[1.43,44.8776],[1.3529,44.9334],[1.3361,44.987],[1.5198,45.0527],[1.5583,45.0762],[1.5695,45.09],[1.5805,45.0779],[1.6063,45.0685],[1.6447,45.0612],[1.6828,45.048],[1.7167,45.0283],[1.7457,44.9935],[1.7537,44.9859],[1.7627,44.9893],[1.7689,45.0047],[1.7754,45.0207],[1.777,45.0211],[1.789,45.0291],[1.7966,45.025],[1.8012,45.0225],[1.8025,45.0216],[1.8092,45.0023],[1.8086,45.001],[1.8111,44.9719],[1.812,44.9705],[1.8442,44.9508],[1.8538,44.9448],[1.8676,44.9329],[1.8721,44.9272],[1.901,44.8925],[1.9034,44.8676],[1.8959,44.8477],[1.8924,44.8436],[1.8701,44.8262],[1.8682,44.8262],[1.8569,44.8175],[1.8466,44.8047],[1.8483,44.7502],[1.8489,44.7486],[1.8608,44.7413],[1.8778,44.7399],[1.9038,44.7344],[1.915,44.7252],[1.9126,44.7043],[1.9107,44.7043],[1.9286,44.6885],[1.9365,44.6752],[1.9461,44.6615],[1.9689,44.6715],[1.9801,44.6694],[2.0047,44.6551],[2.0203,44.6391],[2.0342,44.615],[2.0508,44.6039],[2.0893,44.6075],[2.1049,44.5971],[2.1058,44.5896],[2.1034,44.58],[2.1028,44.5788],[2.0971,44.5615],[2.0943,44.553],[2.1055,44.5139],[2.1194,44.5341],[2.1334,44.5315],[2.1391,44.5221],[2.134,44.4883],[2.1006,44.4446],[2.1047,44.4318],[2.0953,44.4202],[2.0945,44.407],[2.0748,44.3947],[2.0436,44.3581],[2.042,44.3581],[2.0405,44.3544],[2.029,44.3497],[2.0259,44.335],[2.0027,44.3288],[2.0082,44.3048],[2.0065,44.3006],[2.0043,44.2922],[1.9932,44.2839],[1.9954,44.2758],[1.9991,44.2624],[1.9849,44.2559],[1.9712,44.2361],[1.9546,44.2394],[1.946,44.2208],[1.9379,44.2034],[1.9458,44.1858],[1.924,44.1559],[1.9152,44.1398],[1.9032,44.1191],[1.9019,44.1184],[1.8851,44.1104],[1.8441,44.1055],[1.8273,44.0998],[1.8069,44.0874],[1.7888,44.0698],[1.7637,44.0623],[1.7225,44.0472]]]},"properties":{"code":65,"nom":"Causses du Quercy","code_her1":11,"nom_her1":"CAUSSES AQUITAINS"}},{"type":"Feature","geometry":{"type":"Polygon","coordinates":[[[3.5481,44.3763],[3.5606,44.438],[3.557,44.4471],[3.566,44.4665],[3.5788,44.4944],[3.626,44.5051],[3.6541,44.5114],[3.6691,44.5151],[3.7049,44.5263],[3.7354,44.5474],[3.7732,44.5444],[3.7424,44.582],[3.7466,44.5853],[3.751,44.587],[3.7526,44.5876],[3.7535,44.588],[3.7603,44.5907],[3.7654,44.5917],[3.7707,44.5921],[3.771,44.5921],[3.7716,44.5921],[3.7721,44.5922],[3.7725,44.5922],[3.773,44.5922],[3.7738,44.5922],[3.7758,44.5923],[3.783,44.5922],[3.7983,44.5872],[3.7997,44.5861],[3.8004,44.5856],[3.8011,44.5851],[3.8127,44.5891],[3.8185,44.5911],[3.8245,44.5918],[3.8307,44.5937],[3.837,44.5991],[3.8446,44.6067],[3.8503,44.6118],[3.8845,44.6424],[3.8975,44.6693],[3.903,44.6836],[3.9034,44.6976],[3.9061,44.7167],[3.9407,44.7453],[3.945,44.7431],[3.9511,44.7432],[3.9543,44.7481],[3.9527,44.7537],[3.956,44.7595],[3.9626,44.7625],[3.9704,44.7627],[3.9822,44.7621],[3.9886,44.766],[3.989,44.7727],[3.9923,44.7792],[3.9983,44.7831],[4.0303,44.7995],[4.0703,44.8201],[4.0822,44.8405],[4.0873,44.8446],[4.0925,44.85],[4.1009,44.8552],[4.1074,44.861],[4.1115,44.8647],[4.1172,44.8691],[4.1249,44.8732],[4.1362,44.8737],[4.1466,44.8752],[4.1476,44.8756],[4.1553,44.879],[4.1564,44.8859],[4.1525,44.8911],[4.1503,44.8962],[4.1519,44.9012],[4.1543,44.9032],[4.1624,44.9041],[4.1702,44.9006],[4.179,44.9007],[4.1802,44.8994],[4.217,44.8592],[4.2124,44.855],[4.2199,44.8478],[4.2279,44.8389],[4.2345,44.831],[4.2388,44.8247],[4.2424,44.818],[4.2459,44.8112],[4.248,44.8042],[4.2478,44.7976],[4.2469,44.7926],[4.2442,44.7875],[4.2358,44.7803],[4.2253,44.7732],[4.2198,44.766],[4.2169,44.7593],[4.2109,44.7514],[4.2032,44.7452],[4.1988,44.7433],[4.1936,44.7427],[4.189,44.7431],[4.1753,44.7459],[4.1672,44.7463],[4.1621,44.7459],[4.1591,44.7442],[4.1571,44.7403],[4.1556,44.7338],[4.1496,44.7282],[4.141,44.7244],[4.1305,44.7225],[4.121,44.7193],[4.1115,44.714],[4.1039,44.7106],[4.0951,44.7095],[4.0889,44.7072],[4.0807,44.7013],[4.0741,44.6968],[4.0683,44.6943],[4.064,44.6936],[4.0595,44.694],[4.0581,44.6941],[4.0525,44.6962],[4.048,44.6986],[4.045,44.7001],[4.0389,44.7022],[4.034,44.7022],[4.03,44.7008],[4.0271,44.694],[4.0319,44.6838],[4.0332,44.6754],[4.0338,44.6695],[4.0361,44.662],[4.0414,44.6567],[4.0422,44.6558],[4.0422,44.6558],[4.0497,44.6505],[4.0594,44.646],[4.0594,44.646],[4.0624,44.6413],[4.0611,44.6366],[4.0577,44.6324],[4.0514,44.6298],[4.0478,44.6307],[4.0346,44.632],[4.0312,44.6318],[4.0193,44.6308],[4.0075,44.6293],[3.9989,44.6252],[3.9929,44.6206],[3.9877,44.6178],[3.983,44.6165],[3.9764,44.6163],[3.972,44.6161],[3.9659,44.6138],[3.9569,44.6097],[3.9507,44.6076],[3.9464,44.6061],[3.9357,44.6029],[3.9292,44.5996],[3.9227,44.5955],[3.9191,44.5909],[3.9167,44.5845],[3.9156,44.5776],[3.9146,44.572],[3.9114,44.5654],[3.9089,44.5628],[3.9167,44.5423],[3.9764,44.5223],[3.9651,44.4793],[3.9181,44.4728],[3.8713,44.4735],[3.8334,44.4333],[3.8593,44.3994],[3.9091,44.3915],[3.8913,44.3487],[3.8442,44.335],[3.7138,44.3223],[3.7313,44.358],[3.6687,44.3899],[3.5785,44.3886],[3.5616,44.3792],[3.5481,44.3763]]]},"properties":{"code":70,"nom":"Haute Loire Cevenole","code_her1":8,"nom_her1":"CEVENNES"}},{"type":"Feature","geometry":{"type":"Polygon","coordinates":[[[5.5921,45.3424],[5.5993,45.3429],[5.6056,45.3428],[5.6191,45.3369],[5.6252,45.3284],[5.63,45.31],[5.6369,45.3036],[5.6545,45.3227],[5.6825,45.3504],[5.7097,45.3634],[5.7327,45.3833],[5.7982,45.4498],[5.7946,45.4639],[5.7799,45.4583],[5.7634,45.4689],[5.7701,45.4838],[5.7949,45.5153],[5.8142,45.5257],[5.8372,45.527],[5.8496,45.5368],[5.8684,45.5442],[5.8856,45.5447],[5.9166,45.5578],[5.9336,45.5552],[5.9318,45.5709],[5.9128,45.5765],[5.909,45.5837],[5.9149,45.5981],[5.9124,45.6221],[5.948,45.6743],[5.9518,45.6862],[5.9552,45.6969],[6.0051,45.7129],[6.0148,45.7209],[6.0218,45.7465],[6.0357,45.7563],[6.0504,45.7585],[6.0642,45.8265],[6.1033,45.8751],[6.1184,45.8838],[6.1392,45.8769],[6.1576,45.8954],[6.1675,45.9253],[6.2192,45.9838],[6.2498,46.0056],[6.2882,46.0303],[6.2908,46.0438],[6.3221,46.069],[6.3454,46.0657],[6.365,46.0822],[6.3751,46.0782],[6.3813,46.0748],[6.3895,46.071],[6.4286,46.0747],[6.4761,46.0704],[6.4866,46.067],[6.5338,46.0741],[6.57,46.0591],[6.5774,46.0527],[6.585,46.048],[6.6048,46.0416],[6.6021,46.0377],[6.6151,46.0353],[6.6096,46.0258],[6.6145,46.0202],[6.6138,46.0151],[6.6235,46.007],[6.6228,45.9953],[6.6279,45.9919],[6.6256,45.9843],[6.632,45.978],[6.63,45.9659],[6.6345,45.956],[6.6385,45.9429],[6.6486,45.9273],[6.6657,45.9217],[6.6829,45.9171],[6.68,45.9154],[6.6509,45.9044],[6.6369,45.882],[6.6462,45.8735],[6.6394,45.8512],[6.6271,45.8416],[6.5202,45.8151],[6.5071,45.8136],[6.4919,45.7844],[6.4557,45.7565],[6.446,45.7488],[6.4116,45.6876],[6.4111,45.6806],[6.4064,45.6777],[6.4049,45.6756],[6.39,45.6547],[6.3872,45.6539],[6.3438,45.6311],[6.2551,45.5684],[6.2377,45.5648],[6.2114,45.5372],[6.1905,45.5388],[6.1296,45.5095],[6.084,45.4851],[6.0562,45.4553],[6.0357,45.4372],[5.9646,45.3092],[5.903,45.2347],[5.8604,45.1963],[5.8111,45.1727],[5.7794,45.1644],[5.7659,45.1516],[5.7669,45.1469],[5.7589,45.1473],[5.6966,45.15],[5.6989,45.1541],[5.6938,45.1735],[5.6198,45.2647],[5.6194,45.2662],[5.615,45.2872],[5.6029,45.3011],[5.5962,45.3016],[5.5794,45.2947],[5.5695,45.2905],[5.5611,45.2877],[5.5471,45.2865],[5.54,45.2836],[5.536,45.2742],[5.5207,45.2583],[5.5103,45.2426],[5.5063,45.2335],[5.4937,45.2265],[5.4756,45.2056],[5.4676,45.1957],[5.4611,45.1964],[5.4656,45.2049],[5.4732,45.213],[5.4777,45.2255],[5.4772,45.2456],[5.4912,45.2933],[5.5076,45.3125],[5.5393,45.3199],[5.5676,45.3238],[5.5744,45.329],[5.5817,45.3397],[5.5921,45.3424]]]},"properties":{"code":79,"nom":"Massifs Calcaires Chartreuse Aravis","code_her1":5,"nom_her1":"JURA-PREALPES DU NORD"}},{"type":"Feature","geometry":{"type":"Polygon","coordinates":[[[5.0509,47.405],[5.1399,47.4385],[5.1864,47.4483],[5.2761,47.4476],[5.4079,47.5331],[5.4479,47.4747],[5.4762,47.4768],[5.5478,47.5131],[5.5842,47.4695],[5.6443,47.4861],[5.6379,47.5315],[5.6805,47.549],[5.7227,47.5603],[5.7801,47.5929],[5.8549,47.6078],[5.9794,47.6727],[6.0326,47.639],[6.0694,47.6397],[6.0818,47.6411],[6.1199,47.6335],[6.1433,47.6172],[6.1308,47.6087],[6.1027,47.6085],[6.0894,47.6145],[6.0522,47.6127],[6.0462,47.583],[6.0045,47.5454],[6.0068,47.504],[5.9756,47.493],[5.9494,47.4918],[5.9038,47.4644],[5.8865,47.4659],[5.8719,47.4516],[5.8693,47.4351],[5.8578,47.4245],[5.788,47.3876],[5.7581,47.3903],[5.6438,47.3436],[5.6521,47.3636],[5.5956,47.3334],[5.5968,47.3255],[5.5891,47.3014],[5.5751,47.2944],[5.569,47.2835],[5.571,47.2724],[5.5905,47.258],[5.6218,47.2558],[5.6144,47.2417],[5.5789,47.2379],[5.5233,47.2196],[5.5059,47.2028],[5.5012,47.1912],[5.5088,47.1852],[5.4916,47.1584],[5.4918,47.134],[5.4813,47.1313],[5.4502,47.1243],[5.4236,47.0703],[5.4459,47.0611],[5.4494,47.0503],[5.454,47.0376],[5.4458,47.0303],[5.4445,47.0077],[5.4352,47.0004],[5.416,47.013],[5.3954,47.0014],[5.3755,47.002],[5.3775,46.9595],[5.3654,46.9401],[5.3602,46.9266],[5.3247,46.9245],[5.3004,46.9251],[5.2947,46.9419],[5.2182,46.9196],[5.2071,46.9184],[5.1903,46.9355],[5.1699,46.9254],[5.1504,46.9334],[5.1508,46.941],[5.1222,46.9393],[5.1196,46.9372],[5.0897,46.9152],[5.0756,46.8989],[5.0465,46.892],[5.0201,46.8941],[5.0187,46.9036],[5.0052,46.9066],[4.9893,46.8979],[4.9716,46.8968],[4.9638,46.8727],[4.963,46.856],[4.9644,46.8408],[4.9277,46.8129],[4.9048,46.7937],[4.8809,46.8018],[4.8418,46.7693],[4.8785,46.7519],[4.8931,46.7333],[4.9252,46.7129],[4.9436,46.6852],[4.9493,46.6654],[4.9542,46.6304],[4.9267,46.5967],[4.9299,46.5825],[4.9137,46.5647],[4.9092,46.539],[4.9006,46.5348],[4.886,46.5307],[4.8832,46.534],[4.9014,46.5587],[4.9121,46.5919],[4.9149,46.6008],[4.9182,46.6172],[4.901,46.6004],[4.8806,46.593],[4.8693,46.6391],[4.8642,46.6467],[4.8544,46.6449],[4.8401,46.6398],[4.8059,46.6112],[4.7884,46.5605],[4.7942,46.5532],[4.7875,46.5435],[4.783,46.5375],[4.7363,46.5256],[4.7113,46.5016],[4.7065,46.4735],[4.6768,46.4429],[4.678,46.4858],[4.6896,46.5165],[4.7193,46.5465],[4.728,46.5644],[4.741,46.5739],[4.74,46.5916],[4.7239,46.5872],[4.6988,46.5708],[4.6821,46.5543],[4.6702,46.5405],[4.6461,46.5362],[4.6328,46.5318],[4.6096,46.5241],[4.6069,46.5299],[4.6523,46.5628],[4.6622,46.5798],[4.6441,46.5818],[4.6694,46.5899],[4.6827,46.6073],[4.6805,46.623],[4.689,46.6483],[4.6976,46.6635],[4.7079,46.6887],[4.709,46.7142],[4.7119,46.74],[4.717,46.7536],[4.7516,46.7725],[4.7648,46.7875],[4.7542,46.8077],[4.7278,46.8157],[4.7588,46.8428],[4.7556,46.8497],[4.7502,46.8714],[4.7552,46.8924],[4.7506,46.9059],[4.7303,46.9235],[4.7628,46.9702],[4.7775,46.9913],[4.8616,47.0633],[4.8933,47.0781],[4.915,47.0981],[4.9356,47.1078],[4.9454,47.1217],[4.9627,47.1617],[4.9614,47.1843],[4.9676,47.207],[4.9784,47.2459],[5.0046,47.2872],[5.0035,47.317],[5.0183,47.3415],[5.033,47.3661],[5.0506,47.4049],[5.0509,47.405]]]},"properties":{"code":81,"nom":"Plaine de Bourgogne","code_her1":15,"nom_her1":"PLAINE SAONE"}},{"type":"Feature","geometry":{"type":"Polygon","coordinates":[[[4.7346,46.2347],[4.7321,46.2382],[4.7283,46.2483],[4.6962,46.2749],[4.6874,46.2939],[4.6874,46.3352],[4.678,46.3669],[4.7119,46.3932],[4.7414,46.4439],[4.7502,46.4591],[4.76,46.4792],[4.7743,46.5028],[4.783,46.5375],[4.7875,46.5435],[4.7942,46.5532],[4.7884,46.5605],[4.8059,46.6112],[4.8401,46.6398],[4.8544,46.6449],[4.8642,46.6467],[4.8693,46.6391],[4.8806,46.593],[4.901,46.6004],[4.9182,46.6172],[4.9149,46.6008],[4.9121,46.5919],[4.9014,46.5587],[4.8832,46.534],[4.886,46.5307],[4.9006,46.5348],[4.9092,46.539],[4.9152,46.5162],[4.9104,46.5095],[4.8895,46.4972],[4.8671,46.4744],[4.8594,46.4243],[4.8774,46.4294],[4.8739,46.4105],[4.8489,46.3688],[4.8443,46.3251],[4.8226,46.2922],[4.7978,46.2883],[4.7931,46.2834],[4.7955,46.2803],[4.8012,46.273],[4.8148,46.2764],[4.7878,46.2423],[4.788,46.2392],[4.7558,46.2417],[4.7346,46.2347]]]},"properties":{"code":82,"nom":"Cotes de Macon","code_her1":10,"nom_her1":"COTES CALCAIRES EST"}},{"type":"Feature","geometry":{"type":"Polygon","coordinates":[[[4.6511,46.0106],[4.656,46.0071],[4.6512,45.9998],[4.6718,45.9886],[4.6986,45.9858],[4.7214,45.9739],[4.7232,45.9585],[4.7236,45.9549],[4.7153,45.9342],[4.7055,45.9099],[4.7063,45.8746],[4.6948,45.8646],[4.7025,45.857],[4.6875,45.8623],[4.6698,45.8627],[4.6425,45.8558],[4.6302,45.8422],[4.5965,45.8471],[4.617,45.8707],[4.6015,45.8957],[4.575,45.9297],[4.5915,45.9587],[4.5963,45.9863],[4.6209,46.0028],[4.6284,46.0096],[4.6366,46.0117],[4.643,46.0143],[4.6511,46.0106]]]},"properties":{"code":83,"nom":"Beaujolais calcaire","code_her1":10,"nom_her1":"COTES CALCAIRES EST"}},{"type":"Feature","geometry":{"type":"Polygon","coordinates":[[[1.6231,44.0735],[1.6245,44.0734],[1.6335,44.0744],[1.6432,44.075],[1.6657,44.063],[1.6677,44.0565],[1.6735,44.0579],[1.7225,44.0472],[1.7088,44.0422],[1.6946,44.033],[1.6919,44.0255],[1.7015,44.0172],[1.7642,43.9982],[1.7988,44.0213],[1.8414,44.0611],[1.8513,44.0645],[1.8821,44.0711],[1.897,44.0772],[1.9183,44.0882],[1.959,44.1071],[1.9838,44.1123],[1.9946,44.1113],[2.0104,44.1042],[2.0079,44.0983],[1.9916,44.0816],[1.9912,44.0754],[2.0124,44.0687],[2.0467,44.0686],[2.1101,44.0689],[2.1215,44.0651],[2.1426,44.0497],[2.2074,44.0339],[2.2535,44.0114],[2.2805,43.992],[2.2623,43.9575],[2.2154,43.9606],[2.2102,43.9543],[2.2302,43.9468],[2.251,43.9311],[2.2962,43.9174],[2.3361,43.9011],[2.3603,43.8923],[2.3647,43.8616],[2.343,43.8271],[2.317,43.7938],[2.2997,43.77],[2.272,43.7549],[2.3041,43.738],[2.3136,43.7211],[2.3032,43.701],[2.2739,43.6803],[2.2624,43.6586],[2.264,43.6586],[2.3214,43.649],[2.349,43.5951],[2.3576,43.5719],[2.3611,43.5556],[2.3636,43.5441],[2.3878,43.5073],[2.383,43.4897],[2.3431,43.4877],[2.3231,43.4947],[2.2743,43.5073],[2.2501,43.5049],[2.2154,43.4902],[2.1899,43.4855],[2.1497,43.4841],[2.1407,43.4809],[2.1229,43.4746],[2.087,43.4562],[2.034,43.4378],[1.9859,43.4147],[2.1359,43.3129],[2.1486,43.3043],[2.156,43.3035],[2.1656,43.302],[2.21,43.2995],[2.2428,43.2925],[2.2597,43.2942],[2.2735,43.2976],[2.2961,43.2972],[2.327,43.2938],[2.3605,43.2939],[2.3908,43.2932],[2.414,43.296],[2.4416,43.2947],[2.4627,43.3065],[2.4837,43.3097],[2.4699,43.2332],[2.4337,43.2043],[2.4422,43.1728],[2.4233,43.1489],[2.5028,43.1239],[2.4471,43.1051],[2.4092,43.0937],[2.3884,43.0808],[2.3615,43.0734],[2.3478,43.071],[2.3396,43.0658],[2.317,43.0522],[2.3029,43.0445],[2.2799,43.022],[2.272,43.0092],[2.2744,42.9701],[2.2692,42.9395],[2.0799,42.9542],[2.0149,42.9606],[1.9634,42.9604],[1.9051,42.9684],[1.8378,42.9747],[1.7705,42.9744],[1.7145,42.9773],[1.6447,43.0065],[1.5996,43.0243],[1.5634,43.0438],[1.5296,43.0535],[1.4688,43.0727],[1.4281,43.0905],[1.3694,43.1081],[1.3378,43.1177],[1.286,43.1238],[1.25,43.1267],[1.1892,43.131],[1.151,43.1289],[1.1217,43.1352],[1.09,43.148],[1.047,43.1574],[0.9951,43.1666],[0.9828,43.1811],[1.0206,43.1898],[1.0247,43.1929],[1.0285,43.1933],[1.0368,43.1909],[1.0392,43.1925],[1.0389,43.1952],[1.0538,43.1976],[1.0624,43.1968],[1.067,43.201],[1.0741,43.2017],[1.0856,43.2001],[1.0904,43.2057],[1.0998,43.2038],[1.1087,43.2066],[1.1143,43.207],[1.1185,43.2118],[1.1191,43.2161],[1.1213,43.2184],[1.1319,43.2201],[1.1347,43.2224],[1.134,43.2268],[1.136,43.2299],[1.142,43.2324],[1.1473,43.2324],[1.1553,43.2322],[1.1529,43.2419],[1.1649,43.2464],[1.1678,43.2474],[1.1681,43.2493],[1.1638,43.2576],[1.1666,43.2612],[1.1738,43.2651],[1.1762,43.2695],[1.1781,43.2715],[1.185,43.272],[1.1873,43.2748],[1.1844,43.2782],[1.1861,43.2804],[1.1959,43.2788],[1.2052,43.283],[1.2087,43.2896],[1.2251,43.2901],[1.2269,43.2869],[1.2305,43.2858],[1.2322,43.2876],[1.2324,43.2922],[1.2274,43.2953],[1.2271,43.299],[1.2338,43.2979],[1.236,43.3],[1.2352,43.3046],[1.2338,43.309],[1.2425,43.3126],[1.2467,43.3219],[1.254,43.3245],[1.2514,43.3327],[1.2547,43.3388],[1.2644,43.3399],[1.279,43.3451],[1.2793,43.3565],[1.2895,43.3598],[1.2878,43.3683],[1.2887,43.3758],[1.3013,43.3809],[1.2962,43.3901],[1.2976,43.3965],[1.3069,43.397],[1.3076,43.4091],[1.3118,43.4195],[1.3257,43.4342],[1.327,43.4463],[1.3255,43.4568],[1.3433,43.465],[1.3412,43.4703],[1.3474,43.4797],[1.342,43.485],[1.3642,43.503],[1.4094,43.5183],[1.4157,43.5262],[1.4286,43.5287],[1.4307,43.5381],[1.435,43.5438],[1.4383,43.5496],[1.4375,43.5695],[1.4357,43.5794],[1.4387,43.5852],[1.4406,43.5941],[1.4341,43.6019],[1.4186,43.606],[1.406,43.6109],[1.4014,43.6209],[1.4036,43.6337],[1.4014,43.6476],[1.4067,43.658],[1.4021,43.6651],[1.3869,43.6671],[1.3795,43.6709],[1.373,43.6762],[1.3679,43.6854],[1.3678,43.694],[1.3697,43.6983],[1.3666,43.7032],[1.3627,43.705],[1.3484,43.7084],[1.3414,43.7151],[1.3437,43.7219],[1.3367,43.7276],[1.3278,43.7303],[1.3218,43.7406],[1.3134,43.7423],[1.3108,43.7473],[1.3182,43.7596],[1.3247,43.7673],[1.3291,43.7724],[1.3217,43.7741],[1.2985,43.7789],[1.2905,43.782],[1.2889,43.7912],[1.2775,43.7936],[1.2716,43.7975],[1.2803,43.8061],[1.2753,43.8089],[1.264,43.8067],[1.2545,43.8155],[1.2577,43.8198],[1.2607,43.8238],[1.2529,43.8295],[1.2453,43.8329],[1.2493,43.8371],[1.2516,43.8401],[1.2504,43.8465],[1.242,43.8522],[1.2434,43.8564],[1.2393,43.8634],[1.2302,43.8678],[1.2224,43.8683],[1.2198,43.8768],[1.2182,43.8837],[1.2043,43.8877],[1.209,43.8958],[1.2089,43.9045],[1.2014,43.9112],[1.1945,43.9086],[1.1883,43.9096],[1.1898,43.9267],[1.1904,43.9343],[1.1955,43.9368],[1.1978,43.9404],[1.1904,43.9421],[1.1839,43.9466],[1.1721,43.9459],[1.1728,43.9568],[1.1633,43.966],[1.1625,43.9785],[1.1574,43.9866],[1.1251,43.9955],[1.1157,44.0001],[1.112,44.0114],[1.106,44.0149],[1.1009,44.0209],[1.0941,44.0169],[1.0861,44.0186],[1.0797,44.022],[1.0778,44.0264],[1.0824,44.03],[1.0873,44.0336],[1.0798,44.0378],[1.0716,44.0409],[1.0658,44.0423],[1.0633,44.0454],[1.0635,44.0597],[1.0575,44.0625],[1.0534,44.0664],[1.0592,44.0725],[1.0562,44.0771],[1.0428,44.0776],[1.0368,44.0872],[1.0376,44.0861],[1.0469,44.0872],[1.0537,44.0897],[1.0593,44.0931],[1.0703,44.0992],[1.0763,44.099],[1.0895,44.0982],[1.0923,44.0966],[1.0984,44.0917],[1.1105,44.0908],[1.1293,44.0934],[1.1403,44.0956],[1.1502,44.0998],[1.1546,44.103],[1.1554,44.1139],[1.1715,44.1176],[1.1744,44.1144],[1.1696,44.1079],[1.1699,44.1033],[1.1735,44.0997],[1.1757,44.097],[1.1831,44.0929],[1.1878,44.0929],[1.1901,44.0974],[1.194,44.0995],[1.1965,44.1001],[1.2002,44.1027],[1.2096,44.1115],[1.2178,44.117],[1.224,44.1176],[1.2297,44.116],[1.2381,44.1155],[1.2475,44.1139],[1.2509,44.1092],[1.2487,44.1018],[1.2527,44.0951],[1.2655,44.0861],[1.27,44.0894],[1.2666,44.0969],[1.2717,44.0997],[1.2786,44.0939],[1.2891,44.0898],[1.2958,44.092],[1.3014,44.0904],[1.2999,44.0997],[1.3076,44.1022],[1.3171,44.0966],[1.3201,44.0918],[1.3292,44.0891],[1.3408,44.0927],[1.3473,44.0895],[1.3484,44.0825],[1.3582,44.0763],[1.3677,44.0729],[1.3905,44.0782],[1.3992,44.0836],[1.402,44.0897],[1.411,44.0945],[1.4141,44.1001],[1.4183,44.1013],[1.4274,44.1011],[1.4341,44.1051],[1.4395,44.1112],[1.4418,44.1106],[1.4419,44.105],[1.4474,44.1031],[1.4475,44.0957],[1.4495,44.0915],[1.4609,44.0909],[1.4647,44.0942],[1.4678,44.0991],[1.4769,44.1015],[1.4845,44.1109],[1.4921,44.1009],[1.5037,44.0917],[1.5104,44.0866],[1.514,44.0836],[1.5212,44.0809],[1.5257,44.0783],[1.5299,44.0812],[1.5327,44.0873],[1.5421,44.0887],[1.547,44.0862],[1.5648,44.0847],[1.5761,44.0869],[1.5858,44.089],[1.603,44.0815],[1.6109,44.0745],[1.6231,44.0735]]]},"properties":{"code":68,"nom":"Coteaux molassiques Est Aquitaine","code_her1":14,"nom_her1":"COTEAUX AQUITAINS"}},{"type":"Feature","geometry":{"type":"Polygon","coordinates":[[[5.7669,45.1469],[5.7681,45.1414],[5.7802,45.13],[5.8012,45.1243],[5.8041,45.1053],[5.7947,45.0882],[5.7664,45.0669],[5.7656,45.0549],[5.7993,45.0256],[5.8014,45.0125],[5.7952,45.0046],[5.8026,44.9847],[5.8486,44.9229],[5.8498,44.9045],[5.8628,44.896],[5.8967,44.8939],[5.9091,44.8874],[5.9027,44.8766],[5.873,44.8775],[5.8812,44.8501],[5.9225,44.8326],[5.9703,44.8206],[6.0229,44.7989],[6.0519,44.7712],[6.0421,44.7614],[6.0533,44.751],[6.0149,44.742],[6.0002,44.7382],[5.9859,44.7345],[5.9777,44.7426],[5.9632,44.7567],[5.9531,44.782],[5.9378,44.7837],[5.9116,44.7731],[5.8953,44.7725],[5.8856,44.7758],[5.8735,44.7917],[5.825,44.8082],[5.8092,44.8064],[5.8,44.7974],[5.7857,44.7523],[5.7828,44.7313],[5.7563,44.7205],[5.7324,44.7258],[5.7222,44.7537],[5.6885,44.7567],[5.6822,44.7487],[5.6714,44.749],[5.6466,44.7624],[5.6298,44.7803],[5.6229,44.8078],[5.6051,44.8254],[5.6018,44.8568],[5.6014,44.8789],[5.6082,44.894],[5.5963,44.9524],[5.6024,44.9619],[5.6057,44.9843],[5.6459,45.0411],[5.66,45.0655],[5.66,45.0679],[5.664,45.0754],[5.6853,45.1293],[5.6966,45.15],[5.7589,45.1473],[5.7669,45.1469]]]},"properties":{"code":80,"nom":"Vallee du Drac","code_her1":5,"nom_her1":"JURA-PREALPES DU NORD"}},{"type":"Feature","geometry":{"type":"Polygon","coordinates":[[[7.9099,49.0437],[7.8795,49.0155],[7.8719,49.0118],[7.8299,48.9785],[7.8124,48.9778],[7.799,48.9707],[7.7571,48.9559],[7.7649,48.9637],[7.772,48.9789],[7.7904,48.9956],[7.7929,49.0046],[7.7936,49.0116],[7.7937,49.018],[7.7864,49.0153],[7.751,48.9995],[7.7397,48.992],[7.7209,48.9874],[7.6923,48.9721],[7.692,48.9604],[7.6897,48.9531],[7.6675,48.9551],[7.6582,48.9764],[7.6354,48.9642],[7.6073,48.9498],[7.576,48.9209],[7.4749,48.8917],[7.4437,48.8727],[7.4192,48.8672],[7.4044,48.8622],[7.3997,48.8259],[7.3907,48.7998],[7.3513,48.7689],[7.3568,48.7648],[7.3531,48.7613],[7.3508,48.7466],[7.3486,48.7296],[7.328,48.7011],[7.3152,48.6696],[7.3084,48.6399],[7.338,48.6386],[7.3398,48.6513],[7.3602,48.6519],[7.3634,48.6452],[7.3656,48.6342],[7.3748,48.6211],[7.3977,48.6217],[7.3926,48.6067],[7.3682,48.6005],[7.3411,48.5843],[7.3347,48.5623],[7.3301,48.5567],[7.3052,48.5264],[7.2576,48.5141],[7.203,48.5057],[7.1893,48.5073],[7.172,48.5171],[7.1275,48.4992],[7.1148,48.4751],[7.1102,48.4601],[7.1414,48.4567],[7.1501,48.4376],[7.1499,48.4217],[7.127,48.4086],[7.1003,48.4059],[7.0832,48.409],[7.0488,48.4159],[7.0139,48.4063],[7.0044,48.4051],[6.9938,48.408],[6.9787,48.4027],[6.9185,48.3847],[6.8948,48.3831],[6.9107,48.3616],[6.9777,48.3438],[7.0196,48.3264],[7.0821,48.3286],[7.0902,48.3098],[7.0861,48.3021],[7.0432,48.2639],[7.0214,48.261],[7.0092,48.2454],[6.9748,48.251],[6.9483,48.2107],[6.8926,48.1757],[6.823,48.1847],[6.7548,48.1882],[6.7237,48.1961],[6.6864,48.1939],[6.6298,48.147],[6.6467,48.1305],[6.6402,48.1133],[6.6352,48.1068],[6.5905,48.0976],[6.5734,48.0986],[6.5625,48.0813],[6.5601,48.0571],[6.5686,48.0375],[6.5697,47.9852],[6.5743,47.9811],[6.5302,47.9762],[6.484,47.9588],[6.45,47.9246],[6.4804,47.9019],[6.4779,47.8814],[6.4769,47.8733],[6.4988,47.8634],[6.5718,47.8428],[6.5966,47.8292],[6.6203,47.8209],[6.6488,47.7969],[6.6789,47.764],[6.7058,47.7501],[6.7453,47.7457],[6.7897,47.7446],[6.8669,47.7523],[6.8938,47.746],[6.9099,47.7239],[6.9334,47.7305],[6.9722,47.7208],[6.9722,47.7139],[6.9663,47.702],[6.9261,47.6811],[6.9272,47.6857],[6.8948,47.6743],[6.8707,47.6659],[6.8509,47.6589],[6.8262,47.6502],[6.8147,47.6467],[6.8063,47.6441],[6.7768,47.6366],[6.7554,47.6334],[6.7238,47.61],[6.7193,47.5999],[6.7016,47.5886],[6.6638,47.5812],[6.6454,47.5688],[6.6271,47.5733],[6.6253,47.5761],[6.6178,47.5737],[6.5895,47.5646],[6.5767,47.5607],[6.5683,47.5688],[6.5582,47.5832],[6.551,47.58],[6.5468,47.5868],[6.531,47.5927],[6.5228,47.5957],[6.4891,47.6083],[6.5231,47.6277],[6.5442,47.6394],[6.5533,47.6545],[6.571,47.6669],[6.59,47.6822],[6.5919,47.7089],[6.5933,47.7286],[6.5959,47.7451],[6.5887,47.757],[6.5456,47.7461],[6.4997,47.7543],[6.4623,47.7598],[6.4557,47.7772],[6.4491,47.7941],[6.4483,47.806],[6.4498,47.8148],[6.4391,47.8247],[6.4308,47.8309],[6.399,47.8296],[6.3846,47.8147],[6.3672,47.8052],[6.3115,47.8047],[6.2927,47.806],[6.2743,47.8114],[6.2768,47.8234],[6.3021,47.8294],[6.3417,47.853],[6.3848,47.8634],[6.3984,47.8795],[6.396,47.8944],[6.3753,47.9117],[6.3559,47.9112],[6.317,47.9102],[6.2903,47.9075],[6.2502,47.9136],[6.2307,47.9012],[6.2179,47.9064],[6.1976,47.9065],[6.1821,47.9117],[6.1645,47.9242],[6.1483,47.9205],[6.1361,47.9097],[6.1094,47.9188],[6.0755,47.9259],[6.0452,47.9215],[5.9816,47.9199],[5.9764,47.9598],[5.968,47.9807],[5.944,48.0003],[5.9366,48.0175],[5.9477,48.0238],[5.9559,48.037],[6.0057,48.0435],[6.0143,48.0522],[6.0213,48.0578],[6.0381,48.0688],[6.0448,48.0972],[6.0559,48.1036],[6.0745,48.0989],[6.1024,48.0934],[6.1144,48.0819],[6.1372,48.0836],[6.1599,48.0833],[6.1621,48.0919],[6.1648,48.1028],[6.1629,48.1075],[6.1615,48.1178],[6.1714,48.1273],[6.1808,48.132],[6.1892,48.1371],[6.2003,48.1374],[6.2159,48.1362],[6.247,48.1328],[6.2739,48.129],[6.2892,48.1328],[6.299,48.1359],[6.3111,48.1417],[6.3138,48.1457],[6.3134,48.1605],[6.3312,48.1654],[6.3502,48.1667],[6.3633,48.1669],[6.3842,48.1676],[6.3951,48.1711],[6.4017,48.1761],[6.4274,48.1775],[6.4406,48.1853],[6.4505,48.1922],[6.4637,48.1947],[6.4721,48.2039],[6.4965,48.2071],[6.5251,48.2013],[6.5771,48.2134],[6.5865,48.2115],[6.6751,48.2308],[6.7044,48.2408],[6.6992,48.2485],[6.703,48.253],[6.7048,48.2577],[6.6964,48.2635],[6.6994,48.2792],[6.7081,48.2869],[6.723,48.2885],[6.7248,48.2965],[6.7219,48.3075],[6.7146,48.3253],[6.7021,48.3392],[6.695,48.3526],[6.7006,48.3634],[6.716,48.3683],[6.7223,48.3729],[6.7496,48.3746],[6.7568,48.3824],[6.7442,48.3905],[6.7307,48.3904],[6.7215,48.3999],[6.7109,48.4054],[6.7033,48.4171],[6.7243,48.4289],[6.7514,48.4364],[6.7618,48.4439],[6.7783,48.4502],[6.8033,48.4551],[6.8076,48.4604],[6.8126,48.4606],[6.8507,48.4395],[6.8642,48.4424],[6.9073,48.4963],[6.9096,48.5039],[6.9129,48.5103],[6.9268,48.5247],[6.9411,48.5377],[6.9722,48.5725],[7.005,48.6008],[6.9965,48.6117],[7.0214,48.6187],[7.0519,48.6212],[7.0626,48.6415],[7.0861,48.6399],[7.1295,48.6874],[7.1659,48.7077],[7.2058,48.7138],[7.2297,48.7332],[7.2674,48.759],[7.2924,48.7609],[7.2982,48.7717],[7.2928,48.7899],[7.2889,48.8023],[7.263,48.8137],[7.2813,48.8175],[7.2719,48.8476],[7.2815,48.8762],[7.2577,48.8767],[7.221,48.8865],[7.1786,48.9177],[7.2052,48.9357],[7.2485,48.9753],[7.2718,48.988],[7.3066,49.0182],[7.3165,49.0246],[7.323,49.0313],[7.308,49.0451],[7.3133,49.0585],[7.3193,49.0607],[7.3212,49.0676],[7.3228,49.0838],[7.3298,49.0955],[7.3519,49.0948],[7.3592,49.0911],[7.3625,49.0891],[7.3657,49.0871],[7.3879,49.0873],[7.3898,49.0944],[7.3994,49.1031],[7.4018,49.113],[7.4063,49.128],[7.4154,49.1348],[7.4296,49.1435],[7.4249,49.1534],[7.4376,49.1649],[7.4483,49.1685],[7.4586,49.1629],[7.4713,49.1682],[7.4942,49.1699],[7.4912,49.1595],[7.4928,49.1583],[7.4944,49.1571],[7.5073,49.155],[7.5069,49.1507],[7.4965,49.143],[7.4888,49.1403],[7.4988,49.1351],[7.5064,49.122],[7.5154,49.1227],[7.5348,49.095],[7.546,49.0872],[7.5528,49.0858],[7.5661,49.079],[7.5883,49.0817],[7.5972,49.0833],[7.6114,49.0786],[7.6231,49.0738],[7.6319,49.0723],[7.6338,49.06],[7.6313,49.0566],[7.6373,49.0545],[7.6537,49.0485],[7.6677,49.0467],[7.6747,49.0486],[7.6765,49.0497],[7.6784,49.0507],[7.6802,49.0518],[7.6902,49.057],[7.6963,49.0579],[7.6979,49.0567],[7.6993,49.0543],[7.7041,49.0502],[7.7118,49.0504],[7.7137,49.0514],[7.7155,49.0525],[7.7173,49.0535],[7.7209,49.0551],[7.7235,49.055],[7.7265,49.0509],[7.7281,49.0494],[7.7327,49.045],[7.7498,49.0436],[7.7516,49.0447],[7.7659,49.045],[7.7731,49.0516],[7.7803,49.0593],[7.7898,49.0573],[7.7949,49.0666],[7.8097,49.0611],[7.8166,49.0528],[7.8274,49.0529],[7.8429,49.0463],[7.8462,49.0396],[7.8484,49.0445],[7.8579,49.0344],[7.8681,49.0313],[7.8749,49.0422],[7.8893,49.0479],[7.9099,49.0437]]]},"properties":{"code":74,"nom":"Vosges greseuses","code_her1":4,"nom_her1":"VOSGES"}},{"type":"Feature","geometry":{"type":"Polygon","coordinates":[[[3.7424,44.582],[3.7732,44.5444],[3.7354,44.5474],[3.7049,44.5263],[3.6691,44.5151],[3.6541,44.5114],[3.626,44.5051],[3.5788,44.4944],[3.566,44.4665],[3.557,44.4471],[3.5606,44.438],[3.5481,44.3763],[3.5438,44.3597],[3.5892,44.3104],[3.6002,44.2869],[3.5747,44.2382],[3.4962,44.1752],[3.4473,44.1729],[3.4194,44.1588],[3.4111,44.0919],[3.4001,44.0568],[3.3557,44.0149],[3.3504,43.9867],[3.3494,43.9766],[3.3461,43.9432],[3.2349,43.8672],[3.1552,43.8704],[3.1398,43.8805],[3.0681,43.8737],[3.0273,43.885],[2.9647,43.8909],[2.9228,43.9162],[2.9104,43.9541],[2.8123,44.0212],[2.8414,44.0434],[2.886,44.0773],[2.9376,44.1048],[2.9468,44.1297],[2.9433,44.1602],[2.9835,44.1933],[2.9813,44.2248],[3.0265,44.2393],[3.077,44.2658],[3.0836,44.2787],[2.9464,44.3304],[2.8478,44.3688],[2.7871,44.3923],[2.7074,44.3823],[2.6783,44.3623],[2.656,44.2968],[2.6384,44.2886],[2.6077,44.302],[2.6073,44.3299],[2.6273,44.3574],[2.616,44.3675],[2.5879,44.3701],[2.5517,44.3676],[2.522,44.3652],[2.414,44.4308],[2.4297,44.4435],[2.4607,44.4686],[2.555,44.5075],[2.6491,44.4897],[2.7724,44.4943],[2.8494,44.4749],[2.8717,44.4693],[2.9485,44.4588],[2.9683,44.4473],[3.0305,44.4293],[3.0824,44.4302],[3.1474,44.4216],[3.2202,44.4632],[3.2803,44.4816],[3.263,44.5001],[3.2212,44.5299],[3.2486,44.5355],[3.2586,44.5486],[3.2722,44.5769],[3.2955,44.5477],[3.3297,44.5865],[3.3872,44.5929],[3.4039,44.5896],[3.3812,44.5391],[3.3737,44.5223],[3.4018,44.5259],[3.4238,44.5244],[3.4495,44.5343],[3.4744,44.5307],[3.4844,44.5333],[3.5027,44.547],[3.5256,44.544],[3.5404,44.5377],[3.5589,44.5402],[3.599,44.5579],[3.6138,44.5489],[3.6133,44.5338],[3.6503,44.5295],[3.6542,44.5421],[3.6285,44.5708],[3.6433,44.5747],[3.6866,44.5738],[3.7355,44.5877],[3.7424,44.582]]]},"properties":{"code":113,"nom":"Grands Causses","code_her1":19,"nom_her1":"GRANDS CAUSSES"}},{"type":"Feature","geometry":{"type":"Polygon","coordinates":[[[5.4983,47.0527],[5.5071,47.0439],[5.5219,47.0437],[5.5288,47.0347],[5.5403,47.0307],[5.5574,47.0242],[5.613,47.0168],[5.6478,47.0164],[5.7377,47.0255],[5.7592,47.0214],[5.7816,47.0287],[5.7859,47.0209],[5.7791,46.9945],[5.747,46.9749],[5.7136,46.9664],[5.7114,46.9588],[5.677,46.9379],[5.6263,46.8708],[5.6157,46.869],[5.6117,46.8611],[5.5908,46.8368],[5.5597,46.8007],[5.5553,46.7919],[5.5407,46.763],[5.5183,46.7401],[5.5046,46.6722],[5.5211,46.6733],[5.5206,46.6674],[5.505,46.6574],[5.477,46.6073],[5.4137,46.5734],[5.4038,46.539],[5.3951,46.5248],[5.3887,46.5144],[5.3723,46.5051],[5.3399,46.4744],[5.3335,46.4625],[5.3328,46.4319],[5.3386,46.3543],[5.3613,46.3174],[5.3553,46.2878],[5.3203,46.1831],[5.301,46.1937],[5.29,46.1963],[5.2829,46.2002],[5.2761,46.2004],[5.2645,46.2007],[5.2512,46.1973],[5.2331,46.1934],[5.2177,46.17],[5.1968,46.1775],[5.1857,46.1781],[5.1613,46.1945],[5.1488,46.2119],[5.1176,46.2125],[5.0987,46.2146],[5.0761,46.2163],[5.0566,46.2075],[5.042,46.1964],[5.0266,46.1887],[5.0086,46.1885],[5.0055,46.1842],[5.0117,46.1649],[5.003,46.1627],[4.9933,46.1618],[4.9877,46.1772],[4.9789,46.1868],[4.9638,46.1893],[4.912,46.1945],[4.8846,46.178],[4.8896,46.1618],[4.8847,46.1589],[4.8923,46.1515],[4.9093,46.1447],[4.8908,46.1338],[4.8795,46.1316],[4.873,46.1212],[4.8577,46.1093],[4.8404,46.0997],[4.8242,46.0849],[4.8171,46.071],[4.8062,46.0585],[4.7957,46.0545],[4.7884,46.0524],[4.7761,46.0529],[4.7661,46.0287],[4.793,46.0071],[4.796,45.9923],[4.7924,45.982],[4.7938,45.9677],[4.809,45.9622],[4.8218,45.948],[4.822,45.9303],[4.8196,45.905],[4.8493,45.8726],[4.8477,45.8446],[4.8623,45.8279],[4.862,45.8148],[4.8501,45.8097],[4.8399,45.8107],[4.8545,45.8215],[4.8308,45.8363],[4.8322,45.8557],[4.8322,45.8644],[4.8243,45.8694],[4.7985,45.8802],[4.7866,45.8772],[4.7771,45.8715],[4.7627,45.8677],[4.7448,45.8612],[4.7276,45.8618],[4.714,45.8598],[4.7025,45.857],[4.6948,45.8646],[4.7063,45.8746],[4.7055,45.9099],[4.7153,45.9342],[4.7236,45.9549],[4.7232,45.9585],[4.7214,45.9739],[4.6986,45.9858],[4.6718,45.9886],[4.6512,45.9998],[4.656,46.0071],[4.6511,46.0106],[4.6284,46.0437],[4.626,46.0533],[4.6532,46.0547],[4.6538,46.0547],[4.6597,46.0812],[4.6609,46.1112],[4.6811,46.134],[4.6915,46.1538],[4.7327,46.1749],[4.7488,46.2145],[4.7346,46.2347],[4.7558,46.2417],[4.788,46.2392],[4.7878,46.2423],[4.8148,46.2764],[4.8012,46.273],[4.7955,46.2803],[4.7931,46.2834],[4.7978,46.2883],[4.8226,46.2922],[4.8443,46.3251],[4.8489,46.3688],[4.8739,46.4105],[4.8774,46.4294],[4.8594,46.4243],[4.8671,46.4744],[4.8895,46.4972],[4.9104,46.5095],[4.9152,46.5162],[4.9092,46.539],[4.9137,46.5647],[4.9299,46.5825],[4.9267,46.5967],[4.9542,46.6304],[4.9493,46.6654],[4.9436,46.6852],[4.9252,46.7129],[4.8931,46.7333],[4.8785,46.7519],[4.8418,46.7693],[4.8809,46.8018],[4.9048,46.7937],[4.9277,46.8129],[4.9644,46.8408],[4.963,46.856],[4.9638,46.8727],[4.9716,46.8968],[4.9893,46.8979],[5.0052,46.9066],[5.0187,46.9036],[5.0201,46.8941],[5.0465,46.892],[5.0756,46.8989],[5.0897,46.9152],[5.1196,46.9372],[5.1222,46.9393],[5.1508,46.941],[5.1504,46.9334],[5.1699,46.9254],[5.1903,46.9355],[5.2071,46.9184],[5.2182,46.9196],[5.2947,46.9419],[5.3004,46.9251],[5.3247,46.9245],[5.3602,46.9266],[5.3654,46.9401],[5.3775,46.9595],[5.3755,47.002],[5.3954,47.0014],[5.416,47.013],[5.4352,47.0004],[5.4445,47.0077],[5.4458,47.0303],[5.454,47.0376],[5.4494,47.0503],[5.4459,47.0611],[5.4983,47.0527]]]},"properties":{"code":84,"nom":"Bresse","code_her1":15,"nom_her1":"PLAINE SAONE"}},{"type":"Feature","geometry":{"type":"Polygon","coordinates":[[[5.4269,46.0604],[5.4114,46.0397],[5.3705,45.9806],[5.3713,45.9669],[5.3949,45.9415],[5.3957,45.9351],[5.3777,45.9367],[5.3693,45.9276],[5.3677,45.9122],[5.3768,45.8992],[5.3732,45.8947],[5.3749,45.8939],[5.3678,45.8889],[5.3624,45.8817],[5.3597,45.8824],[5.3522,45.876],[5.3511,45.8755],[5.3503,45.8724],[5.3453,45.8692],[5.3333,45.8419],[5.315,45.824],[5.3102,45.8016],[5.305,45.802],[5.2736,45.7762],[5.2469,45.7305],[5.203,45.69],[5.2024,45.6839],[5.2219,45.6851],[5.2232,45.6811],[5.2068,45.6689],[5.2021,45.6425],[5.2287,45.6384],[5.2292,45.6393],[5.2442,45.6445],[5.331,45.6714],[5.3791,45.67],[5.3817,45.6652],[5.392,45.6634],[5.4163,45.6474],[5.43,45.6314],[5.4455,45.6326],[5.4471,45.6397],[5.4638,45.6355],[5.4696,45.6461],[5.4783,45.6488],[5.5061,45.6469],[5.5237,45.6506],[5.5332,45.6389],[5.5725,45.6231],[5.5846,45.6237],[5.5933,45.6133],[5.6202,45.5975],[5.6438,45.6048],[5.6652,45.604],[5.6965,45.5885],[5.7199,45.5495],[5.7257,45.5279],[5.7208,45.4986],[5.6675,45.469],[5.6278,45.4632],[5.5845,45.4435],[5.5642,45.4213],[5.5559,45.3809],[5.5584,45.3688],[5.5769,45.3582],[5.5921,45.3424],[5.5817,45.3397],[5.5744,45.329],[5.5676,45.3238],[5.5393,45.3199],[5.5076,45.3125],[5.4912,45.2933],[5.4772,45.2456],[5.4777,45.2255],[5.4732,45.213],[5.4656,45.2049],[5.4611,45.1964],[5.4072,45.173],[5.3703,45.1436],[5.3522,45.127],[5.3102,45.1136],[5.2876,45.0752],[5.2481,45.0604],[5.2316,45.0572],[5.2198,45.0435],[5.2109,45.0383],[5.195,45.0289],[5.1607,44.9779],[5.1375,44.9578],[5.1356,44.961],[5.1179,44.9769],[5.0985,44.9849],[5.0758,45.0094],[5.0765,45.0215],[5.0639,45.0204],[5.0434,45.0205],[5.0108,45.017],[4.989,45.0298],[4.9536,45.0372],[4.9396,45.0488],[4.9193,45.0534],[4.9025,45.0618],[4.885,45.0577],[4.8768,45.0584],[4.87,45.0589],[4.8335,45.0539],[4.8337,45.0629],[4.8161,45.0669],[4.8076,45.0827],[4.7961,45.1041],[4.792,45.1233],[4.7993,45.1433],[4.8027,45.1525],[4.7986,45.2058],[4.7968,45.2478],[4.795,45.2867],[4.7896,45.2968],[4.7613,45.3199],[4.7595,45.341],[4.7577,45.3618],[4.7529,45.3883],[4.7424,45.4029],[4.7459,45.418],[4.7483,45.4286],[4.7515,45.4427],[4.7686,45.4534],[4.7747,45.4599],[4.7817,45.4721],[4.7948,45.4795],[4.8086,45.4875],[4.8645,45.5141],[4.8592,45.5269],[4.8201,45.542],[4.8002,45.5553],[4.771,45.5771],[4.7634,45.5801],[4.7637,45.5875],[4.7564,45.6014],[4.7704,45.6298],[4.7653,45.6628],[4.7889,45.6759],[4.7886,45.689],[4.793,45.6932],[4.7974,45.7076],[4.777,45.7146],[4.7618,45.7321],[4.786,45.7494],[4.8009,45.7628],[4.8075,45.7688],[4.806,45.78],[4.8288,45.8],[4.8399,45.8107],[4.8501,45.8097],[4.8578,45.796],[4.8624,45.7908],[4.8819,45.8021],[4.8951,45.8056],[4.976,45.833],[4.9954,45.8409],[5.0245,45.8459],[5.0881,45.8537],[5.1324,45.8691],[5.137,45.8766],[5.1792,45.8978],[5.2087,45.9245],[5.1903,45.9335],[5.1779,45.9515],[5.218,45.9339],[5.2349,45.9394],[5.2697,45.9934],[5.2677,45.9976],[5.2507,45.9962],[5.2532,46.0056],[5.289,46.0205],[5.2933,46.0159],[5.3108,46.0482],[5.3196,46.0696],[5.321,46.081],[5.3231,46.0879],[5.3375,46.0777],[5.3582,46.073],[5.3797,46.0597],[5.401,46.0532],[5.4228,46.0647],[5.4269,46.0604]]]},"properties":{"code":85,"nom":"Collines du Bas Dauphine","code_her1":5,"nom_her1":"JURA-PREALPES DU NORD"}},{"type":"Feature","geometry":{"type":"Polygon","coordinates":[[[0.7287,43.0605],[0.661,43.0711],[0.5977,43.0642],[0.5417,43.0661],[0.5492,43.0708],[0.5998,43.1025],[0.6572,43.1184],[0.7284,43.0983],[0.7591,43.1121],[0.8386,43.1014],[0.9037,43.1149],[0.9124,43.144],[0.9538,43.161],[0.9828,43.1811],[0.9951,43.1666],[1.047,43.1574],[1.09,43.148],[1.1217,43.1352],[1.151,43.1289],[1.1892,43.131],[1.25,43.1267],[1.286,43.1238],[1.3378,43.1177],[1.3694,43.1081],[1.4281,43.0905],[1.4688,43.0727],[1.5296,43.0535],[1.5634,43.0438],[1.5996,43.0243],[1.6447,43.0065],[1.7145,42.9773],[1.7705,42.9744],[1.8378,42.9747],[1.9051,42.9684],[1.9634,42.9604],[2.0149,42.9606],[2.0799,42.9542],[2.2692,42.9395],[2.2746,42.9308],[2.3059,42.9168],[2.2906,42.8732],[2.213,42.8805],[2.1704,42.8796],[2.0566,42.8947],[2.0306,42.8991],[2.0246,42.8985],[1.9783,42.8938],[1.9149,42.8825],[1.8854,42.8862],[1.8177,42.8971],[1.8025,42.9012],[1.7767,42.9051],[1.7119,42.9167],[1.6523,42.9095],[1.6362,42.9205],[1.6072,42.9555],[1.5577,42.9515],[1.5382,42.9661],[1.5293,43.0],[1.504,43.0035],[1.4721,42.9977],[1.4285,42.9899],[1.395,42.9829],[1.3681,42.982],[1.3403,42.9848],[1.3134,42.9883],[1.2664,42.9804],[1.2086,42.9712],[1.1538,42.9749],[1.1155,42.9973],[1.098,42.9903],[1.0768,42.9981],[1.0633,42.9998],[1.0487,43.0151],[1.0122,43.03],[1.0001,43.0429],[0.9697,43.0449],[0.9411,43.044],[0.9176,43.0443],[0.8877,43.0511],[0.8618,43.0509],[0.8506,43.0631],[0.8358,43.0649],[0.7806,43.0496],[0.7287,43.0605]]]},"properties":{"code":67,"nom":"Bordure Pyreneenne Centrale","code_her1":1,"nom_her1":"PYRENEES"}},{"type":"Feature","geometry":{"type":"Polygon","coordinates":[[[2.6044,45.5312],[2.5367,45.5042],[2.5194,45.5373],[2.5105,45.4834],[2.4843,45.4785],[2.425,45.4884],[2.3984,45.5272],[2.3387,45.5803],[2.2955,45.5893],[2.2825,45.5288],[2.2297,45.4785],[2.1633,45.514],[2.1111,45.5438],[2.0936,45.5082],[2.0792,45.4606],[2.0436,45.4545],[2.0382,45.4216],[1.993,45.4043],[1.9917,45.4045],[1.9442,45.4087],[1.9118,45.4413],[1.9038,45.4495],[1.8817,45.4723],[1.8617,45.4533],[1.8256,45.4638],[1.819,45.4837],[1.8505,45.4911],[1.8425,45.5385],[1.8425,45.5385],[1.8425,45.5385],[1.8442,45.5703],[1.8791,45.567],[1.9055,45.6025],[1.8909,45.611],[1.8625,45.5927],[1.8258,45.6239],[1.8459,45.6397],[1.8584,45.654],[1.8728,45.6693],[1.8896,45.6716],[1.905,45.675],[1.9122,45.6759],[1.9293,45.6755],[1.938,45.6881],[1.9396,45.6905],[1.935,45.701],[1.9267,45.7374],[1.901,45.771],[1.9001,45.7835],[1.8979,45.8152],[1.8839,45.835],[1.878,45.8432],[1.8713,45.871],[1.8828,45.8764],[1.8887,45.8756],[1.9643,45.8651],[2.0031,45.8698],[2.0204,45.872],[2.1116,45.8676],[2.1526,45.8612],[2.1565,45.8607],[2.1909,45.8566],[2.2411,45.8493],[2.2702,45.8419],[2.2886,45.8369],[2.294,45.8355],[2.2942,45.8353],[2.3126,45.8214],[2.3218,45.829],[2.3234,45.8303],[2.3313,45.841],[2.3425,45.8491],[2.352,45.8701],[2.3609,45.8941],[2.3873,45.8993],[2.392,45.9087],[2.4002,45.9251],[2.4669,45.9584],[2.5175,45.9534],[2.5452,45.9605],[2.5569,45.9635],[2.5693,45.9538],[2.6069,45.9242],[2.6253,45.9102],[2.6494,45.892],[2.6658,45.8829],[2.687,45.8712],[2.7297,45.8622],[2.7487,45.8707],[2.7614,45.8808],[2.7668,45.8732],[2.77,45.8688],[2.7838,45.8531],[2.7859,45.8514],[2.7948,45.8442],[2.8163,45.8357],[2.8278,45.8505],[2.8282,45.8623],[2.8288,45.8825],[2.8302,45.892],[2.832,45.9047],[2.8457,45.9165],[2.8366,45.9344],[2.8385,45.9494],[2.8394,45.9566],[2.8853,45.9771],[2.8896,45.9777],[2.9332,45.9835],[2.9555,45.9756],[3.0084,45.9569],[3.0122,45.954],[3.0462,45.9289],[3.0431,45.9109],[3.0602,45.8947],[3.0626,45.8925],[3.0615,45.8598],[3.0533,45.8592],[3.0386,45.861],[3.02,45.8681],[3.014,45.8705],[2.9961,45.8892],[2.9608,45.8971],[2.9507,45.887],[2.9447,45.8787],[2.9427,45.8746],[2.9426,45.869],[2.9425,45.8626],[2.9399,45.8603],[2.9372,45.8575],[2.9336,45.8564],[2.9299,45.8553],[2.9253,45.8534],[2.9206,45.853],[2.9147,45.8512],[2.9107,45.8489],[2.8895,45.8425],[2.8791,45.8231],[2.8685,45.8007],[2.8659,45.7838],[2.8645,45.775],[2.847,45.7504],[2.8294,45.7426],[2.8294,45.735],[2.8219,45.7278],[2.8123,45.7253],[2.8038,45.7181],[2.8022,45.712],[2.7893,45.7081],[2.7816,45.712],[2.7772,45.7079],[2.778,45.7043],[2.7762,45.6995],[2.7698,45.7031],[2.7656,45.697],[2.765,45.6891],[2.765,45.6889],[2.763,45.6819],[2.7644,45.6761],[2.7635,45.6702],[2.7557,45.6639],[2.7438,45.6607],[2.737,45.6544],[2.7334,45.6444],[2.7324,45.6373],[2.7302,45.6305],[2.7251,45.6262],[2.7176,45.6218],[2.7211,45.6162],[2.7389,45.5948],[2.7238,45.5808],[2.7194,45.5833],[2.7095,45.5839],[2.7029,45.5805],[2.6895,45.5883],[2.6806,45.5949],[2.6602,45.5919],[2.6378,45.5898],[2.6331,45.59],[2.6187,45.5762],[2.6106,45.5683],[2.6499,45.5549],[2.6044,45.5312]]]},"properties":{"code":89,"nom":"Hautes Terres Limousines","code_her1":21,"nom_her1":"MASSIF CENTRAL NORD"}},{"type":"Feature","geometry":{"type":"MultiPolygon","coordinates":[[[[5.887,43.1193],[5.8841,43.1065],[5.9116,43.1003],[5.8961,43.0834],[5.9191,43.0872],[5.9469,43.0862],[5.951,43.0695],[5.9135,43.0647],[5.9048,43.0733],[5.8885,43.0768],[5.8599,43.0483],[5.8302,43.0508],[5.7973,43.07],[5.8103,43.0976],[5.8132,43.1118],[5.8052,43.1133],[5.8146,43.1212],[5.8496,43.1188],[5.887,43.1193]]],[[[6.9143,43.6278],[6.9305,43.6185],[6.9791,43.5722],[7.0324,43.5625],[7.036,43.5473],[6.9579,43.5425],[6.9422,43.5151],[6.9547,43.5025],[6.9503,43.486],[6.9302,43.4823],[6.9203,43.4494],[6.8925,43.4272],[6.875,43.4287],[6.8596,43.4316],[6.8574,43.4158],[6.7845,43.4135],[6.7645,43.4242],[6.7434,43.419],[6.7173,43.3769],[6.7153,43.3505],[6.6773,43.3422],[6.661,43.3179],[6.5857,43.2815],[6.5908,43.2662],[6.6346,43.267],[6.6424,43.2777],[6.6645,43.2685],[6.6753,43.2741],[6.683,43.2806],[6.6987,43.2687],[6.6904,43.2554],[6.6679,43.2449],[6.6665,43.2124],[6.6814,43.2043],[6.6786,43.1953],[6.6599,43.1961],[6.6438,43.1861],[6.6461,43.1754],[6.6383,43.1682],[6.6172,43.1622],[6.5973,43.1865],[6.5541,43.1897],[6.5347,43.1791],[6.5337,43.1655],[6.4935,43.1554],[6.4545,43.1565],[6.4422,43.1433],[6.4178,43.1495],[6.3748,43.1398],[6.3627,43.1297],[6.3741,43.0947],[6.3652,43.0831],[6.2781,43.1222],[6.2398,43.1146],[6.1997,43.1175],[6.1581,43.0812],[6.1503,43.0414],[6.1727,43.0368],[6.1483,43.0271],[6.1366,43.0366],[6.1,43.0288],[6.089,43.0393],[6.1332,43.048],[6.1269,43.0785],[6.1043,43.0866],[6.0424,43.0792],[6.0188,43.0823],[6.0192,43.0955],[5.9988,43.1087],[5.9302,43.1075],[5.9344,43.1184],[5.9783,43.1391],[6.0212,43.156],[6.046,43.176],[6.046,43.2018],[6.0678,43.2281],[6.0781,43.256],[6.1064,43.2783],[6.1429,43.2967],[6.2088,43.3017],[6.2648,43.3082],[6.2729,43.3288],[6.2905,43.3405],[6.2872,43.3897],[6.4016,43.4112],[6.4236,43.4608],[6.5105,43.4722],[6.5278,43.5022],[6.5483,43.5051],[6.5836,43.5713],[6.6136,43.5885],[6.6672,43.5815],[6.7,43.5691],[6.7739,43.5845],[6.8088,43.5991],[6.8553,43.6303],[6.8902,43.6227],[6.9143,43.6278]]]]},"properties":{"code":108,"nom":"Maures Esterel","code_her1":6,"nom_her1":"MEDITERRANEEN"}},{"type":"Feature","geometry":{"type":"MultiPolygon","coordinates":[[[[3.9175,43.5526],[3.914,43.5393],[3.9345,43.5334],[3.9735,43.5436],[3.9056,43.516],[3.8219,43.4665],[3.7993,43.4405],[3.7254,43.4171],[3.69,43.3913],[3.6591,43.3898],[3.6357,43.377],[3.5665,43.3262],[3.5429,43.3059],[3.5268,43.3361],[3.5588,43.3901],[3.6438,43.45],[3.6862,43.4476],[3.7167,43.4294],[3.7427,43.4404],[3.7987,43.4678],[3.8021,43.5005],[3.8321,43.5133],[3.8552,43.5101],[3.8819,43.5426],[3.9175,43.5526]]],[[[3.9175,43.5526],[3.9629,43.5808],[4.0281,43.6023],[4.061,43.6252],[4.1387,43.6315],[4.1956,43.6352],[4.239,43.6194],[4.2618,43.619],[4.2613,43.6195],[4.3784,43.6543],[4.3914,43.6524],[4.3971,43.6396],[4.4045,43.6371],[4.4186,43.6454],[4.4264,43.6387],[4.4464,43.6343],[4.4755,43.6439],[4.4981,43.6616],[4.5271,43.6744],[4.5466,43.6726],[4.5552,43.6594],[4.5428,43.6435],[4.5396,43.6199],[4.5658,43.619],[4.5844,43.6131],[4.5819,43.5993],[4.5872,43.5938],[4.6199,43.5863],[4.6254,43.5656],[4.6679,43.5399],[4.6655,43.5232],[4.6708,43.5124],[4.6845,43.5006],[4.7018,43.4954],[4.7171,43.4799],[4.7169,43.4444],[4.722,43.436],[4.7443,43.4257],[4.761,43.4327],[4.7658,43.4199],[4.7786,43.4063],[4.7958,43.3975],[4.8178,43.3831],[4.8494,43.3757],[4.8661,43.369],[4.8846,43.3673],[4.9028,43.3675],[4.914,43.3734],[4.9218,43.376],[4.9251,43.3671],[4.9134,43.3559],[4.897,43.3445],[4.8736,43.3385],[4.8675,43.3353],[4.8593,43.331],[4.8459,43.3286],[4.8333,43.3335],[4.8143,43.3399],[4.7903,43.3454],[4.7673,43.3506],[4.752,43.3481],[4.7222,43.3466],[4.6906,43.346],[4.6589,43.3465],[4.6253,43.3475],[4.5989,43.3482],[4.5856,43.3536],[4.575,43.3619],[4.5678,43.374],[4.5704,43.383],[4.5756,43.3872],[4.5875,43.3898],[4.5955,43.3952],[4.5972,43.4047],[4.5934,43.4165],[4.5871,43.4282],[4.5714,43.4436],[4.5535,43.4518],[4.5175,43.4584],[4.5003,43.4582],[4.4679,43.4559],[4.4511,43.451],[4.4377,43.4445],[4.4358,43.4438],[4.42,43.4379],[4.3996,43.4385],[4.3872,43.4452],[4.3634,43.4483],[4.233,43.4576],[4.1734,43.4658],[4.1303,43.4881],[4.1217,43.5004],[4.1414,43.5218],[4.105,43.5551],[4.0292,43.5554],[4.0746,43.564],[4.0957,43.5778],[4.099,43.6021],[4.0902,43.6079],[4.055,43.5962],[4.0057,43.5876],[3.9854,43.5679],[3.97,43.5572],[3.9477,43.5454],[3.9175,43.5526]]]]},"properties":{"code":102,"nom":"Plaine littorale mediterraneene","code_her1":6,"nom_her1":"MEDITERRANEEN"}},{"type":"Feature","geometry":{"type":"Polygon","coordinates":[[[3.2212,44.5299],[3.1936,44.5464],[3.1615,44.5808],[3.0215,44.73],[2.9541,44.7374],[2.8687,44.8143],[2.8326,44.8729],[2.9201,44.9003],[2.9829,44.9104],[3.0213,44.9305],[3.028,44.9301],[3.0487,45.0292],[3.0869,45.0727],[3.0887,45.0918],[3.0933,45.0971],[3.0867,45.1221],[3.0866,45.1221],[3.0866,45.1221],[3.0866,45.1221],[3.0951,45.1195],[3.0962,45.1309],[3.0971,45.1364],[3.0997,45.143],[3.1013,45.1501],[3.1086,45.154],[3.1136,45.1573],[3.1152,45.1639],[3.1162,45.1696],[3.1166,45.1719],[3.1167,45.1813],[3.1197,45.1895],[3.1247,45.1981],[3.1331,45.2057],[3.1395,45.2106],[3.1529,45.2192],[3.1519,45.2247],[3.1503,45.2273],[3.1638,45.228],[3.1645,45.228],[3.1744,45.2285],[3.199,45.239],[3.2083,45.243],[3.2232,45.247],[3.2239,45.255],[3.2242,45.2597],[3.2443,45.268],[3.2441,45.2846],[3.258,45.287],[3.2874,45.2792],[3.3007,45.2687],[3.3067,45.264],[3.3102,45.2598],[3.3268,45.2526],[3.3337,45.244],[3.3444,45.2406],[3.363,45.248],[3.3667,45.2633],[3.3739,45.2748],[3.3835,45.2814],[3.3929,45.2752],[3.3979,45.2678],[3.408,45.2519],[3.4139,45.2451],[3.4163,45.2372],[3.418,45.2332],[3.4196,45.2282],[3.422,45.224],[3.4243,45.2193],[3.4256,45.2148],[3.428,45.2101],[3.4313,45.2009],[3.4322,45.1935],[3.4352,45.1876],[3.4351,45.1816],[3.4367,45.1764],[3.4367,45.1747],[3.4387,45.1742],[3.441,45.1743],[3.4415,45.1566],[3.4532,45.1459],[3.4607,45.1468],[3.4786,45.1432],[3.4885,45.1381],[3.5128,45.1398],[3.5326,45.1329],[3.5339,45.1052],[3.5117,45.1],[3.5122,45.0996],[3.5314,45.0922],[3.5447,45.0724],[3.5487,45.0684],[3.5642,45.0644],[3.5788,45.058],[3.582,45.0561],[3.5802,45.0507],[3.5851,45.049],[3.5881,45.0477],[3.5936,45.0442],[3.5893,45.0384],[3.5978,45.0289],[3.5986,45.0257],[3.6124,45.0229],[3.6234,45.0177],[3.6326,45.0135],[3.6547,45.0064],[3.6506,44.9992],[3.6293,44.9982],[3.6286,44.996],[3.6282,44.99],[3.632,44.9881],[3.6438,44.9796],[3.6466,44.9712],[3.674,44.9783],[3.6796,44.9756],[3.6839,44.9723],[3.6958,44.9674],[3.7068,44.9539],[3.7092,44.9344],[3.7225,44.9293],[3.7159,44.9234],[3.727,44.9108],[3.7289,44.9012],[3.7282,44.8913],[3.7313,44.886],[3.7489,44.882],[3.7514,44.8693],[3.7481,44.8558],[3.739,44.8502],[3.7408,44.8449],[3.7417,44.8423],[3.7495,44.8325],[3.7652,44.8295],[3.7591,44.8181],[3.7623,44.8146],[3.7693,44.8048],[3.7992,44.7887],[3.8149,44.773],[3.8286,44.7768],[3.8341,44.7771],[3.8379,44.7743],[3.8437,44.7726],[3.8444,44.7665],[3.8429,44.7606],[3.8473,44.7564],[3.849,44.7547],[3.8493,44.7487],[3.8564,44.7446],[3.8579,44.7441],[3.8627,44.7426],[3.8685,44.7424],[3.8751,44.7452],[3.8791,44.7471],[3.8853,44.749],[3.8894,44.7475],[3.8953,44.7453],[3.9008,44.7467],[3.9078,44.7485],[3.91,44.7496],[3.9227,44.7558],[3.9279,44.7577],[3.9375,44.7509],[3.9407,44.7453],[3.9061,44.7167],[3.9034,44.6976],[3.903,44.6836],[3.8975,44.6693],[3.8845,44.6424],[3.8503,44.6118],[3.8446,44.6067],[3.837,44.5991],[3.8307,44.5937],[3.8245,44.5918],[3.8185,44.5911],[3.8127,44.5891],[3.8011,44.5851],[3.8004,44.5856],[3.7997,44.5861],[3.7983,44.5872],[3.783,44.5922],[3.7758,44.5923],[3.7738,44.5922],[3.773,44.5922],[3.7725,44.5922],[3.7721,44.5922],[3.7716,44.5921],[3.771,44.5921],[3.7707,44.5921],[3.7654,44.5917],[3.7603,44.5907],[3.7535,44.588],[3.7526,44.5876],[3.751,44.587],[3.7466,44.5853],[3.7424,44.582],[3.7355,44.5877],[3.6866,44.5738],[3.6433,44.5747],[3.6285,44.5708],[3.6542,44.5421],[3.6503,44.5295],[3.6133,44.5338],[3.6138,44.5489],[3.599,44.5579],[3.5589,44.5402],[3.5404,44.5377],[3.5256,44.544],[3.5027,44.547],[3.4844,44.5333],[3.4744,44.5307],[3.4495,44.5343],[3.4238,44.5244],[3.4018,44.5259],[3.3737,44.5223],[3.3812,44.5391],[3.4039,44.5896],[3.3872,44.5929],[3.3297,44.5865],[3.2955,44.5477],[3.2722,44.5769],[3.2586,44.5486],[3.2486,44.5355],[3.2212,44.5299]]]},"properties":{"code":90,"nom":"Hautes Terres Granitiques - Margeride","code_her1":3,"nom_her1":"MASSIF CENTRAL SUD"}},{"type":"Feature","geometry":{"type":"Polygon","coordinates":[[[3.2441,45.2846],[3.2443,45.268],[3.2242,45.2597],[3.2239,45.255],[3.2232,45.247],[3.2083,45.243],[3.199,45.239],[3.1744,45.2285],[3.1645,45.228],[3.1638,45.228],[3.1503,45.2273],[3.1519,45.2247],[3.1529,45.2192],[3.1395,45.2106],[3.1331,45.2057],[3.1247,45.1981],[3.1197,45.1895],[3.1167,45.1813],[3.1166,45.1719],[3.1162,45.1696],[3.1152,45.1639],[3.1136,45.1573],[3.1086,45.154],[3.1013,45.1501],[3.0997,45.143],[3.0971,45.1364],[3.0962,45.1309],[3.0951,45.1195],[3.0866,45.1221],[3.0866,45.1221],[3.0866,45.1221],[3.0867,45.1221],[3.0933,45.0971],[3.0887,45.0918],[3.0869,45.0727],[3.0487,45.0292],[3.028,44.9301],[3.0213,44.9305],[2.9829,44.9104],[2.9201,44.9003],[2.8326,44.8729],[2.8687,44.8143],[2.9541,44.7374],[3.0215,44.73],[3.1615,44.5808],[3.1936,44.5464],[3.2212,44.5299],[3.263,44.5001],[3.2803,44.4816],[3.2202,44.4632],[3.1474,44.4216],[3.0824,44.4302],[3.0305,44.4293],[2.9683,44.4473],[2.9485,44.4588],[2.8717,44.4693],[2.8494,44.4749],[2.8521,44.4942],[2.7937,44.5277],[2.7197,44.57],[2.7583,44.6381],[2.7467,44.7053],[2.6893,44.76],[2.6063,44.7388],[2.6721,44.8608],[2.6412,44.8742],[2.5468,44.9011],[2.4938,44.8983],[2.4303,44.9122],[2.4361,44.973],[2.3536,44.9331],[2.3382,44.9464],[2.3153,44.9766],[2.3888,45.0032],[2.4175,45.0854],[2.3267,45.0693],[2.267,45.1295],[2.164,45.0928],[2.19,45.1404],[2.1606,45.1858],[2.23,45.1914],[2.3054,45.1787],[2.3259,45.2106],[2.2603,45.221],[2.3439,45.3068],[2.4013,45.2726],[2.449,45.3119],[2.4695,45.3177],[2.4876,45.3194],[2.503,45.3214],[2.5517,45.3332],[2.6188,45.2757],[2.6451,45.2861],[2.6158,45.3336],[2.6077,45.3528],[2.6413,45.3515],[2.684,45.3392],[2.7324,45.3315],[2.7383,45.3576],[2.7657,45.3957],[2.7387,45.4126],[2.7398,45.4532],[2.6997,45.4788],[2.666,45.4917],[2.5984,45.4918],[2.5937,45.5162],[2.6044,45.5312],[2.6499,45.5549],[2.6106,45.5683],[2.6187,45.5762],[2.6331,45.59],[2.6378,45.5898],[2.6602,45.5919],[2.6806,45.5949],[2.6895,45.5883],[2.7029,45.5805],[2.7095,45.5839],[2.7194,45.5833],[2.7238,45.5808],[2.7389,45.5948],[2.7211,45.6162],[2.7176,45.6218],[2.7251,45.6262],[2.7302,45.6305],[2.7324,45.6373],[2.7334,45.6444],[2.737,45.6544],[2.7438,45.6607],[2.7557,45.6639],[2.7635,45.6702],[2.7644,45.6761],[2.763,45.6819],[2.765,45.6889],[2.765,45.6891],[2.7656,45.697],[2.7698,45.7031],[2.7762,45.6995],[2.778,45.7043],[2.7772,45.7079],[2.7816,45.712],[2.7893,45.7081],[2.8022,45.712],[2.8038,45.7181],[2.8123,45.7253],[2.8219,45.7278],[2.8294,45.735],[2.8294,45.7426],[2.847,45.7504],[2.8645,45.775],[2.8659,45.7838],[2.8685,45.8007],[2.8791,45.8231],[2.8895,45.8425],[2.9107,45.8489],[2.9147,45.8512],[2.9206,45.853],[2.9253,45.8534],[2.9299,45.8553],[2.9336,45.8564],[2.9372,45.8575],[2.9399,45.8603],[2.9425,45.8626],[2.9426,45.869],[2.9427,45.8746],[2.9447,45.8787],[2.9507,45.887],[2.9608,45.8971],[2.9961,45.8892],[3.014,45.8705],[3.02,45.8681],[3.0386,45.861],[3.0533,45.8592],[3.0615,45.8598],[3.0729,45.873],[3.0873,45.8755],[3.1168,45.8747],[3.1247,45.8682],[3.1227,45.8557],[3.1094,45.8423],[3.101,45.8338],[3.1023,45.8286],[3.1036,45.8269],[3.1045,45.8196],[3.1072,45.8143],[3.1076,45.8116],[3.1106,45.8079],[3.1095,45.804],[3.1099,45.8026],[3.1104,45.8021],[3.1105,45.8007],[3.1097,45.7998],[3.1088,45.7983],[3.1074,45.797],[3.1053,45.795],[3.1036,45.7945],[3.101,45.7943],[3.0985,45.794],[3.0935,45.7935],[3.0844,45.7848],[3.0715,45.7792],[3.0691,45.7785],[3.0901,45.7606],[3.0694,45.732],[3.0724,45.7195],[3.0729,45.7176],[3.0729,45.7047],[3.0729,45.7001],[3.0749,45.6907],[3.0781,45.6756],[3.0786,45.6738],[3.0825,45.6601],[3.0853,45.65],[3.0853,45.65],[3.0859,45.648],[3.0953,45.629],[3.0888,45.6044],[3.0882,45.6041],[3.0735,45.5953],[3.0684,45.5945],[3.0661,45.5941],[3.0487,45.5912],[3.0433,45.5516],[3.0629,45.5445],[3.0837,45.5468],[3.1194,45.5502],[3.1402,45.5494],[3.1644,45.5419],[3.1816,45.5314],[3.185,45.5235],[3.1858,45.5192],[3.1796,45.5113],[3.1656,45.5041],[3.1628,45.4944],[3.1809,45.4845],[3.2137,45.4744],[3.2188,45.4652],[3.2108,45.4562],[3.1873,45.4515],[3.1759,45.4412],[3.1732,45.4333],[3.1791,45.4253],[3.185,45.4118],[3.197,45.402],[3.2156,45.375],[3.2171,45.3591],[3.2152,45.35],[3.2098,45.3378],[3.2079,45.3244],[3.2035,45.3226],[3.2008,45.3116],[3.2023,45.3019],[3.2005,45.2952],[3.2039,45.2903],[3.2194,45.2853],[3.2441,45.2846]]]},"properties":{"code":91,"nom":"Hautes Terres Volcaniques humides","code_her1":3,"nom_her1":"MASSIF CENTRAL SUD"}},{"type":"Feature","geometry":{"type":"Polygon","coordinates":[[[1.8256,45.4638],[1.8617,45.4533],[1.8817,45.4723],[1.9038,45.4495],[1.9118,45.4413],[1.9442,45.4087],[1.9917,45.4045],[1.993,45.4043],[2.0382,45.4216],[2.0436,45.4545],[2.0792,45.4606],[2.0936,45.5082],[2.1111,45.5438],[2.1633,45.514],[2.2297,45.4785],[2.2825,45.5288],[2.2955,45.5893],[2.3387,45.5803],[2.3984,45.5272],[2.425,45.4884],[2.4843,45.4785],[2.5105,45.4834],[2.5194,45.5373],[2.5367,45.5042],[2.6044,45.5312],[2.5937,45.5162],[2.5984,45.4918],[2.666,45.4917],[2.6997,45.4788],[2.7398,45.4532],[2.7387,45.4126],[2.7657,45.3957],[2.7383,45.3576],[2.7324,45.3315],[2.684,45.3392],[2.6413,45.3515],[2.6077,45.3528],[2.6158,45.3336],[2.6451,45.2861],[2.6188,45.2757],[2.5517,45.3332],[2.503,45.3214],[2.4876,45.3194],[2.4695,45.3177],[2.449,45.3119],[2.4013,45.2726],[2.3439,45.3068],[2.2603,45.221],[2.3259,45.2106],[2.3054,45.1787],[2.23,45.1914],[2.1606,45.1858],[2.19,45.1404],[2.164,45.0928],[2.267,45.1295],[2.3267,45.0693],[2.4175,45.0854],[2.3888,45.0032],[2.3153,44.9766],[2.3382,44.9464],[2.3536,44.9331],[2.4361,44.973],[2.4303,44.9122],[2.4938,44.8983],[2.5468,44.9011],[2.6412,44.8742],[2.6721,44.8608],[2.6063,44.7388],[2.6893,44.76],[2.7467,44.7053],[2.7583,44.6381],[2.7197,44.57],[2.7937,44.5277],[2.8521,44.4942],[2.8494,44.4749],[2.7724,44.4943],[2.6491,44.4897],[2.555,44.5075],[2.4607,44.4686],[2.4297,44.4435],[2.414,44.4308],[2.522,44.3652],[2.5517,44.3676],[2.5879,44.3701],[2.616,44.3675],[2.6273,44.3574],[2.6073,44.3299],[2.6077,44.302],[2.6384,44.2886],[2.656,44.2968],[2.6783,44.3623],[2.7074,44.3823],[2.7871,44.3923],[2.8478,44.3688],[2.9464,44.3304],[3.0836,44.2787],[3.077,44.2658],[3.0265,44.2393],[2.9813,44.2248],[2.9835,44.1933],[2.9433,44.1602],[2.9468,44.1297],[2.9376,44.1048],[2.886,44.0773],[2.8414,44.0434],[2.8123,44.0212],[2.9104,43.9541],[2.9228,43.9162],[2.9647,43.8909],[3.0273,43.885],[3.0681,43.8737],[3.1398,43.8805],[3.1552,43.8704],[3.1357,43.8602],[3.0946,43.8494],[3.0653,43.8353],[3.0494,43.8433],[2.9753,43.7878],[2.9388,43.7975],[2.8531,43.7353],[2.7661,43.6456],[2.7711,43.619],[2.6992,43.6107],[2.6585,43.571],[2.5188,43.5868],[2.4453,43.5553],[2.4432,43.5281],[2.4252,43.5155],[2.3878,43.5073],[2.3636,43.5441],[2.3611,43.5556],[2.3576,43.5719],[2.349,43.5951],[2.3214,43.649],[2.264,43.6586],[2.2624,43.6586],[2.2739,43.6803],[2.3032,43.701],[2.3136,43.7211],[2.3041,43.738],[2.272,43.7549],[2.2997,43.77],[2.317,43.7938],[2.343,43.8271],[2.3647,43.8616],[2.3603,43.8923],[2.3361,43.9011],[2.2962,43.9174],[2.251,43.9311],[2.2302,43.9468],[2.2102,43.9543],[2.2154,43.9606],[2.2623,43.9575],[2.2805,43.992],[2.2535,44.0114],[2.2074,44.0339],[2.1426,44.0497],[2.1215,44.0651],[2.1101,44.0689],[2.0467,44.0686],[2.0124,44.0687],[1.9912,44.0754],[1.9916,44.0816],[2.0079,44.0983],[2.0104,44.1042],[1.9946,44.1113],[1.9838,44.1123],[1.959,44.1071],[1.9183,44.0882],[1.897,44.0772],[1.8821,44.0711],[1.8513,44.0645],[1.8414,44.0611],[1.7988,44.0213],[1.7642,43.9982],[1.7015,44.0172],[1.6919,44.0255],[1.6946,44.033],[1.7088,44.0422],[1.7225,44.0472],[1.7637,44.0623],[1.7888,44.0698],[1.8069,44.0874],[1.8273,44.0998],[1.8441,44.1055],[1.8851,44.1104],[1.9019,44.1184],[1.9032,44.1191],[1.9152,44.1398],[1.924,44.1559],[1.9458,44.1858],[1.9379,44.2034],[1.946,44.2208],[1.9546,44.2394],[1.9712,44.2361],[1.9849,44.2559],[1.9991,44.2624],[1.9954,44.2758],[1.9932,44.2839],[2.0043,44.2922],[2.0065,44.3006],[2.0082,44.3048],[2.0027,44.3288],[2.0259,44.335],[2.029,44.3497],[2.0405,44.3544],[2.042,44.3581],[2.0436,44.3581],[2.0748,44.3947],[2.0945,44.407],[2.0953,44.4202],[2.1047,44.4318],[2.1006,44.4446],[2.134,44.4883],[2.1391,44.5221],[2.1334,44.5315],[2.1194,44.5341],[2.1055,44.5139],[2.0943,44.553],[2.0971,44.5615],[2.1028,44.5788],[2.1034,44.58],[2.1058,44.5896],[2.1049,44.5971],[2.0893,44.6075],[2.0508,44.6039],[2.0342,44.615],[2.0203,44.6391],[2.0047,44.6551],[1.9801,44.6694],[1.9689,44.6715],[1.9461,44.6615],[1.9365,44.6752],[1.9286,44.6885],[1.9107,44.7043],[1.9126,44.7043],[1.915,44.7252],[1.9038,44.7344],[1.8778,44.7399],[1.8608,44.7413],[1.8489,44.7486],[1.8483,44.7502],[1.8466,44.8047],[1.8569,44.8175],[1.8682,44.8262],[1.8701,44.8262],[1.8924,44.8436],[1.8959,44.8477],[1.9034,44.8676],[1.901,44.8925],[1.8721,44.9272],[1.8676,44.9329],[1.8538,44.9448],[1.8442,44.9508],[1.812,44.9705],[1.8111,44.9719],[1.8086,45.001],[1.8092,45.0023],[1.8025,45.0216],[1.8012,45.0225],[1.7966,45.025],[1.789,45.0291],[1.777,45.0211],[1.7754,45.0207],[1.7689,45.0047],[1.7627,44.9893],[1.7537,44.9859],[1.7457,44.9935],[1.7167,45.0283],[1.6828,45.048],[1.6447,45.0612],[1.6063,45.0685],[1.5805,45.0779],[1.5695,45.09],[1.5664,45.1004],[1.5898,45.104],[1.6,45.1408],[1.5531,45.1671],[1.5797,45.1838],[1.5845,45.2269],[1.6273,45.2487],[1.6484,45.2779],[1.6772,45.2705],[1.693,45.2959],[1.6712,45.3211],[1.6996,45.3466],[1.7211,45.3582],[1.7208,45.386],[1.7691,45.4065],[1.7706,45.4357],[1.7885,45.4446],[1.7919,45.4598],[1.8256,45.4638]]]},"properties":{"code":93,"nom":"MC versant occidental","code_her1":3,"nom_her1":"MASSIF CENTRAL SUD"}},{"type":"Feature","geometry":{"type":"Polygon","coordinates":[[[6.1648,48.1028],[6.1621,48.0919],[6.1599,48.0833],[6.1372,48.0836],[6.1144,48.0819],[6.1024,48.0934],[6.0745,48.0989],[6.0559,48.1036],[6.0448,48.0972],[6.0381,48.0688],[6.0213,48.0578],[6.0143,48.0522],[6.0057,48.0435],[5.9559,48.037],[5.9477,48.0238],[5.9366,48.0175],[5.944,48.0003],[5.968,47.9807],[5.9764,47.9598],[5.9816,47.9199],[6.0452,47.9215],[6.0755,47.9259],[6.1094,47.9188],[6.1361,47.9097],[6.1483,47.9205],[6.1645,47.9242],[6.1821,47.9117],[6.1976,47.9065],[6.2179,47.9064],[6.2307,47.9012],[6.2502,47.9136],[6.2903,47.9075],[6.317,47.9102],[6.3559,47.9112],[6.3753,47.9117],[6.396,47.8944],[6.3984,47.8795],[6.3848,47.8634],[6.3417,47.853],[6.3021,47.8294],[6.2768,47.8234],[6.2743,47.8114],[6.2927,47.806],[6.3115,47.8047],[6.3672,47.8052],[6.3846,47.8147],[6.399,47.8296],[6.4308,47.8309],[6.4391,47.8247],[6.4498,47.8148],[6.4483,47.806],[6.4491,47.7941],[6.4557,47.7772],[6.4623,47.7598],[6.4997,47.7543],[6.5456,47.7461],[6.5887,47.757],[6.5959,47.7451],[6.5933,47.7286],[6.5919,47.7089],[6.59,47.6822],[6.571,47.6669],[6.5533,47.6545],[6.5442,47.6394],[6.5231,47.6277],[6.4891,47.6083],[6.4742,47.5995],[6.4561,47.6064],[6.4196,47.6058],[6.4053,47.5991],[6.3809,47.5966],[6.3658,47.5999],[6.3533,47.6098],[6.328,47.6072],[6.3135,47.5954],[6.301,47.6087],[6.3136,47.612],[6.2864,47.6288],[6.2961,47.6339],[6.2961,47.6417],[6.2881,47.6558],[6.2696,47.6506],[6.2518,47.6657],[6.2031,47.6552],[6.1909,47.6578],[6.1815,47.6524],[6.1619,47.6217],[6.1433,47.6172],[6.1199,47.6335],[6.0818,47.6411],[6.0694,47.6397],[6.0673,47.6756],[6.0833,47.7198],[6.0712,47.7305],[6.071,47.7365],[6.0449,47.7418],[5.9629,47.7397],[5.8189,47.7495],[5.7267,47.6739],[5.7069,47.6657],[5.7012,47.6743],[5.7112,47.7101],[5.7056,47.7162],[5.6882,47.7086],[5.6265,47.7088],[5.5961,47.6995],[5.5795,47.7001],[5.5634,47.7099],[5.5387,47.7079],[5.5073,47.7044],[5.4922,47.7028],[5.4866,47.7038],[5.4845,47.7151],[5.4462,47.7203],[5.4179,47.7203],[5.3757,47.7138],[5.3671,47.7125],[5.31,47.7036],[5.1953,47.6765],[5.1329,47.689],[5.199,47.7016],[5.2515,47.7193],[5.2431,47.7384],[5.2231,47.7563],[5.2858,47.791],[5.3326,47.7898],[5.3864,47.7884],[5.3731,47.8014],[5.3724,47.8369],[5.3725,47.837],[5.3832,47.8415],[5.4023,47.8607],[5.4469,47.8914],[5.489,47.9176],[5.5329,47.9346],[5.5856,47.9483],[5.6295,47.9653],[5.6427,47.969],[5.6685,47.9763],[5.6925,47.9983],[5.7193,48.0294],[5.7453,48.0468],[5.7699,48.0498],[5.7863,48.0517],[5.8184,48.0599],[5.8582,48.0799],[5.9008,48.1074],[5.9117,48.1322],[5.9511,48.1417],[5.9708,48.1465],[5.993,48.1681],[6.0666,48.1609],[6.0959,48.1314],[6.1239,48.1117],[6.1648,48.1028]]]},"properties":{"code":98,"nom":"Collines sous-Vosgiennes","code_her1":10,"nom_her1":"COTES CALCAIRES EST"}},{"type":"Feature","geometry":{"type":"Polygon","coordinates":[[[-0.7523,42.9685],[-0.7437,42.9742],[-0.6965,42.9771],[-0.6486,42.9674],[-0.6075,42.9426],[-0.5856,42.95],[-0.5493,42.9622],[-0.5096,42.987],[-0.4571,42.9694],[-0.3999,42.9794],[-0.3463,42.9808],[-0.2915,42.9736],[-0.232,42.9419],[-0.1825,42.943],[-0.1647,42.9292],[-0.1248,42.9523],[-0.0941,42.9372],[-0.0657,42.9283],[-0.0278,42.9482],[0.0583,43.0022],[0.0796,43.0074],[0.0999,42.9841],[0.1644,42.987],[0.1949,42.975],[0.2306,42.9409],[0.2807,42.9245],[0.3161,42.8951],[0.3322,42.8654],[0.4156,42.878],[0.4389,42.9527],[0.5129,42.9271],[0.5919,42.8731],[0.6268,42.8563],[0.6796,42.8856],[0.6986,42.8616],[0.676,42.8529],[0.675,42.852],[0.6637,42.8456],[0.6622,42.845],[0.664,42.8378],[0.6677,42.8334],[0.6687,42.8322],[0.6668,42.8209],[0.6653,42.8192],[0.6672,42.8063],[0.668,42.8044],[0.6582,42.7915],[0.6549,42.7835],[0.6545,42.7806],[0.6697,42.7748],[0.669,42.7725],[0.6623,42.7696],[0.6449,42.7625],[0.6445,42.7602],[0.6505,42.7553],[0.6666,42.7516],[0.6802,42.7327],[0.682,42.7254],[0.6761,42.718],[0.6778,42.7124],[0.6856,42.7058],[0.685,42.7018],[0.6805,42.6978],[0.6707,42.696],[0.6516,42.6962],[0.6323,42.7009],[0.604,42.7038],[0.6024,42.7049],[0.5965,42.7037],[0.5934,42.702],[0.5851,42.7015],[0.5629,42.7003],[0.5492,42.6978],[0.5477,42.6966],[0.5462,42.6955],[0.5448,42.6943],[0.5431,42.6931],[0.5303,42.6924],[0.512,42.6932],[0.5035,42.6953],[0.4841,42.7039],[0.4734,42.7043],[0.4719,42.7036],[0.4622,42.699],[0.4485,42.6954],[0.4424,42.6964],[0.437,42.6985],[0.4026,42.6996],[0.401,42.7007],[0.3995,42.7018],[0.3983,42.7124],[0.3943,42.7191],[0.3818,42.7201],[0.3805,42.7205],[0.3789,42.7216],[0.368,42.7282],[0.3649,42.7292],[0.3594,42.729],[0.3537,42.7211],[0.3463,42.7154],[0.3395,42.7135],[0.3334,42.7128],[0.3308,42.7004],[0.3257,42.6941],[0.313,42.6848],[0.304,42.6813],[0.2995,42.6789],[0.2957,42.6783],[0.2877,42.6883],[0.2736,42.6987],[0.2704,42.7026],[0.2673,42.7047],[0.2646,42.7137],[0.2606,42.7187],[0.2536,42.7225],[0.2466,42.7242],[0.2449,42.7242],[0.2275,42.7259],[0.2135,42.7323],[0.1958,42.7365],[0.1803,42.7423],[0.1772,42.7417],[0.1757,42.7406],[0.1683,42.7359],[0.1337,42.724],[0.1274,42.7218],[0.1246,42.7209],[0.1094,42.7183],[0.094,42.7207],[0.0864,42.72],[0.0849,42.7189],[0.0678,42.7078],[0.0557,42.7047],[0.0444,42.7033],[0.0265,42.7102],[0.0199,42.7101],[0.0125,42.6986],[0.0043,42.6931],[-0.016,42.6873],[-0.0207,42.6883],[-0.0222,42.6894],[-0.0238,42.6905],[-0.0262,42.6921],[-0.0522,42.6937],[-0.0538,42.6948],[-0.0554,42.6959],[-0.0569,42.697],[-0.0585,42.6981],[-0.0601,42.6992],[-0.0617,42.7003],[-0.0632,42.7014],[-0.0648,42.7024],[-0.0664,42.7035],[-0.068,42.7058],[-0.0774,42.7112],[-0.0852,42.7138],[-0.0867,42.7149],[-0.0962,42.7208],[-0.1116,42.7419],[-0.1211,42.7495],[-0.1284,42.7584],[-0.1387,42.7666],[-0.1419,42.7704],[-0.1448,42.7727],[-0.1467,42.7743],[-0.1473,42.7756],[-0.1544,42.7915],[-0.1592,42.7982],[-0.1645,42.7969],[-0.1695,42.7889],[-0.1749,42.7882],[-0.192,42.7957],[-0.2054,42.8032],[-0.2277,42.8066],[-0.2379,42.812],[-0.2405,42.8181],[-0.2443,42.8226],[-0.2577,42.825],[-0.2607,42.8268],[-0.2726,42.8331],[-0.3052,42.8441],[-0.3092,42.8473],[-0.3138,42.8467],[-0.3178,42.8475],[-0.3221,42.8447],[-0.3285,42.8339],[-0.3354,42.8348],[-0.3583,42.8331],[-0.3612,42.8308],[-0.3646,42.8217],[-0.3734,42.813],[-0.3815,42.8071],[-0.3861,42.8064],[-0.3938,42.8085],[-0.4016,42.8117],[-0.4017,42.8128],[-0.4184,42.8095],[-0.4318,42.8024],[-0.4402,42.8027],[-0.4613,42.8106],[-0.472,42.8114],[-0.483,42.8162],[-0.4846,42.8173],[-0.487,42.82],[-0.496,42.8238],[-0.5085,42.8211],[-0.5135,42.819],[-0.5197,42.8163],[-0.5268,42.8054],[-0.5304,42.8019],[-0.534,42.7962],[-0.5451,42.7891],[-0.552,42.7906],[-0.5554,42.7927],[-0.5585,42.8113],[-0.5633,42.8151],[-0.5633,42.8162],[-0.5762,42.8142],[-0.5873,42.8071],[-0.5905,42.8081],[-0.5987,42.8191],[-0.6067,42.8262],[-0.615,42.8373],[-0.619,42.8405],[-0.6231,42.846],[-0.6414,42.859],[-0.6469,42.8611],[-0.6505,42.8632],[-0.6603,42.8686],[-0.6646,42.877],[-0.6718,42.8824],[-0.6753,42.8834],[-0.6939,42.8817],[-0.7111,42.8863],[-0.7126,42.8874],[-0.7142,42.8885],[-0.7238,42.8944],[-0.7254,42.8954],[-0.7304,42.9037],[-0.7316,42.9122],[-0.73,42.9235],[-0.7258,42.9309],[-0.7286,42.9399],[-0.7314,42.9436],[-0.7433,42.9594],[-0.7523,42.9685]]]},"properties":{"code":94,"nom":"Pyrenees Etage alpin et subalpin occidental","code_her1":1,"nom_her1":"PYRENEES"}},{"type":"Feature","geometry":{"type":"Polygon","coordinates":[[[0.7885,42.8423],[0.796,42.8747],[0.849,42.9023],[0.9294,42.8655],[0.9302,42.8323],[0.9967,42.8332],[1.0544,42.8465],[1.1145,42.8488],[1.1391,42.8017],[1.2338,42.7837],[1.3606,42.7708],[1.4088,42.836],[1.4641,42.8744],[1.5296,42.799],[1.5216,42.7532],[1.6031,42.7522],[1.6675,42.7447],[1.775,42.7122],[1.8373,42.6904],[1.8993,42.6969],[1.9566,42.773],[2.0317,42.7764],[2.0861,42.7384],[2.051,42.6893],[2.0112,42.6595],[2.0073,42.6594],[2.0067,42.6569],[2.0007,42.6439],[1.9538,42.6099],[1.9523,42.6081],[1.9489,42.6104],[1.9313,42.6187],[1.9112,42.6167],[1.9065,42.6139],[1.9009,42.6109],[1.8937,42.606],[1.8672,42.5902],[1.8464,42.5834],[1.8229,42.5786],[1.7877,42.5752],[1.7815,42.5748],[1.7499,42.5708],[1.7702,42.578],[1.7711,42.5788],[1.7726,42.5799],[1.7741,42.5867],[1.7724,42.5985],[1.7692,42.6075],[1.7677,42.6086],[1.7662,42.6097],[1.7646,42.6108],[1.7524,42.6141],[1.7455,42.6153],[1.7402,42.6163],[1.7358,42.6192],[1.7302,42.623],[1.7142,42.6212],[1.7035,42.625],[1.6897,42.6272],[1.6852,42.6277],[1.6684,42.6253],[1.6462,42.6336],[1.6287,42.6318],[1.6066,42.6327],[1.5943,42.6377],[1.5928,42.6388],[1.5904,42.6416],[1.5897,42.6415],[1.5873,42.6438],[1.5801,42.6548],[1.5719,42.6578],[1.565,42.6572],[1.5373,42.6556],[1.5285,42.6518],[1.5047,42.6532],[1.4949,42.6549],[1.485,42.6548],[1.4798,42.6429],[1.4784,42.6361],[1.4824,42.6266],[1.4833,42.6215],[1.472,42.6107],[1.4607,42.6033],[1.4592,42.6027],[1.4576,42.6067],[1.4453,42.6111],[1.4407,42.6138],[1.4359,42.6278],[1.4281,42.6373],[1.4233,42.6474],[1.4217,42.6547],[1.4123,42.6665],[1.4016,42.6709],[1.4,42.672],[1.3937,42.6815],[1.3912,42.6955],[1.3689,42.7021],[1.3605,42.7053],[1.3573,42.7098],[1.3617,42.7189],[1.3622,42.7291],[1.3584,42.7312],[1.347,42.7317],[1.335,42.7254],[1.2624,42.7223],[1.2479,42.721],[1.2432,42.7288],[1.2325,42.7293],[1.2211,42.7246],[1.1976,42.7199],[1.1847,42.7163],[1.1747,42.7168],[1.14,42.7338],[1.1384,42.7349],[1.1369,42.736],[1.1353,42.7371],[1.1297,42.7495],[1.1234,42.755],[1.1116,42.7717],[1.1005,42.7783],[1.0997,42.7788],[1.0876,42.7861],[1.0799,42.7886],[1.0717,42.7886],[1.0263,42.7886],[1.0102,42.7935],[1.0033,42.794],[0.9912,42.7893],[0.9866,42.7886],[0.985,42.7898],[0.9835,42.7909],[0.9819,42.792],[0.9748,42.8009],[0.9631,42.8092],[0.9585,42.8108],[0.9514,42.8103],[0.9493,42.8101],[0.9456,42.8067],[0.9391,42.7936],[0.9316,42.7879],[0.9285,42.7873],[0.9115,42.7943],[0.9036,42.8055],[0.8958,42.8104],[0.8888,42.8132],[0.8725,42.8219],[0.871,42.823],[0.8694,42.8241],[0.8616,42.8291],[0.8376,42.8352],[0.8117,42.8417],[0.7885,42.8423]]]},"properties":{"code":95,"nom":"Pyrenees Etage alpin et subalpin central","code_her1":1,"nom_her1":"PYRENEES"}},{"type":"Feature","geometry":{"type":"Polygon","coordinates":[[[6.8275,45.716],[6.8114,45.6962],[6.7818,45.65],[6.7232,45.5999],[6.6884,45.5771],[6.6055,45.5631],[6.5502,45.534],[6.5227,45.53],[6.4814,45.534],[6.4754,45.5197],[6.4504,45.5035],[6.4286,45.4801],[6.3951,45.4329],[6.3681,45.4158],[6.3358,45.4048],[6.3,45.3704],[6.2887,45.3513],[6.1993,45.2628],[6.1861,45.2371],[6.1799,45.2019],[6.1131,45.1934],[6.0522,45.1773],[6.0102,45.1445],[5.9335,45.1027],[5.8758,45.0904],[5.8041,45.1053],[5.8012,45.1243],[5.7802,45.13],[5.7681,45.1414],[5.7669,45.1469],[5.7659,45.1516],[5.7794,45.1644],[5.8111,45.1727],[5.8604,45.1963],[5.903,45.2347],[5.9646,45.3092],[6.0357,45.4372],[6.0562,45.4553],[6.084,45.4851],[6.1296,45.5095],[6.1905,45.5388],[6.2114,45.5372],[6.2377,45.5648],[6.2551,45.5684],[6.3438,45.6311],[6.3872,45.6539],[6.39,45.6547],[6.4049,45.6756],[6.4064,45.6777],[6.4111,45.6806],[6.4116,45.6876],[6.446,45.7488],[6.4557,45.7565],[6.4919,45.7844],[6.5071,45.8136],[6.5202,45.8151],[6.6271,45.8416],[6.6394,45.8512],[6.6462,45.8735],[6.6739,45.8457],[6.6846,45.8251],[6.6986,45.7937],[6.7217,45.7674],[6.741,45.7518],[6.7872,45.753],[6.8072,45.7618],[6.8092,45.7465],[6.8229,45.7392],[6.8133,45.7263],[6.8275,45.716]]]},"properties":{"code":101,"nom":"Massif Beaufortain Belledonne","code_her1":2,"nom_her1":"ALPES INTERNES"}},{"type":"Feature","geometry":{"type":"Polygon","coordinates":[[[4.7796,44.7961],[4.7575,44.7575],[4.7485,44.7265],[4.7731,44.7002],[4.7773,44.6784],[4.7702,44.6552],[4.7353,44.6122],[4.6956,44.5589],[4.6841,44.5554],[4.6993,44.5199],[4.6866,44.5086],[4.6909,44.5056],[4.6816,44.4929],[4.6858,44.4801],[4.6936,44.4751],[4.6944,44.4546],[4.6835,44.4319],[4.6592,44.4095],[4.6559,44.3801],[4.642,44.3456],[4.5752,44.2935],[4.5738,44.2869],[4.5638,44.2344],[4.5653,44.1284],[4.5409,44.084],[4.4726,44.0711],[4.3756,44.0485],[4.2711,44.0504],[4.1579,44.0969],[4.1326,44.0608],[4.1023,44.05],[4.0699,44.0072],[4.0823,44.0067],[4.0031,43.9611],[3.9774,43.8894],[3.8548,43.7998],[3.7867,43.6942],[3.7601,43.6764],[3.715,43.6727],[3.6706,43.6249],[3.6692,43.5614],[3.6497,43.5212],[3.6027,43.5586],[3.586,43.5966],[3.6019,43.7042],[3.473,43.7249],[3.5235,43.7575],[3.5659,43.7702],[3.5741,43.7779],[3.5706,43.7873],[3.5606,43.8003],[3.5876,43.85],[3.6054,43.8631],[3.6293,43.8774],[3.6381,43.8802],[3.6494,43.8665],[3.6742,43.878],[3.689,43.934],[3.7096,43.9459],[3.7599,43.981],[3.7667,43.9742],[3.7889,43.9669],[3.7984,43.9653],[3.8046,43.9712],[3.8145,43.9975],[3.8719,44.0873],[3.8777,44.0924],[3.8901,44.1003],[3.9071,44.1112],[3.9251,44.1206],[3.9395,44.1212],[3.9564,44.1297],[3.9816,44.123],[3.9986,44.1267],[4.0074,44.1257],[4.0079,44.1401],[4.0219,44.1631],[4.0374,44.1981],[4.0267,44.2119],[4.0976,44.2035],[4.1113,44.2161],[4.1187,44.2368],[4.1079,44.2482],[4.1225,44.2872],[4.152,44.3027],[4.1624,44.3161],[4.1596,44.3322],[4.1545,44.3458],[4.1495,44.3651],[4.123,44.3752],[4.1135,44.3921],[4.1048,44.3995],[4.1316,44.399],[4.1732,44.4064],[4.1984,44.4283],[4.3068,44.5249],[4.3461,44.5602],[4.3932,44.6242],[4.4153,44.6461],[4.428,44.6563],[4.4477,44.6719],[4.4513,44.6795],[4.4644,44.6947],[4.4788,44.6439],[4.4869,44.6344],[4.5006,44.6332],[4.504,44.6192],[4.5118,44.5998],[4.5242,44.5991],[4.5368,44.6049],[4.5496,44.5953],[4.5592,44.5923],[4.5705,44.5963],[4.5715,44.6047],[4.5783,44.6116],[4.5933,44.593],[4.6044,44.5923],[4.6107,44.6034],[4.6295,44.5815],[4.6429,44.5756],[4.653,44.5815],[4.6595,44.5959],[4.656,44.6076],[4.6222,44.6439],[4.6342,44.6468],[4.6642,44.6472],[4.6795,44.6529],[4.6773,44.6614],[4.6555,44.6735],[4.6182,44.6739],[4.6131,44.6786],[4.6323,44.6897],[4.6347,44.6945],[4.6225,44.699],[4.5737,44.7037],[4.5436,44.7109],[4.5047,44.718],[4.5268,44.716],[4.5518,44.7227],[4.5866,44.7509],[4.6043,44.7378],[4.6692,44.7496],[4.6821,44.7563],[4.7166,44.7433],[4.7084,44.7575],[4.7112,44.7677],[4.718,44.7744],[4.7349,44.7831],[4.7348,44.7817],[4.7599,44.7936],[4.7796,44.7961]]]},"properties":{"code":104,"nom":"Garrigues sub cevenoles","code_her1":6,"nom_her1":"MEDITERRANEEN"}},{"type":"Feature","geometry":{"type":"Polygon","coordinates":[[[7.4962,43.8508],[7.4671,43.848],[7.4579,43.826],[7.4143,43.8429],[7.4022,43.8736],[7.3496,43.9096],[7.3779,43.9389],[7.3752,43.9394],[7.333,44.0115],[7.295,43.9943],[7.2137,43.9906],[7.1508,44.0373],[7.0912,44.0268],[7.0267,44.031],[6.96,44.009],[6.8797,44.0168],[6.8477,44.0737],[6.7649,44.0259],[6.7217,44.0174],[6.6691,44.0181],[6.6281,44.0372],[6.6016,44.0768],[6.6012,44.077],[6.582,44.0761],[6.5784,44.1034],[6.5499,44.1051],[6.4595,44.102],[6.4361,44.1069],[6.4257,44.1173],[6.4251,44.1284],[6.457,44.1635],[6.4838,44.2038],[6.4827,44.227],[6.4784,44.2453],[6.4542,44.2593],[6.413,44.2709],[6.4092,44.2833],[6.4147,44.3003],[6.4121,44.3168],[6.3634,44.3805],[6.3519,44.4155],[6.3578,44.4271],[6.3923,44.4468],[6.3934,44.4631],[6.3571,44.4881],[6.3954,44.5085],[6.4547,44.5018],[6.477,44.511],[6.5387,44.5195],[6.5389,44.555],[6.5215,44.5785],[6.5227,44.5939],[6.5313,44.6072],[6.527,44.6183],[6.5088,44.6135],[6.4645,44.566],[6.4463,44.5604],[6.4131,44.5589],[6.3948,44.5705],[6.3834,44.5709],[6.3747,44.5557],[6.3591,44.5518],[6.3079,44.5664],[6.2686,44.5687],[6.2235,44.5785],[6.2056,44.5921],[6.1998,44.594],[6.19,44.6155],[6.1956,44.6354],[6.2092,44.648],[6.2397,44.66],[6.259,44.6745],[6.2553,44.6779],[6.2984,44.6834],[6.3909,44.6856],[6.4397,44.694],[6.4735,44.7113],[6.5115,44.7322],[6.5389,44.7516],[6.536,44.7823],[6.5377,44.8045],[6.5438,44.834],[6.5548,44.8577],[6.5748,44.8811],[6.5914,44.8934],[6.5949,44.9053],[6.5934,44.9193],[6.5869,44.9372],[6.5601,44.9624],[6.505,44.9951],[6.452,45.0398],[6.3986,45.0612],[6.3473,45.0643],[6.4342,45.0781],[6.4776,45.0754],[6.5245,45.0741],[6.5241,45.0882],[6.5302,45.093],[6.634,45.1077],[6.6753,45.0226],[6.7477,45.017],[6.7517,44.9979],[6.7405,44.9968],[6.7402,44.9921],[6.753,44.9853],[6.7702,44.9649],[6.7532,44.9467],[6.7545,44.9072],[6.7764,44.9032],[6.8406,44.8604],[6.8917,44.8488],[6.9169,44.8462],[6.9351,44.8644],[6.9918,44.8462],[7.0075,44.8432],[7.0279,44.8227],[7.0066,44.7894],[7.0298,44.7701],[7.0379,44.7232],[7.0706,44.7121],[7.0867,44.6799],[7.0324,44.6917],[7.0078,44.6872],[6.9983,44.6923],[6.9639,44.678],[6.9639,44.664],[6.9621,44.6632],[6.9558,44.6554],[6.9586,44.6469],[6.9636,44.6415],[6.9662,44.6388],[6.9708,44.6287],[6.9736,44.6217],[6.9374,44.5964],[6.9353,44.5713],[6.8637,44.5309],[6.8606,44.5058],[6.8862,44.4833],[6.9112,44.4679],[6.9137,44.4597],[6.9198,44.449],[6.9486,44.4384],[6.9499,44.4273],[6.9048,44.42],[6.8928,44.3603],[6.9224,44.3457],[6.9642,44.3132],[6.9627,44.2951],[7.0006,44.2814],[7.0057,44.2418],[7.0217,44.2312],[7.0355,44.2322],[7.042,44.222],[7.0777,44.2326],[7.1467,44.2016],[7.197,44.1993],[7.2002,44.1871],[7.2123,44.1805],[7.2239,44.1686],[7.2433,44.1745],[7.2642,44.1486],[7.346,44.1456],[7.3613,44.1161],[7.3952,44.1191],[7.4316,44.1144],[7.433,44.1274],[7.5699,44.1533],[7.6199,44.1478],[7.6346,44.1593],[7.6773,44.1428],[7.6759,44.1171],[7.6855,44.1153],[7.7209,44.0815],[7.7075,44.0397],[7.6684,44.0265],[7.6671,44.0122],[7.676,43.9958],[7.6418,43.967],[7.5949,43.9526],[7.5716,43.9427],[7.5677,43.901],[7.507,43.8811],[7.4962,43.8508]]]},"properties":{"code":107,"nom":"Alpes Internes du Sud","code_her1":2,"nom_her1":"ALPES INTERNES"}},{"type":"Feature","geometry":{"type":"Polygon","coordinates":[[[6.9261,47.6811],[6.9232,47.669],[6.9216,47.6624],[6.9213,47.6611],[6.9208,47.659],[6.9178,47.6462],[6.884,47.6187],[6.8463,47.5419],[6.839,47.532],[6.8337,47.5257],[6.8125,47.5104],[6.8086,47.4965],[6.8163,47.4931],[6.8149,47.4885],[6.7724,47.4909],[6.7064,47.4796],[6.6315,47.4513],[6.6173,47.4468],[6.5826,47.4662],[6.5252,47.4415],[6.4847,47.3865],[6.4586,47.3802],[6.2784,47.3337],[6.1975,47.3032],[6.1194,47.2812],[6.0795,47.2731],[5.9191,47.1929],[5.8198,47.18],[5.79,47.1777],[5.7288,47.151],[5.7028,47.1517],[5.673,47.1425],[5.6492,47.1494],[5.6119,47.1438],[5.5914,47.1379],[5.578,47.1359],[5.5443,47.1137],[5.5396,47.1],[5.515,47.0946],[5.4979,47.0963],[5.4618,47.072],[5.4459,47.0611],[5.4236,47.0703],[5.4502,47.1243],[5.4813,47.1313],[5.4918,47.134],[5.4916,47.1584],[5.5088,47.1852],[5.5012,47.1912],[5.5059,47.2028],[5.5233,47.2196],[5.5789,47.2379],[5.6144,47.2417],[5.6218,47.2558],[5.5905,47.258],[5.571,47.2724],[5.569,47.2835],[5.5751,47.2944],[5.5891,47.3014],[5.5968,47.3255],[5.5956,47.3334],[5.6521,47.3636],[5.6438,47.3436],[5.7581,47.3903],[5.788,47.3876],[5.8578,47.4245],[5.8693,47.4351],[5.8719,47.4516],[5.8865,47.4659],[5.9038,47.4644],[5.9494,47.4918],[5.9756,47.493],[6.0068,47.504],[6.0045,47.5454],[6.0462,47.583],[6.0522,47.6127],[6.0894,47.6145],[6.1027,47.6085],[6.1308,47.6087],[6.1433,47.6172],[6.1619,47.6217],[6.1815,47.6524],[6.1909,47.6578],[6.2031,47.6552],[6.2518,47.6657],[6.2696,47.6506],[6.2881,47.6558],[6.2961,47.6417],[6.2961,47.6339],[6.2864,47.6288],[6.3136,47.612],[6.301,47.6087],[6.3135,47.5954],[6.328,47.6072],[6.3533,47.6098],[6.3658,47.5999],[6.3809,47.5966],[6.4053,47.5991],[6.4196,47.6058],[6.4561,47.6064],[6.4742,47.5995],[6.4891,47.6083],[6.5228,47.5957],[6.531,47.5927],[6.5468,47.5868],[6.551,47.58],[6.5582,47.5832],[6.5683,47.5688],[6.5767,47.5607],[6.5895,47.5646],[6.6178,47.5737],[6.6253,47.5761],[6.6271,47.5733],[6.6454,47.5688],[6.6638,47.5812],[6.7016,47.5886],[6.7193,47.5999],[6.7238,47.61],[6.7554,47.6334],[6.7768,47.6366],[6.8063,47.6441],[6.8147,47.6467],[6.8262,47.6502],[6.8509,47.6589],[6.8707,47.6659],[6.8948,47.6743],[6.9272,47.6857],[6.9261,47.6811]]]},"properties":{"code":75,"nom":"Collines de Haute-Saone","code_her1":10,"nom_her1":"COTES CALCAIRES EST"}},{"type":"Feature","geometry":{"type":"Polygon","coordinates":[[[7.3496,43.9096],[7.4022,43.8736],[7.4143,43.8429],[7.4579,43.826],[7.4671,43.848],[7.4962,43.8508],[7.5129,43.8244],[7.5176,43.8075],[7.5311,43.7891],[7.5241,43.7811],[7.4882,43.7654],[7.4824,43.7475],[7.4621,43.7607],[7.4396,43.748],[7.4099,43.7199],[7.388,43.7202],[7.3711,43.7179],[7.3641,43.7213],[7.349,43.7167],[7.3372,43.7013],[7.3517,43.687],[7.3267,43.6768],[7.3258,43.7018],[7.3201,43.7082],[7.3088,43.6981],[7.3093,43.692],[7.2983,43.6857],[7.2877,43.6952],[7.239,43.6876],[7.2257,43.667],[7.2018,43.656],[7.1821,43.6569],[7.1526,43.6536],[7.1324,43.6242],[7.1287,43.5783],[7.1473,43.5531],[7.1237,43.5459],[7.1111,43.5691],[7.0904,43.5708],[7.0374,43.5415],[7.036,43.5473],[7.0324,43.5625],[6.9791,43.5722],[6.9305,43.6185],[6.9143,43.6278],[6.8902,43.6227],[6.8553,43.6303],[6.8088,43.5991],[6.7739,43.5845],[6.7,43.5691],[6.6672,43.5815],[6.6136,43.5885],[6.5836,43.5713],[6.5483,43.5051],[6.5278,43.5022],[6.5105,43.4722],[6.4236,43.4608],[6.4016,43.4112],[6.2872,43.3897],[6.2905,43.3405],[6.2729,43.3288],[6.2648,43.3082],[6.2088,43.3017],[6.1429,43.2967],[6.1064,43.2783],[6.0781,43.256],[6.0678,43.2281],[6.046,43.2018],[6.046,43.176],[6.0212,43.156],[5.9783,43.1391],[5.9344,43.1184],[5.887,43.1193],[5.8496,43.1188],[5.8146,43.1212],[5.8052,43.1133],[5.7734,43.1192],[5.7846,43.1332],[5.773,43.1396],[5.7311,43.1372],[5.6944,43.1459],[5.684,43.1613],[5.697,43.1659],[5.6903,43.1808],[5.6212,43.1844],[5.607,43.1627],[5.5594,43.1881],[5.5462,43.2102],[5.5361,43.2097],[5.5094,43.1991],[5.4252,43.2107],[5.3374,43.2116],[5.3304,43.2164],[5.3777,43.2506],[5.3725,43.2689],[5.3477,43.2809],[5.3637,43.3183],[5.3425,43.3476],[5.3091,43.3637],[5.2298,43.3326],[5.089,43.3306],[5.0421,43.3284],[5.0191,43.3463],[5.0268,43.3552],[4.996,43.3855],[5.0274,43.3876],[5.0487,43.3851],[5.1901,43.3685],[5.2377,43.3801],[5.3648,43.4166],[5.4584,43.4344],[5.5012,43.4645],[5.5602,43.4671],[5.5846,43.4711],[5.5768,43.4842],[5.5543,43.5139],[5.4989,43.5755],[5.4987,43.5935],[5.4987,43.5938],[5.5097,43.6067],[5.6152,43.6236],[5.6437,43.61],[5.6646,43.6124],[5.6774,43.619],[5.6775,43.6442],[5.685,43.653],[5.7033,43.6617],[5.7301,43.6828],[5.758,43.7046],[5.7989,43.7046],[5.8175,43.7124],[5.8412,43.7146],[5.8642,43.727],[5.8838,43.7473],[5.9048,43.759],[5.9235,43.7546],[5.9459,43.7605],[5.9851,43.7388],[5.9942,43.7269],[6.0502,43.7092],[6.0768,43.714],[6.093,43.7364],[6.1318,43.7378],[6.144,43.7304],[6.1588,43.7101],[6.165,43.7013],[6.1576,43.6533],[6.1652,43.6419],[6.2979,43.5909],[6.4398,43.576],[6.5266,43.6053],[6.5832,43.6185],[6.6464,43.6487],[6.6872,43.6458],[6.7303,43.6551],[6.7598,43.6847],[6.8866,43.6585],[6.9618,43.707],[7.0321,43.7151],[7.0965,43.7332],[7.1631,43.7574],[7.1719,43.8211],[7.192,43.8499],[7.1979,43.8606],[7.2734,43.8685],[7.3032,43.9118],[7.3496,43.9096]]]},"properties":{"code":112,"nom":"Collines calcaires de basse provence","code_her1":6,"nom_her1":"MEDITERRANEEN"}},{"type":"Feature","geometry":{"type":"Polygon","coordinates":[[[7.5345,47.5655],[7.4891,47.5593],[7.4789,47.5569],[7.4751,47.552],[7.4757,47.5412],[7.4819,47.5353],[7.5125,47.5329],[7.5217,47.5336],[7.5213,47.5291],[7.5177,47.5264],[7.5125,47.5177],[7.5118,47.5165],[7.5087,47.5014],[7.5074,47.4929],[7.4946,47.4855],[7.4908,47.4834],[7.4827,47.4788],[7.4646,47.4852],[7.4631,47.4864],[7.4615,47.4876],[7.4602,47.4882],[7.4447,47.4935],[7.4381,47.4948],[7.4309,47.4857],[7.3155,47.507],[7.2277,47.5037],[7.2057,47.504],[7.1712,47.5044],[7.1521,47.4975],[7.106,47.4956],[7.0789,47.4892],[7.045,47.4987],[7.0287,47.5017],[6.9899,47.4943],[6.9666,47.5044],[6.9589,47.5076],[6.964,47.5258],[6.9569,47.5313],[6.9268,47.5361],[6.9397,47.4981],[6.9271,47.488],[6.9051,47.489],[6.8943,47.4775],[6.8571,47.485],[6.8402,47.4973],[6.8388,47.498],[6.8163,47.4931],[6.8086,47.4965],[6.8125,47.5104],[6.8337,47.5257],[6.839,47.532],[6.8463,47.5419],[6.884,47.6187],[6.9178,47.6462],[6.9208,47.659],[6.9213,47.6611],[6.9216,47.6624],[6.9232,47.669],[6.9261,47.6811],[6.9663,47.702],[6.9722,47.7139],[6.9722,47.7208],[6.9721,47.7314],[6.998,47.7424],[7.0139,47.7532],[7.0372,47.7549],[7.0534,47.7484],[7.1256,47.7083],[7.15,47.6734],[7.2407,47.669],[7.3398,47.7379],[7.3833,47.7571],[7.4185,47.7443],[7.4076,47.6963],[7.4367,47.6739],[7.4594,47.6505],[7.4914,47.6203],[7.4913,47.6053],[7.5037,47.5963],[7.5345,47.5655]]]},"properties":{"code":73,"nom":"Collines du Sundgau","code_her1":18,"nom_her1":"ALSACE"}},{"type":"Feature","geometry":{"type":"MultiPolygon","coordinates":[[[[7.3155,47.507],[7.4309,47.4857],[7.4556,47.4725],[7.4473,47.4641],[7.4317,47.456],[7.4049,47.4383],[7.3799,47.4306],[7.3368,47.4404],[7.3254,47.4391],[7.2479,47.4232],[7.2388,47.4348],[7.2374,47.4365],[7.2117,47.435],[7.1752,47.4417],[7.1783,47.451],[7.1834,47.4605],[7.1879,47.4724],[7.1952,47.4879],[7.2047,47.4893],[7.2076,47.4928],[7.2079,47.4964],[7.2044,47.4966],[7.1716,47.4887],[7.1521,47.4975],[7.1712,47.5044],[7.2057,47.504],[7.2277,47.5037],[7.3155,47.507]]],[[[6.9899,47.4943],[6.9907,47.4736],[7.0055,47.4596],[7.0057,47.4515],[6.9889,47.4469],[6.9759,47.4463],[6.9669,47.4341],[6.9452,47.4338],[6.9406,47.4056],[6.9206,47.4044],[6.9162,47.3953],[6.9138,47.385],[6.8979,47.3807],[6.8843,47.3692],[6.8863,47.3536],[6.9098,47.3569],[6.9404,47.3551],[7.0047,47.3634],[7.0121,47.3713],[7.0472,47.3636],[7.0598,47.347],[6.9664,47.332],[6.8962,47.3115],[6.8003,47.2753],[6.7218,47.2418],[6.6332,47.2019],[6.5328,47.1657],[6.4196,47.1199],[6.376,47.0899],[6.3396,47.0596],[6.3061,47.0341],[6.2756,47.0153],[6.2354,46.9967],[6.1964,46.9947],[6.1643,46.9875],[6.1011,46.953],[6.0564,46.9183],[6.0106,46.8712],[5.9785,46.8257],[5.9504,46.7684],[5.898,46.7069],[5.8303,46.6309],[5.8062,46.5934],[5.7742,46.5446],[5.7498,46.4936],[5.7359,46.4726],[5.7151,46.4466],[5.7109,46.4185],[5.6994,46.3873],[5.6806,46.3546],[5.6485,46.3007],[5.6328,46.2796],[5.5815,46.2628],[5.5499,46.2554],[5.5236,46.2561],[5.4891,46.2388],[5.4601,46.1914],[5.46,46.1483],[5.4672,46.1082],[5.4693,46.0616],[5.4668,46.0584],[5.4269,46.0604],[5.4228,46.0647],[5.401,46.0532],[5.3797,46.0597],[5.3582,46.073],[5.3375,46.0777],[5.3231,46.0879],[5.3215,46.0999],[5.3219,46.1123],[5.3176,46.149],[5.3178,46.1684],[5.3203,46.1831],[5.3553,46.2878],[5.3613,46.3174],[5.3386,46.3543],[5.3328,46.4319],[5.3335,46.4625],[5.3399,46.4744],[5.3723,46.5051],[5.3887,46.5144],[5.3951,46.5248],[5.4038,46.539],[5.4137,46.5734],[5.477,46.6073],[5.505,46.6574],[5.5206,46.6674],[5.5211,46.6733],[5.5046,46.6722],[5.5183,46.7401],[5.5407,46.763],[5.5553,46.7919],[5.5597,46.8007],[5.5908,46.8368],[5.6117,46.8611],[5.6157,46.869],[5.6263,46.8708],[5.677,46.9379],[5.7114,46.9588],[5.7136,46.9664],[5.747,46.9749],[5.7791,46.9945],[5.7859,47.0209],[5.7816,47.0287],[5.7921,47.032],[5.7861,47.0507],[5.7806,47.0671],[5.8182,47.124],[5.8248,47.1348],[5.8326,47.1472],[5.8198,47.18],[5.9191,47.1929],[6.0795,47.2731],[6.1194,47.2812],[6.1975,47.3032],[6.2784,47.3337],[6.4586,47.3802],[6.4847,47.3865],[6.5252,47.4415],[6.5826,47.4662],[6.6173,47.4468],[6.6315,47.4513],[6.7064,47.4796],[6.7724,47.4909],[6.8149,47.4885],[6.8163,47.4931],[6.8388,47.498],[6.8402,47.4973],[6.8571,47.485],[6.8943,47.4775],[6.9051,47.489],[6.9271,47.488],[6.9397,47.4981],[6.9268,47.5361],[6.9569,47.5313],[6.964,47.5258],[6.9589,47.5076],[6.9666,47.5044],[6.9899,47.4943]]]]},"properties":{"code":2,"nom":"Jura premier plateau","code_her1":5,"nom_her1":"JURA-PREALPES DU NORD"}},{"type":"Feature","geometry":{"type":"Polygon","coordinates":[[[3.3912,43.7312],[3.3683,43.7361],[3.3754,43.7574],[3.3526,43.7669],[3.3245,43.7643],[3.2982,43.7183],[3.2695,43.6779],[3.2245,43.6533],[3.2395,43.6338],[3.2911,43.6028],[3.2274,43.5959],[3.155,43.603],[3.1388,43.6253],[3.1877,43.6628],[3.2019,43.6785],[3.1961,43.7136],[3.1648,43.7388],[3.115,43.7494],[3.1105,43.7848],[3.0653,43.8353],[3.0946,43.8494],[3.1357,43.8602],[3.1552,43.8704],[3.2349,43.8672],[3.3461,43.9432],[3.3494,43.9766],[3.4316,43.979],[3.4626,43.975],[3.4901,43.9633],[3.496,43.9584],[3.516,43.9514],[3.5429,43.9498],[3.5946,43.9519],[3.6382,43.9596],[3.644,43.9536],[3.6437,43.9458],[3.6381,43.9299],[3.6307,43.9268],[3.6104,43.9166],[3.5768,43.8845],[3.5641,43.8666],[3.562,43.8493],[3.5876,43.85],[3.5606,43.8003],[3.5706,43.7873],[3.5741,43.7779],[3.5659,43.7702],[3.5235,43.7575],[3.473,43.7249],[3.4174,43.7432],[3.3912,43.7312]]]},"properties":{"code":115,"nom":"Causses cevenoles","code_her1":19,"nom_her1":"GRANDS CAUSSES"}},{"type":"Feature","geometry":{"type":"Polygon","coordinates":[[[-0.6329,43.1332],[-0.5933,43.119],[-0.5871,43.1192],[-0.5805,43.1195],[-0.5684,43.1201],[-0.5422,43.1111],[-0.5249,43.1098],[-0.5142,43.1091],[-0.4702,43.1048],[-0.4559,43.1024],[-0.4441,43.1004],[-0.433,43.0985],[-0.4212,43.0981],[-0.4197,43.098],[-0.4129,43.0978],[-0.4053,43.0987],[-0.3521,43.0971],[-0.287,43.0939],[-0.2553,43.0924],[-0.2258,43.0938],[-0.202,43.0972],[-0.18,43.1003],[-0.1641,43.0946],[-0.1409,43.0856],[-0.0978,43.0891],[-0.0829,43.0942],[-0.0592,43.1005],[-0.0179,43.0992],[-0.0196,43.0676],[-0.0036,43.062],[0.0211,43.057],[0.0554,43.0508],[0.1112,43.1039],[0.1673,43.0791],[0.2663,43.109],[0.3136,43.0996],[0.3379,43.0887],[0.3552,43.0648],[0.3709,43.0868],[0.3983,43.0944],[0.4389,43.1006],[0.4532,43.0979],[0.4956,43.0893],[0.5272,43.0815],[0.5417,43.0661],[0.5977,43.0642],[0.661,43.0711],[0.7287,43.0605],[0.7806,43.0496],[0.8358,43.0649],[0.8506,43.0631],[0.8618,43.0509],[0.8877,43.0511],[0.9176,43.0443],[0.9411,43.044],[0.9697,43.0449],[1.0001,43.0429],[1.0122,43.03],[1.0487,43.0151],[1.0633,42.9998],[1.0768,42.9981],[1.098,42.9903],[1.1155,42.9973],[1.1538,42.9749],[1.2086,42.9712],[1.2664,42.9804],[1.3134,42.9883],[1.3403,42.9848],[1.3681,42.982],[1.395,42.9829],[1.4285,42.9899],[1.4721,42.9977],[1.504,43.0035],[1.5293,43.0],[1.5382,42.9661],[1.5577,42.9515],[1.6072,42.9555],[1.6362,42.9205],[1.6523,42.9095],[1.7119,42.9167],[1.7767,42.9051],[1.8025,42.9012],[1.8177,42.8971],[1.8854,42.8862],[1.9149,42.8825],[1.9783,42.8938],[2.0246,42.8985],[2.0306,42.8991],[2.0566,42.8947],[2.1704,42.8796],[2.213,42.8805],[2.2906,42.8732],[2.3515,42.8426],[2.3578,42.8395],[2.3683,42.8113],[2.3481,42.7952],[2.3649,42.747],[2.4554,42.7371],[2.4654,42.721],[2.1077,42.7428],[2.0861,42.7384],[2.0317,42.7764],[1.9566,42.773],[1.8993,42.6969],[1.8373,42.6904],[1.775,42.7122],[1.6675,42.7447],[1.6031,42.7522],[1.5216,42.7532],[1.5296,42.799],[1.4641,42.8744],[1.4088,42.836],[1.3606,42.7708],[1.2338,42.7837],[1.1391,42.8017],[1.1145,42.8488],[1.0544,42.8465],[0.9967,42.8332],[0.9302,42.8323],[0.9294,42.8655],[0.849,42.9023],[0.796,42.8747],[0.7885,42.8423],[0.7694,42.8429],[0.7579,42.8449],[0.7261,42.8579],[0.7245,42.859],[0.7175,42.8629],[0.7146,42.8627],[0.6986,42.8616],[0.6796,42.8856],[0.6268,42.8563],[0.5919,42.8731],[0.5129,42.9271],[0.4389,42.9527],[0.4156,42.878],[0.3322,42.8654],[0.3161,42.8951],[0.2807,42.9245],[0.2306,42.9409],[0.1949,42.975],[0.1644,42.987],[0.0999,42.9841],[0.0796,43.0074],[0.0583,43.0022],[-0.0278,42.9482],[-0.0657,42.9283],[-0.0941,42.9372],[-0.1248,42.9523],[-0.1647,42.9292],[-0.1825,42.943],[-0.232,42.9419],[-0.2915,42.9736],[-0.3463,42.9808],[-0.3999,42.9794],[-0.4571,42.9694],[-0.5096,42.987],[-0.5493,42.9622],[-0.5856,42.95],[-0.6075,42.9426],[-0.6486,42.9674],[-0.6965,42.9771],[-0.7437,42.9742],[-0.7523,42.9685],[-0.7627,42.9692],[-0.7851,42.9669],[-0.8047,42.9573],[-0.8107,42.9548],[-0.8198,42.9529],[-0.83,42.956],[-0.8498,42.9536],[-0.8807,42.9583],[-0.9,42.9588],[-0.9015,42.9594],[-0.9025,42.9617],[-0.9042,42.966],[-0.9065,42.9665],[-0.9119,42.9664],[-0.9134,42.9652],[-0.9274,42.9552],[-0.9312,42.9545],[-0.9427,42.9558],[-0.9561,42.9604],[-1.0004,42.9827],[-1.0045,42.9876],[-1.0085,42.9909],[-1.0137,42.9997],[-1.0318,42.9946],[-1.0395,42.9944],[-1.0431,42.9955],[-1.0606,43.001],[-1.0699,43.003],[-1.0739,43.0045],[-1.0772,43.0089],[-1.0791,43.0151],[-1.0894,43.0161],[-1.1,43.0172],[-1.1063,43.0204],[-1.1089,43.0248],[-1.118,43.0222],[-1.1246,43.0181],[-1.126,43.0158],[-1.1326,43.0105],[-1.1354,43.0064],[-1.1384,43.0041],[-1.1407,43.0045],[-1.1477,43.0178],[-1.1498,43.0274],[-1.1539,43.0317],[-1.1603,43.036],[-1.1642,43.0356],[-1.1672,43.0352],[-1.1687,43.034],[-1.1738,43.0299],[-1.1776,43.0304],[-1.181,43.0348],[-1.1897,43.039],[-1.1913,43.04],[-1.2022,43.0457],[-1.2151,43.0532],[-1.2373,43.0491],[-1.2416,43.0456],[-1.2655,43.0451],[-1.2682,43.052],[-1.2758,43.0621],[-1.293,43.067],[-1.308,43.0704],[-1.2925,43.0946],[-1.2776,43.1143],[-1.2797,43.1221],[-1.2627,43.1301],[-1.2109,43.1268],[-1.1895,43.1315],[-1.152,43.1407],[-1.1618,43.1608],[-1.1088,43.1707],[-1.0642,43.1784],[-1.0458,43.1769],[-1.0285,43.1712],[-1.0129,43.1686],[-0.9916,43.1662],[-0.9589,43.1497],[-0.9196,43.1421],[-0.8858,43.1256],[-0.8719,43.091],[-0.8305,43.0988],[-0.7856,43.0979],[-0.7526,43.0945],[-0.7283,43.0865],[-0.7076,43.0973],[-0.6739,43.0993],[-0.6558,43.1148],[-0.6329,43.1332]]]},"properties":{"code":96,"nom":"Pyrenees Etage montagnard","code_her1":1,"nom_her1":"PYRENEES"}},{"type":"Feature","geometry":{"type":"Polygon","coordinates":[[[-1.117,43.3583],[-1.0491,43.3298],[-0.9829,43.295],[-0.9173,43.2694],[-0.8719,43.2646],[-0.8214,43.2438],[-0.7683,43.2131],[-0.716,43.197],[-0.6604,43.1778],[-0.6149,43.1484],[-0.6329,43.1332],[-0.6558,43.1148],[-0.6739,43.0993],[-0.7076,43.0973],[-0.7283,43.0865],[-0.7526,43.0945],[-0.7856,43.0979],[-0.8305,43.0988],[-0.8719,43.091],[-0.8858,43.1256],[-0.9196,43.1421],[-0.9589,43.1497],[-0.9916,43.1662],[-1.0129,43.1686],[-1.0285,43.1712],[-1.0458,43.1769],[-1.0642,43.1784],[-1.1088,43.1707],[-1.1618,43.1608],[-1.152,43.1407],[-1.1895,43.1315],[-1.2109,43.1268],[-1.2627,43.1301],[-1.2797,43.1221],[-1.2781,43.1385],[-1.3056,43.1644],[-1.3481,43.1709],[-1.3515,43.2149],[-1.3685,43.2558],[-1.3874,43.2959],[-1.4082,43.2999],[-1.4383,43.3089],[-1.4528,43.2745],[-1.4838,43.2831],[-1.5051,43.2968],[-1.5337,43.2968],[-1.5516,43.2929],[-1.5574,43.2852],[-1.5593,43.28],[-1.5715,43.2558],[-1.6099,43.256],[-1.628,43.2796],[-1.6264,43.3071],[-1.6785,43.3154],[-1.703,43.3092],[-1.7264,43.3001],[-1.7333,43.3081],[-1.745,43.3275],[-1.7545,43.3422],[-1.7576,43.347],[-1.7583,43.3481],[-1.7321,43.3499],[-1.6859,43.3358],[-1.6223,43.3448],[-1.5915,43.3635],[-1.5929,43.362],[-1.5596,43.3517],[-1.5403,43.3301],[-1.4562,43.3308],[-1.3749,43.359],[-1.2978,43.3885],[-1.2389,43.3897],[-1.1949,43.375],[-1.117,43.3583]]]},"properties":{"code":69,"nom":"Bordure Pyr�n�enne atlantique","code_her1":1,"nom_her1":"PYRENEES"}},{"type":"Feature","geometry":{"type":"Polygon","coordinates":[[[2.4654,42.721],[2.4788,42.7099],[2.4921,42.6951],[2.4938,42.6827],[2.4452,42.6704],[2.4686,42.6469],[2.5288,42.6617],[2.5622,42.6468],[2.5771,42.6047],[2.5737,42.5801],[2.607,42.5565],[2.6085,42.5293],[2.682,42.4641],[2.6309,42.4522],[2.5835,42.4278],[2.5687,42.4137],[2.4544,42.369],[2.4368,42.3726],[2.4353,42.388],[2.4338,42.3903],[2.4254,42.397],[2.4095,42.3953],[2.3905,42.4015],[2.386,42.4032],[2.3654,42.4054],[2.3639,42.4065],[2.3502,42.4155],[2.3419,42.4189],[2.338,42.4235],[2.3308,42.4279],[2.3289,42.429],[2.3206,42.429],[2.313,42.4245],[2.2628,42.4407],[2.2583,42.4413],[2.2567,42.4401],[2.2552,42.439],[2.2537,42.4379],[2.2454,42.4322],[2.2029,42.4214],[2.1923,42.4203],[2.177,42.4236],[2.1711,42.4236],[2.1576,42.4235],[2.1406,42.4196],[2.1391,42.4185],[2.1365,42.416],[2.1301,42.4027],[2.1262,42.3964],[2.1248,42.3942],[2.1218,42.3875],[2.1165,42.3829],[2.0999,42.3767],[2.0938,42.3744],[2.0757,42.3659],[2.0567,42.3591],[2.0348,42.3556],[2.0315,42.3554],[2.0181,42.3544],[2.0036,42.3617],[1.9838,42.3745],[1.9822,42.3757],[1.9799,42.3785],[1.9715,42.3846],[1.9645,42.4037],[1.9621,42.4172],[1.9606,42.4189],[1.9619,42.4252],[1.9484,42.4301],[1.9468,42.4312],[1.9444,42.445],[1.9413,42.4482],[1.9353,42.4469],[1.9277,42.4457],[1.9064,42.4501],[1.9017,42.4507],[1.8919,42.4517],[1.8835,42.4551],[1.882,42.4562],[1.8805,42.4573],[1.8789,42.4584],[1.8774,42.4595],[1.8759,42.4607],[1.872,42.4663],[1.8552,42.4769],[1.8537,42.478],[1.8514,42.4808],[1.8414,42.488],[1.8284,42.4919],[1.7965,42.4934],[1.7798,42.4893],[1.7676,42.4898],[1.7661,42.4909],[1.75,42.5004],[1.7485,42.5015],[1.7308,42.5138],[1.7326,42.5162],[1.7375,42.5228],[1.7366,42.5392],[1.7334,42.5453],[1.7341,42.556],[1.7393,42.5611],[1.7423,42.5651],[1.7499,42.5708],[1.7815,42.5748],[1.7877,42.5752],[1.8229,42.5786],[1.8464,42.5834],[1.8672,42.5902],[1.8937,42.606],[1.9009,42.6109],[1.9065,42.6139],[1.9112,42.6167],[1.9313,42.6187],[1.9489,42.6104],[1.9523,42.6081],[1.9538,42.6099],[2.0007,42.6439],[2.0067,42.6569],[2.0073,42.6594],[2.0112,42.6595],[2.051,42.6893],[2.0861,42.7384],[2.1077,42.7428],[2.4654,42.721]]]},"properties":{"code":24,"nom":"Pyrenees orientales","code_her1":1,"nom_her1":"PYRENEES"}},{"type":"Feature","geometry":{"type":"Polygon","coordinates":[[[-0.0008,43.9631],[-0.0007,43.9631],[-0.0006,43.9631],[0.0077,43.965],[0.0077,43.965],[0.0076,43.965],[0.0075,43.9649],[0.0086,43.9636],[0.0103,43.9628],[0.0151,43.9591],[0.0163,43.9575],[0.0165,43.9552],[0.014,43.9529],[0.0124,43.9507],[0.0128,43.9481],[0.0129,43.9472],[0.0131,43.945],[0.0143,43.9429],[0.0149,43.9407],[0.0134,43.9371],[0.0156,43.9338],[0.016,43.9319],[0.0156,43.9286],[0.0174,43.9256],[0.017,43.9201],[0.02,43.9164],[0.022,43.9117],[0.0225,43.9098],[0.0236,43.908],[0.0247,43.9067],[0.0268,43.9058],[0.0298,43.9022],[0.031,43.8999],[0.0319,43.8896],[0.0311,43.8861],[0.0315,43.8846],[0.0316,43.8829],[0.0326,43.878],[0.0341,43.8758],[0.0358,43.8755],[0.0381,43.8739],[0.0397,43.8727],[0.0459,43.87],[0.0521,43.867],[0.0575,43.8633],[0.0607,43.8605],[0.0632,43.8594],[0.0653,43.859],[0.0722,43.8565],[0.0749,43.856],[0.0775,43.8549],[0.0795,43.8528],[0.0804,43.8512],[0.082,43.8482],[0.0836,43.847],[0.0856,43.8457],[0.0884,43.8446],[0.0909,43.8434],[0.0917,43.8425],[0.0929,43.8396],[0.093,43.8365],[0.091,43.8319],[0.0911,43.8302],[0.0929,43.8277],[0.0949,43.8258],[0.0964,43.8228],[0.0966,43.8203],[0.0964,43.8184],[0.096,43.8167],[0.0957,43.8141],[0.0956,43.812],[0.0969,43.8063],[0.0975,43.8039],[0.0986,43.8009],[0.0985,43.7982],[0.0995,43.7959],[0.1012,43.7929],[0.106,43.7884],[0.1087,43.7863],[0.1113,43.7847],[0.1187,43.7796],[0.1222,43.7776],[0.1239,43.7762],[0.1249,43.7745],[0.127,43.7718],[0.1285,43.7707],[0.1291,43.7691],[0.1287,43.7648],[0.1293,43.7627],[0.132,43.7584],[0.1324,43.7565],[0.1322,43.7546],[0.132,43.7511],[0.1327,43.7488],[0.1355,43.7456],[0.1364,43.744],[0.1375,43.7423],[0.1399,43.7404],[0.148,43.7351],[0.1509,43.7335],[0.155,43.727],[0.1581,43.7265],[0.1587,43.7242],[0.1548,43.7222],[0.1556,43.7205],[0.1585,43.7196],[0.1594,43.7167],[0.1564,43.714],[0.1574,43.7091],[0.1574,43.7043],[0.159,43.7015],[0.1628,43.6997],[0.1657,43.6965],[0.1685,43.6895],[0.173,43.6858],[0.1756,43.6834],[0.183,43.6814],[0.1841,43.6773],[0.1875,43.6733],[0.1927,43.668],[0.1936,43.6636],[0.1927,43.6573],[0.2002,43.6519],[0.2061,43.6505],[0.2126,43.6466],[0.2129,43.644],[0.2116,43.6378],[0.2158,43.6337],[0.218,43.6288],[0.2166,43.6254],[0.2189,43.6199],[0.2168,43.6161],[0.2069,43.6106],[0.2046,43.6057],[0.204,43.601],[0.2013,43.5968],[0.2026,43.5918],[0.2029,43.5876],[0.2051,43.58],[0.2075,43.5776],[0.2092,43.5747],[0.2137,43.5709],[0.2163,43.5633],[0.2236,43.561],[0.2277,43.5556],[0.2268,43.5516],[0.2323,43.5481],[0.2356,43.5428],[0.2395,43.5354],[0.2443,43.5325],[0.2478,43.5324],[0.2529,43.5321],[0.2626,43.5335],[0.2639,43.5299],[0.2682,43.5272],[0.2689,43.5232],[0.2726,43.5222],[0.2734,43.5201],[0.2798,43.5184],[0.2811,43.5148],[0.2814,43.5116],[0.2835,43.5103],[0.2797,43.5045],[0.2841,43.4995],[0.2883,43.4986],[0.2922,43.4964],[0.2956,43.4876],[0.2963,43.4838],[0.2945,43.4809],[0.2944,43.478],[0.2972,43.4752],[0.3003,43.4721],[0.2991,43.4675],[0.3001,43.4622],[0.3033,43.4534],[0.3031,43.4449],[0.3051,43.4405],[0.3055,43.4355],[0.3077,43.4304],[0.3084,43.4271],[0.3095,43.4025],[0.3108,43.3865],[0.3094,43.382],[0.3119,43.3613],[0.315,43.3531],[0.3159,43.3446],[0.3185,43.3417],[0.3232,43.3417],[0.326,43.339],[0.328,43.3359],[0.3296,43.3351],[0.3284,43.3319],[0.3293,43.3296],[0.3305,43.3275],[0.3261,43.3257],[0.3233,43.3205],[0.3264,43.3185],[0.3236,43.3157],[0.3242,43.3133],[0.3236,43.3119],[0.3245,43.3088],[0.324,43.3056],[0.3192,43.2995],[0.3189,43.2959],[0.3181,43.2926],[0.3079,43.278],[0.3055,43.2715],[0.3056,43.26],[0.3058,43.2501],[0.3054,43.2357],[0.3034,43.2308],[0.3057,43.217],[0.3051,43.2088],[0.3073,43.2015],[0.3104,43.2001],[0.3123,43.1937],[0.3099,43.183],[0.3105,43.1783],[0.3111,43.1753],[0.318,43.1647],[0.3204,43.1584],[0.3207,43.1499],[0.3217,43.1475],[0.3294,43.1407],[0.3293,43.1363],[0.3347,43.1256],[0.3362,43.1214],[0.3374,43.1179],[0.3364,43.1128],[0.3359,43.1028],[0.337,43.0966],[0.3379,43.0887],[0.3136,43.0996],[0.2663,43.109],[0.1673,43.0791],[0.1112,43.1039],[0.0554,43.0508],[0.0211,43.057],[-0.0036,43.062],[-0.0196,43.0676],[-0.0179,43.0992],[-0.0592,43.1005],[-0.0829,43.0942],[-0.0978,43.0891],[-0.1409,43.0856],[-0.1641,43.0946],[-0.18,43.1003],[-0.202,43.0972],[-0.2258,43.0938],[-0.2553,43.0924],[-0.287,43.0939],[-0.3521,43.0971],[-0.4053,43.0987],[-0.4129,43.0978],[-0.4197,43.098],[-0.4212,43.0981],[-0.433,43.0985],[-0.4441,43.1004],[-0.4559,43.1024],[-0.4702,43.1048],[-0.5142,43.1091],[-0.5249,43.1098],[-0.5422,43.1111],[-0.5684,43.1201],[-0.5805,43.1195],[-0.5871,43.1192],[-0.5933,43.119],[-0.6329,43.1332],[-0.6149,43.1484],[-0.6604,43.1778],[-0.716,43.197],[-0.7683,43.2131],[-0.8214,43.2438],[-0.8719,43.2646],[-0.9173,43.2694],[-0.9829,43.295],[-1.0491,43.3298],[-1.117,43.3583],[-1.1949,43.375],[-1.2389,43.3897],[-1.2978,43.3885],[-1.3749,43.359],[-1.4562,43.3308],[-1.5403,43.3301],[-1.5596,43.3517],[-1.5929,43.362],[-1.5915,43.3635],[-1.6223,43.3448],[-1.6859,43.3358],[-1.7321,43.3499],[-1.7583,43.3481],[-1.7576,43.347],[-1.7545,43.3422],[-1.7611,43.344],[-1.7686,43.3409],[-1.777,43.3437],[-1.7882,43.3503],[-1.7911,43.3553],[-1.7837,43.3623],[-1.7905,43.365],[-1.7945,43.3722],[-1.7913,43.3779],[-1.7781,43.3727],[-1.7575,43.3778],[-1.7555,43.3828],[-1.7518,43.3854],[-1.749,43.3844],[-1.7493,43.3818],[-1.7457,43.3816],[-1.7414,43.3797],[-1.7334,43.3826],[-1.6839,43.3968],[-1.677,43.3978],[-1.6815,43.3959],[-1.6815,43.3942],[-1.6827,43.3926],[-1.6817,43.3905],[-1.6774,43.3889],[-1.672,43.3891],[-1.668,43.3878],[-1.6638,43.3899],[-1.6613,43.3925],[-1.6607,43.3953],[-1.6615,43.3977],[-1.6653,43.3986],[-1.6653,43.4006],[-1.6629,43.4016],[-1.6614,43.4034],[-1.6568,43.4046],[-1.6501,43.406],[-1.6463,43.4052],[-1.6376,43.409],[-1.6377,43.4116],[-1.6351,43.413],[-1.6311,43.4127],[-1.6289,43.4139],[-1.6292,43.4172],[-1.6283,43.4177],[-1.6264,43.4175],[-1.6245,43.4193],[-1.6231,43.4213],[-1.6211,43.4218],[-1.6192,43.4231],[-1.6187,43.4244],[-1.6103,43.427],[-1.6026,43.431],[-1.6001,43.4331],[-1.5958,43.4379],[-1.593,43.4445],[-1.5861,43.4514],[-1.5831,43.4556],[-1.5765,43.4641],[-1.5693,43.4736],[-1.5672,43.4799],[-1.5709,43.4816],[-1.5713,43.4847],[-1.5664,43.4843],[-1.5618,43.4841],[-1.5569,43.4877],[-1.5536,43.4918],[-1.5557,43.4926],[-1.5559,43.4946],[-1.5528,43.495],[-1.5502,43.4939],[-1.5467,43.4979],[-1.5393,43.5077],[-1.5352,43.5133],[-1.5329,43.5166],[-1.5309,43.5183],[-1.5277,43.5234],[-1.5234,43.5302],[-1.5015,43.5281],[-1.4912,43.5229],[-1.4863,43.523],[-1.4862,43.523],[-1.4862,43.523],[-1.4773,43.5252],[-1.4231,43.5573],[-1.3788,43.5693],[-1.3759,43.5705],[-1.3467,43.583],[-1.324,43.5937],[-1.3036,43.6016],[-1.295,43.6028],[-1.2618,43.6074],[-1.251,43.6118],[-1.2416,43.6198],[-1.2245,43.6427],[-1.2233,43.6434],[-1.209,43.6539],[-1.152,43.6735],[-1.1221,43.6937],[-1.1221,43.6937],[-1.1221,43.6937],[-1.1224,43.6949],[-1.1224,43.6949],[-1.1224,43.6949],[-1.1071,43.7094],[-1.0847,43.7238],[-1.0554,43.7314],[-1.0132,43.7384],[-0.9976,43.7422],[-0.9638,43.7563],[-0.9466,43.7745],[-0.9339,43.7845],[-0.9144,43.7915],[-0.9037,43.7982],[-0.8867,43.8083],[-0.8866,43.8083],[-0.8865,43.8083],[-0.8598,43.8043],[-0.8509,43.803],[-0.8244,43.8022],[-0.7833,43.7853],[-0.7539,43.778],[-0.7539,43.778],[-0.7538,43.778],[-0.7215,43.7801],[-0.6495,43.7876],[-0.6047,43.7977],[-0.506,43.8249],[-0.4572,43.8298],[-0.4572,43.8298],[-0.457,43.8298],[-0.3983,43.831],[-0.3981,43.831],[-0.3981,43.831],[-0.3728,43.8376],[-0.3577,43.8496],[-0.3497,43.8658],[-0.3497,43.8658],[-0.3497,43.8658],[-0.3488,43.8745],[-0.348,43.88],[-0.3478,43.8816],[-0.3471,43.8882],[-0.3471,43.8882],[-0.3471,43.8882],[-0.3391,43.904],[-0.3369,43.9065],[-0.3265,43.9147],[-0.2912,43.9289],[-0.257,43.9544],[-0.2569,43.9544],[-0.2568,43.9544],[-0.2557,43.9534],[-0.2556,43.9533],[-0.2555,43.9534],[-0.2414,43.9648],[-0.2414,43.9648],[-0.2414,43.9648],[-0.2436,43.9648],[-0.2436,43.9648],[-0.2436,43.9648],[-0.2121,43.9889],[-0.1945,43.9933],[-0.1804,43.9951],[-0.1803,43.9952],[-0.1803,43.9952],[-0.105,43.9882],[-0.0255,43.9666],[-0.0008,43.9631]]]},"properties":{"code":77,"nom":"Coteaux molassiques bassin de l'adour","code_her1":14,"nom_her1":"COTEAUX AQUITAINS"}},{"type":"Feature","geometry":{"type":"Polygon","coordinates":[[[3.5876,43.85],[3.562,43.8493],[3.5641,43.8666],[3.5768,43.8845],[3.6104,43.9166],[3.6307,43.9268],[3.6381,43.9299],[3.6437,43.9458],[3.644,43.9536],[3.6382,43.9596],[3.5946,43.9519],[3.5429,43.9498],[3.516,43.9514],[3.496,43.9584],[3.4901,43.9633],[3.4626,43.975],[3.4316,43.979],[3.3494,43.9766],[3.3504,43.9867],[3.3557,44.0149],[3.4001,44.0568],[3.4111,44.0919],[3.4194,44.1588],[3.4473,44.1729],[3.4962,44.1752],[3.5747,44.2382],[3.6002,44.2869],[3.5892,44.3104],[3.5438,44.3597],[3.5481,44.3763],[3.5616,44.3792],[3.5785,44.3886],[3.6687,44.3899],[3.7313,44.358],[3.7138,44.3223],[3.8442,44.335],[3.8913,44.3487],[3.9091,44.3915],[3.8593,44.3994],[3.8334,44.4333],[3.8713,44.4735],[3.9181,44.4728],[3.9651,44.4793],[3.9764,44.5223],[3.9167,44.5423],[3.9089,44.5628],[3.9114,44.5654],[3.9146,44.572],[3.9156,44.5776],[3.9167,44.5845],[3.9191,44.5909],[3.9227,44.5955],[3.9292,44.5996],[3.9357,44.6029],[3.9464,44.6061],[3.9507,44.6076],[3.9569,44.6097],[3.9659,44.6138],[3.972,44.6161],[3.9764,44.6163],[3.983,44.6165],[3.9877,44.6178],[3.9929,44.6206],[3.9989,44.6252],[4.0075,44.6293],[4.0193,44.6308],[4.0312,44.6318],[4.0346,44.632],[4.0478,44.6307],[4.0514,44.6298],[4.0577,44.6324],[4.0611,44.6366],[4.0624,44.6413],[4.0594,44.646],[4.0594,44.646],[4.0497,44.6505],[4.0422,44.6558],[4.0422,44.6558],[4.0414,44.6567],[4.0361,44.662],[4.0338,44.6695],[4.0332,44.6754],[4.0319,44.6838],[4.0271,44.694],[4.03,44.7008],[4.034,44.7022],[4.0389,44.7022],[4.045,44.7001],[4.048,44.6986],[4.0525,44.6962],[4.0581,44.6941],[4.0595,44.694],[4.064,44.6936],[4.0683,44.6943],[4.0741,44.6968],[4.0807,44.7013],[4.0889,44.7072],[4.0951,44.7095],[4.1039,44.7106],[4.1115,44.714],[4.121,44.7193],[4.1305,44.7225],[4.141,44.7244],[4.1496,44.7282],[4.1556,44.7338],[4.1571,44.7403],[4.1591,44.7442],[4.1621,44.7459],[4.1672,44.7463],[4.1753,44.7459],[4.189,44.7431],[4.1936,44.7427],[4.1988,44.7433],[4.2032,44.7452],[4.2109,44.7514],[4.2169,44.7593],[4.2198,44.766],[4.2253,44.7732],[4.2358,44.7803],[4.2442,44.7875],[4.2469,44.7926],[4.2478,44.7976],[4.248,44.8042],[4.2459,44.8112],[4.2424,44.818],[4.2388,44.8247],[4.2345,44.831],[4.2279,44.8389],[4.2199,44.8478],[4.2124,44.855],[4.217,44.8592],[4.1802,44.8994],[4.204,44.9225],[4.2288,44.936],[4.2461,44.9555],[4.2851,44.9708],[4.3237,44.99],[4.3427,44.9904],[4.3539,44.9922],[4.363,45.0011],[4.3884,44.9923],[4.3915,44.9578],[4.4147,44.9384],[4.4353,44.9502],[4.445,44.974],[4.4135,44.9976],[4.4256,45.0067],[4.4415,45.0367],[4.4086,45.0435],[4.4028,45.065],[4.4015,45.0906],[4.4285,45.1036],[4.4293,45.1239],[4.4411,45.1447],[4.4803,45.1406],[4.5055,45.1545],[4.5354,45.1289],[4.5476,45.0998],[4.578,45.1092],[4.5836,45.1142],[4.6184,45.1225],[4.6433,45.1104],[4.6782,45.1186],[4.7143,45.114],[4.7306,45.115],[4.7627,45.1014],[4.7873,45.0816],[4.8076,45.0827],[4.8161,45.0669],[4.8337,45.0629],[4.8335,45.0539],[4.8357,45.0181],[4.8503,44.9874],[4.8511,44.9715],[4.8575,44.9675],[4.8566,44.9593],[4.8496,44.8976],[4.8605,44.8971],[4.8594,44.8863],[4.8509,44.8679],[4.8433,44.8514],[4.8406,44.8455],[4.7796,44.7961],[4.7599,44.7936],[4.7348,44.7817],[4.7349,44.7831],[4.718,44.7744],[4.7112,44.7677],[4.7084,44.7575],[4.7166,44.7433],[4.6821,44.7563],[4.6692,44.7496],[4.6043,44.7378],[4.5866,44.7509],[4.5518,44.7227],[4.5268,44.716],[4.5047,44.718],[4.5436,44.7109],[4.5737,44.7037],[4.6225,44.699],[4.6347,44.6945],[4.6323,44.6897],[4.6131,44.6786],[4.6182,44.6739],[4.6555,44.6735],[4.6773,44.6614],[4.6795,44.6529],[4.6642,44.6472],[4.6342,44.6468],[4.6222,44.6439],[4.656,44.6076],[4.6595,44.5959],[4.653,44.5815],[4.6429,44.5756],[4.6295,44.5815],[4.6107,44.6034],[4.6044,44.5923],[4.5933,44.593],[4.5783,44.6116],[4.5715,44.6047],[4.5705,44.5963],[4.5592,44.5923],[4.5496,44.5953],[4.5368,44.6049],[4.5242,44.5991],[4.5118,44.5998],[4.504,44.6192],[4.5006,44.6332],[4.4869,44.6344],[4.4788,44.6439],[4.4644,44.6947],[4.4513,44.6795],[4.4477,44.6719],[4.428,44.6563],[4.4153,44.6461],[4.3932,44.6242],[4.3461,44.5602],[4.3068,44.5249],[4.1984,44.4283],[4.1732,44.4064],[4.1316,44.399],[4.1048,44.3995],[4.1135,44.3921],[4.123,44.3752],[4.1495,44.3651],[4.1545,44.3458],[4.1596,44.3322],[4.1624,44.3161],[4.152,44.3027],[4.1225,44.2872],[4.1079,44.2482],[4.1187,44.2368],[4.1113,44.2161],[4.0976,44.2035],[4.0267,44.2119],[4.0374,44.1981],[4.0219,44.1631],[4.0079,44.1401],[4.0074,44.1257],[3.9986,44.1267],[3.9816,44.123],[3.9564,44.1297],[3.9395,44.1212],[3.9251,44.1206],[3.9071,44.1112],[3.8901,44.1003],[3.8777,44.0924],[3.8719,44.0873],[3.8145,43.9975],[3.8046,43.9712],[3.7984,43.9653],[3.7889,43.9669],[3.7667,43.9742],[3.7599,43.981],[3.7096,43.9459],[3.689,43.934],[3.6742,43.878],[3.6494,43.8665],[3.6381,43.8802],[3.6293,43.8774],[3.6054,43.8631],[3.5876,43.85]]]},"properties":{"code":71,"nom":"Cevennes","code_her1":8,"nom_her1":"CEVENNES"}},{"type":"Feature","geometry":{"type":"Polygon","coordinates":[[[3.5369,46.0819],[3.6035,46.0424],[3.6524,46.0387],[3.6556,46.0133],[3.65,46.0077],[3.6433,46.0009],[3.6294,45.9919],[3.6211,45.9848],[3.6062,45.9747],[3.5853,45.9674],[3.5856,45.9541],[3.6135,45.9401],[3.6274,45.9286],[3.6359,45.9205],[3.6455,45.9132],[3.6518,45.901],[3.6555,45.8766],[3.6328,45.8423],[3.6292,45.8367],[3.6125,45.8125],[3.6001,45.7945],[3.5932,45.7874],[3.6057,45.7682],[3.6275,45.7471],[3.6481,45.7226],[3.6623,45.7072],[3.6789,45.6968],[3.6968,45.6816],[3.7221,45.6607],[3.738,45.6392],[3.7408,45.6315],[3.7449,45.6267],[3.748,45.6236],[3.7486,45.6227],[3.7465,45.6213],[3.7443,45.6207],[3.7408,45.6187],[3.739,45.6178],[3.7382,45.6174],[3.7376,45.6171],[3.7299,45.6136],[3.7017,45.5996],[3.6707,45.619],[3.664,45.6188],[3.6465,45.6267],[3.6473,45.6377],[3.6117,45.6433],[3.5631,45.6305],[3.5346,45.6271],[3.5176,45.6237],[3.508,45.6141],[3.495,45.5981],[3.4826,45.576],[3.476,45.5673],[3.4761,45.5593],[3.4755,45.5519],[3.4719,45.5492],[3.464,45.544],[3.4518,45.5363],[3.4328,45.5186],[3.429,45.5023],[3.426,45.4899],[3.426,45.487],[3.4255,45.483],[3.4255,45.4798],[3.4311,45.4696],[3.4373,45.4624],[3.4437,45.4568],[3.4509,45.4497],[3.4546,45.4441],[3.459,45.4364],[3.4601,45.4283],[3.4617,45.4182],[3.4625,45.4116],[3.4622,45.387],[3.4624,45.3821],[3.462,45.3803],[3.4696,45.3642],[3.4893,45.3666],[3.4926,45.3633],[3.4938,45.3611],[3.4923,45.357],[3.4934,45.3529],[3.4986,45.3398],[3.5042,45.3285],[3.5226,45.3173],[3.5446,45.3072],[3.5511,45.3013],[3.5499,45.2982],[3.5485,45.2894],[3.5467,45.2812],[3.5464,45.2762],[3.5462,45.2726],[3.5469,45.2705],[3.5489,45.2604],[3.5494,45.2557],[3.5512,45.2531],[3.5595,45.2479],[3.563,45.2398],[3.5606,45.2298],[3.5605,45.2298],[3.5548,45.2163],[3.5452,45.2351],[3.542,45.2422],[3.5331,45.2619],[3.5183,45.2715],[3.511,45.2811],[3.4923,45.2895],[3.4789,45.304],[3.4413,45.3097],[3.4239,45.3245],[3.3836,45.3674],[3.3561,45.3904],[3.3457,45.4037],[3.3452,45.4252],[3.3336,45.4497],[3.3457,45.4654],[3.3405,45.4694],[3.3326,45.4989],[3.3127,45.542],[3.3176,45.5639],[3.3267,45.5876],[3.3305,45.6028],[3.3429,45.6186],[3.3484,45.6338],[3.3504,45.6435],[3.3488,45.6533],[3.3472,45.6594],[3.3464,45.6673],[3.3465,45.6728],[3.3466,45.6771],[3.349,45.6804],[3.3511,45.6832],[3.3686,45.6903],[3.3852,45.697],[3.3989,45.7047],[3.4104,45.7152],[3.4141,45.7283],[3.421,45.732],[3.4308,45.7373],[3.452,45.741],[3.4625,45.7501],[3.4829,45.7667],[3.5048,45.7702],[3.5249,45.7515],[3.5405,45.7453],[3.5542,45.7493],[3.5592,45.7695],[3.5627,45.7841],[3.5589,45.8],[3.5487,45.8231],[3.5323,45.8544],[3.5319,45.882],[3.5366,45.8981],[3.5294,45.9173],[3.5365,45.9411],[3.5239,45.9761],[3.5178,45.9966],[3.5118,46.0084],[3.5118,46.0084],[3.5118,46.0084],[3.5117,46.0085],[3.5045,46.0306],[3.5045,46.0307],[3.5044,46.0307],[3.4906,46.0492],[3.4906,46.0492],[3.4906,46.0492],[3.4847,46.0608],[3.4847,46.0608],[3.4847,46.0609],[3.4847,46.0609],[3.4846,46.0609],[3.4846,46.0609],[3.4795,46.0602],[3.4697,46.059],[3.4697,46.0591],[3.4697,46.0591],[3.4629,46.0704],[3.4747,46.0949],[3.472,46.1218],[3.4739,46.1288],[3.4739,46.1288],[3.4739,46.1288],[3.5369,46.0819]]]},"properties":{"code":44,"nom":"MC-Terres Granitiques orientales","code_her1":3,"nom_her1":"MASSIF CENTRAL SUD"}},{"type":"Feature","geometry":{"type":"Polygon","coordinates":[[[3.9007,47.4981],[3.92,47.4911],[3.9412,47.4946],[3.946,47.496],[3.9653,47.4982],[3.9677,47.4972],[3.9899,47.4811],[4.0718,47.4598],[4.1016,47.4599],[4.1245,47.4731],[4.1319,47.4776],[4.1521,47.4688],[4.1627,47.459],[4.1859,47.4548],[4.206,47.4577],[4.206,47.4589],[4.2277,47.4664],[4.2466,47.4591],[4.2465,47.4575],[4.2623,47.4518],[4.2764,47.4467],[4.2917,47.4415],[4.2956,47.4382],[4.2962,47.4364],[4.2987,47.4273],[4.2997,47.4226],[4.3138,47.3994],[4.3285,47.3451],[4.329,47.338],[4.337,47.3088],[4.3409,47.2996],[4.3385,47.2742],[4.33,47.2588],[4.3043,47.244],[4.2917,47.2237],[4.2849,47.2218],[4.2677,47.2232],[4.2587,47.2233],[4.2551,47.223],[4.2377,47.2215],[4.2351,47.2165],[4.2391,47.2091],[4.2703,47.1936],[4.2758,47.1827],[4.273,47.1752],[4.2702,47.1601],[4.2838,47.1534],[4.2909,47.1515],[4.3129,47.1465],[4.3159,47.1422],[4.3154,47.1306],[4.3215,47.1249],[4.3363,47.1186],[4.348,47.1224],[4.3504,47.1256],[4.3561,47.1358],[4.3424,47.1627],[4.3438,47.1707],[4.3595,47.1752],[4.3795,47.171],[4.3902,47.1646],[4.4052,47.1495],[4.4258,47.1393],[4.4288,47.1372],[4.4284,47.1314],[4.4286,47.1278],[4.4167,47.1134],[4.4145,47.1103],[4.4114,47.1018],[4.4198,47.0954],[4.4456,47.1003],[4.4588,47.096],[4.4534,47.0895],[4.4055,47.062],[4.3995,47.0596],[4.3956,47.0535],[4.4012,47.0504],[4.4123,47.0521],[4.4233,47.0563],[4.4649,47.0729],[4.5016,47.0809],[4.5179,47.072],[4.5323,47.0707],[4.5572,47.0781],[4.5846,47.0588],[4.5922,47.0446],[4.6165,47.0345],[4.6246,47.0239],[4.6377,47.0104],[4.6366,47.0041],[4.6354,46.9955],[4.628,46.9774],[4.631,46.9694],[4.6323,46.9619],[4.6326,46.9499],[4.6331,46.9413],[4.632,46.9333],[4.6575,46.9055],[4.675,46.8954],[4.681,46.8902],[4.6673,46.8733],[4.65,46.857],[4.6535,46.8432],[4.6819,46.8394],[4.6844,46.8367],[4.6806,46.8312],[4.6762,46.8184],[4.6696,46.8037],[4.6722,46.7862],[4.6544,46.7735],[4.6321,46.7631],[4.6225,46.7522],[4.6105,46.7462],[4.6072,46.7369],[4.5948,46.712],[4.5802,46.7014],[4.5526,46.694],[4.5449,46.6853],[4.5436,46.65],[4.5427,46.6402],[4.5334,46.6174],[4.5177,46.5898],[4.5116,46.5777],[4.5006,46.56],[4.498,46.5433],[4.5024,46.5278],[4.5176,46.4997],[4.5236,46.4888],[4.5255,46.4837],[4.4912,46.4669],[4.4245,46.4065],[4.3817,46.3217],[4.3102,46.2579],[4.2235,46.1772],[4.1555,46.1422],[4.1555,46.1422],[4.1555,46.1422],[4.1555,46.1422],[4.1555,46.1422],[4.1306,46.1533],[4.0941,46.1694],[4.0941,46.1694],[4.0941,46.1694],[4.0941,46.1694],[4.0941,46.1694],[4.0927,46.1903],[4.0927,46.1903],[4.0927,46.1903],[4.0738,46.2099],[4.0738,46.2099],[4.0738,46.2099],[4.0567,46.2204],[4.0567,46.2204],[4.0567,46.2204],[4.0567,46.2204],[4.0567,46.2204],[4.0448,46.2419],[4.0448,46.2528],[4.0506,46.2795],[4.0637,46.2982],[4.0666,46.3128],[4.0845,46.328],[4.0846,46.328],[4.0846,46.328],[4.0987,46.3341],[4.0987,46.3341],[4.0988,46.3341],[4.1131,46.3455],[4.1303,46.3573],[4.1541,46.3782],[4.1541,46.3783],[4.1541,46.3783],[4.1789,46.3885],[4.1789,46.3885],[4.1789,46.3885],[4.2056,46.4081],[4.2068,46.436],[4.2113,46.4513],[4.2151,46.4667],[4.2151,46.4667],[4.2151,46.4667],[4.2392,46.4799],[4.2392,46.48],[4.2392,46.48],[4.2476,46.4944],[4.2545,46.5024],[4.2634,46.5123],[4.2949,46.5454],[4.2863,46.5819],[4.2865,46.6059],[4.2865,46.6059],[4.2865,46.6059],[4.2865,46.6059],[4.2865,46.6059],[4.2865,46.6059],[4.2865,46.6059],[4.2865,46.6059],[4.2415,46.6167],[4.2415,46.6167],[4.2415,46.6167],[4.2415,46.6167],[4.2415,46.6167],[4.2415,46.6167],[4.2415,46.6167],[4.2415,46.6167],[4.2385,46.6303],[4.2385,46.6303],[4.2385,46.6303],[4.2385,46.6303],[4.2385,46.6303],[4.2385,46.6303],[4.2385,46.6303],[4.2385,46.6303],[4.1862,46.6423],[4.1862,46.6423],[4.1862,46.6423],[4.1862,46.6423],[4.1593,46.6388],[4.1215,46.6239],[4.1215,46.6239],[4.1215,46.6239],[4.0988,46.6081],[4.0799,46.5904],[4.0803,46.5706],[4.0684,46.5477],[4.0684,46.5477],[4.0684,46.5477],[4.0252,46.5342],[4.0252,46.5342],[4.0252,46.5342],[4.0077,46.5213],[3.9968,46.5096],[3.9792,46.4936],[3.9792,46.4935],[3.9792,46.4935],[3.9792,46.4935],[3.9377,46.4932],[3.9377,46.4932],[3.9377,46.4932],[3.9037,46.4992],[3.9037,46.4992],[3.9037,46.4992],[3.9037,46.4992],[3.9037,46.4992],[3.8836,46.5212],[3.8836,46.5213],[3.8836,46.5213],[3.8836,46.5213],[3.8836,46.5213],[3.8836,46.5213],[3.8767,46.5201],[3.8724,46.5193],[3.8724,46.5193],[3.8724,46.5193],[3.8724,46.5193],[3.8615,46.5213],[3.8615,46.5213],[3.847,46.5271],[3.8352,46.5328],[3.8352,46.5328],[3.8157,46.5358],[3.8157,46.5358],[3.8157,46.5358],[3.7995,46.5376],[3.7995,46.5376],[3.7995,46.5376],[3.7995,46.5376],[3.7852,46.5367],[3.7852,46.5367],[3.7852,46.5367],[3.7852,46.5367],[3.7677,46.5401],[3.7677,46.5401],[3.746,46.5482],[3.746,46.5482],[3.746,46.5482],[3.746,46.5482],[3.746,46.5483],[3.7444,46.5577],[3.7464,46.5661],[3.7427,46.5766],[3.7438,46.5863],[3.7403,46.5944],[3.7443,46.6001],[3.7444,46.6001],[3.7444,46.6001],[3.7507,46.6037],[3.7507,46.6037],[3.7507,46.6037],[3.7548,46.607],[3.7587,46.61],[3.7587,46.61],[3.7587,46.61],[3.7747,46.6198],[3.7748,46.6198],[3.7748,46.6198],[3.7836,46.628],[3.7836,46.628],[3.7836,46.628],[3.8063,46.6408],[3.8064,46.6408],[3.8064,46.6408],[3.8135,46.6478],[3.8294,46.6631],[3.8401,46.676],[3.8321,46.6998],[3.8321,46.6999],[3.8321,46.6999],[3.8188,46.7178],[3.8188,46.7178],[3.8188,46.7178],[3.8208,46.7273],[3.8322,46.764],[3.816,46.8034],[3.813,46.8213],[3.8223,46.8449],[3.8405,46.8779],[3.8308,46.903],[3.8454,46.9289],[3.8454,46.9289],[3.8454,46.9289],[3.8454,46.9289],[3.8454,46.9289],[3.8083,46.9535],[3.8083,46.9535],[3.8083,46.9536],[3.8083,46.9536],[3.8083,46.9536],[3.8083,46.9536],[3.8083,46.9536],[3.8186,46.9589],[3.8319,46.9657],[3.8334,46.9773],[3.809,47.0242],[3.7939,47.0713],[3.7779,47.0985],[3.7659,47.1098],[3.7502,47.1246],[3.7398,47.1339],[3.7273,47.1497],[3.7264,47.1577],[3.7243,47.1748],[3.7255,47.1856],[3.7258,47.1869],[3.7272,47.2034],[3.7369,47.2259],[3.7422,47.2307],[3.7495,47.2423],[3.7599,47.2517],[3.7738,47.2617],[3.7848,47.2755],[3.7895,47.2986],[3.7848,47.354],[3.7843,47.3662],[3.796,47.391],[3.7991,47.3953],[3.795,47.4165],[3.7886,47.4258],[3.8052,47.4351],[3.8276,47.4298],[3.8408,47.4371],[3.8508,47.4496],[3.8679,47.4524],[3.8756,47.4594],[3.8754,47.4631],[3.8549,47.4717],[3.8539,47.4731],[3.8519,47.481],[3.864,47.4952],[3.8651,47.4961],[3.8835,47.5001],[3.9007,47.4981]]]},"properties":{"code":87,"nom":"Morvan - Charollais","code_her1":21,"nom_her1":"MASSIF CENTRAL NORD"}},{"type":"Feature","geometry":{"type":"Polygon","coordinates":[[[6.2669,43.7802],[6.2639,43.788],[6.2543,43.8056],[6.2416,43.811],[6.2086,43.8511],[6.2035,43.8876],[6.2033,43.8885],[6.1996,43.93],[6.2294,43.9453],[6.2299,43.9603],[6.2327,43.9698],[6.2233,43.9905],[6.2484,44.0129],[6.2543,44.0201],[6.2482,44.0286],[6.2348,44.0327],[6.2321,44.0402],[6.2404,44.0569],[6.2323,44.0783],[6.2237,44.0851],[6.2022,44.0891],[6.1641,44.0824],[6.104,44.0613],[6.0623,44.0638],[6.0438,44.0748],[6.0157,44.0838],[6.0154,44.0861],[6.0125,44.1041],[6.0103,44.1149],[6.0083,44.127],[6.0049,44.1461],[6.0227,44.1697],[6.0094,44.1692],[5.982,44.1536],[5.9619,44.1619],[5.9468,44.1863],[5.9582,44.198],[5.9866,44.2062],[5.987,44.2135],[5.9748,44.2193],[5.9797,44.2374],[6.0503,44.2705],[6.09,44.2973],[6.1309,44.3014],[6.1389,44.3084],[6.1397,44.3193],[6.1249,44.3253],[6.0969,44.3244],[6.0847,44.3312],[6.0859,44.3493],[6.1042,44.3569],[6.1543,44.3661],[6.1949,44.3665],[6.2235,44.3582],[6.246,44.3356],[6.2903,44.334],[6.3197,44.2828],[6.3067,44.2606],[6.3227,44.2536],[6.3304,44.2196],[6.3497,44.2062],[6.3728,44.2108],[6.3873,44.2194],[6.3889,44.2239],[6.3724,44.2409],[6.4023,44.2689],[6.4092,44.2833],[6.413,44.2709],[6.4542,44.2593],[6.4784,44.2453],[6.4827,44.227],[6.4838,44.2038],[6.457,44.1635],[6.4251,44.1284],[6.4257,44.1173],[6.4361,44.1069],[6.4595,44.102],[6.5499,44.1051],[6.5784,44.1034],[6.582,44.0761],[6.6012,44.077],[6.6016,44.0768],[6.6281,44.0372],[6.6691,44.0181],[6.7217,44.0174],[6.7649,44.0259],[6.8477,44.0737],[6.8797,44.0168],[6.96,44.009],[7.0267,44.031],[7.0912,44.0268],[7.1508,44.0373],[7.2137,43.9906],[7.295,43.9943],[7.333,44.0115],[7.3752,43.9394],[7.3779,43.9389],[7.3496,43.9096],[7.3032,43.9118],[7.2734,43.8685],[7.1979,43.8606],[7.1716,43.8229],[7.1204,43.8224],[7.0527,43.8272],[6.9717,43.8317],[6.9003,43.8242],[6.7351,43.8073],[6.6225,43.7465],[6.6212,43.7221],[6.5597,43.72],[6.469,43.7384],[6.3924,43.7869],[6.3515,43.7794],[6.3166,43.7695],[6.2669,43.7802]]]},"properties":{"code":106,"nom":"Prealpes Digne Haute vallee du var","code_her1":7,"nom_her1":"PREALPES DU SUD"}},{"type":"Feature","geometry":{"type":"Polygon","coordinates":[[[4.7119,46.3932],[4.678,46.3669],[4.6874,46.3352],[4.6874,46.2939],[4.6962,46.2749],[4.7283,46.2483],[4.7321,46.2382],[4.7346,46.2347],[4.7488,46.2145],[4.7327,46.1749],[4.6915,46.1538],[4.6811,46.134],[4.6609,46.1112],[4.6597,46.0812],[4.6538,46.0547],[4.6532,46.0547],[4.626,46.0533],[4.6284,46.0437],[4.6511,46.0106],[4.643,46.0143],[4.6366,46.0117],[4.6284,46.0096],[4.6209,46.0028],[4.5963,45.9863],[4.5915,45.9587],[4.575,45.9297],[4.6015,45.8957],[4.617,45.8707],[4.5965,45.8471],[4.6302,45.8422],[4.6425,45.8558],[4.6698,45.8627],[4.6875,45.8623],[4.7025,45.857],[4.714,45.8598],[4.7276,45.8618],[4.7448,45.8612],[4.7627,45.8677],[4.7771,45.8715],[4.7866,45.8772],[4.7985,45.8802],[4.8243,45.8694],[4.8322,45.8644],[4.8322,45.8557],[4.8308,45.8363],[4.8545,45.8215],[4.8399,45.8107],[4.8288,45.8],[4.806,45.78],[4.8075,45.7688],[4.8009,45.7628],[4.786,45.7494],[4.7618,45.7321],[4.777,45.7146],[4.7974,45.7076],[4.793,45.6932],[4.7886,45.689],[4.7889,45.6759],[4.7653,45.6628],[4.7704,45.6298],[4.7564,45.6014],[4.7637,45.5875],[4.7634,45.5801],[4.771,45.5771],[4.8002,45.5553],[4.8201,45.542],[4.8592,45.5269],[4.8645,45.5141],[4.8086,45.4875],[4.7948,45.4795],[4.7817,45.4721],[4.7747,45.4599],[4.7686,45.4534],[4.7515,45.4427],[4.7483,45.4286],[4.7459,45.418],[4.7424,45.4029],[4.7529,45.3883],[4.7577,45.3618],[4.7595,45.341],[4.7613,45.3199],[4.7896,45.2968],[4.795,45.2867],[4.7968,45.2478],[4.7986,45.2058],[4.8027,45.1525],[4.7993,45.1433],[4.792,45.1233],[4.7961,45.1041],[4.8076,45.0827],[4.7873,45.0816],[4.7627,45.1014],[4.7306,45.115],[4.7143,45.114],[4.6782,45.1186],[4.6433,45.1104],[4.6184,45.1225],[4.5836,45.1142],[4.578,45.1092],[4.5476,45.0998],[4.5354,45.1289],[4.5055,45.1545],[4.4803,45.1406],[4.4411,45.1447],[4.4499,45.1616],[4.4651,45.1738],[4.4748,45.1783],[4.4817,45.2037],[4.4785,45.2158],[4.4893,45.2276],[4.4853,45.2402],[4.4571,45.2553],[4.4718,45.2905],[4.4893,45.3286],[4.5319,45.3521],[4.5196,45.3673],[4.4585,45.4036],[4.4245,45.4194],[4.4256,45.412],[4.3891,45.4072],[4.334,45.3857],[4.2873,45.3673],[4.238,45.3786],[4.2492,45.4084],[4.239,45.4108],[4.2528,45.4221],[4.2457,45.4375],[4.2541,45.4414],[4.25,45.4628],[4.2453,45.4764],[4.2569,45.4965],[4.2606,45.4975],[4.2652,45.5092],[4.2813,45.5178],[4.3175,45.5254],[4.3215,45.5429],[4.3219,45.5529],[4.3175,45.5706],[4.3133,45.593],[4.3092,45.6195],[4.2921,45.6671],[4.3042,45.7148],[4.2882,45.7362],[4.2617,45.7684],[4.2454,45.7839],[4.2357,45.7947],[4.2202,45.809],[4.2046,45.8175],[4.1866,45.8325],[4.1667,45.8416],[4.1423,45.842],[4.1286,45.8593],[4.1187,45.8636],[4.1036,45.8681],[4.1044,45.8747],[4.1115,45.8819],[4.1025,45.8972],[4.0719,45.9138],[4.0549,45.9093],[4.0583,45.9159],[4.0252,45.9355],[4.0313,45.9442],[4.0193,45.965],[4.0193,45.965],[4.0154,45.9779],[4.0154,45.9779],[4.0154,45.9779],[4.0295,45.9733],[4.0468,45.991],[4.0468,45.991],[4.0468,45.991],[4.0468,45.991],[4.0468,45.991],[4.0653,45.9843],[4.0653,45.9843],[4.0889,45.9818],[4.0889,45.9818],[4.0889,45.9818],[4.0889,45.9818],[4.0889,45.9818],[4.1092,45.9889],[4.1092,45.9889],[4.1092,45.9889],[4.1092,45.9889],[4.1543,45.9871],[4.1543,45.9871],[4.1543,45.9871],[4.1543,45.9871],[4.1801,45.9964],[4.1801,45.9965],[4.1801,45.9965],[4.1898,46.0211],[4.1821,46.0568],[4.1821,46.0568],[4.1821,46.0568],[4.1574,46.0792],[4.1574,46.0793],[4.1574,46.0793],[4.1824,46.102],[4.1806,46.1268],[4.1806,46.1269],[4.1805,46.1269],[4.1656,46.1377],[4.1656,46.1378],[4.1656,46.1378],[4.1556,46.1422],[4.1555,46.1422],[4.1555,46.1422],[4.1555,46.1422],[4.1555,46.1422],[4.1555,46.1422],[4.2235,46.1772],[4.3102,46.2579],[4.3817,46.3217],[4.4245,46.4065],[4.4912,46.4669],[4.5255,46.4837],[4.5299,46.4717],[4.5435,46.4575],[4.5601,46.4533],[4.5988,46.4647],[4.6047,46.456],[4.5973,46.4361],[4.5761,46.4178],[4.577,46.4043],[4.5815,46.4005],[4.5887,46.3712],[4.6252,46.3741],[4.6505,46.3921],[4.6607,46.401],[4.6661,46.4205],[4.6768,46.4429],[4.7065,46.4735],[4.7113,46.5016],[4.7363,46.5256],[4.783,46.5375],[4.7743,46.5028],[4.76,46.4792],[4.7502,46.4591],[4.7414,46.4439],[4.7119,46.3932]]]},"properties":{"code":86,"nom":"Mont du Lyonnais - Pilat","code_her1":3,"nom_her1":"MASSIF CENTRAL SUD"}},{"type":"Feature","geometry":{"type":"Polygon","coordinates":[[[3.6796,46.4207],[3.6796,46.4207],[3.6796,46.4207],[3.6796,46.4207],[3.706,46.4239],[3.706,46.4239],[3.7265,46.4248],[3.7265,46.4248],[3.7265,46.4248],[3.7265,46.4248],[3.7265,46.4247],[3.7422,46.4084],[3.7519,46.3956],[3.7519,46.3956],[3.7519,46.3956],[3.765,46.387],[3.765,46.387],[3.765,46.3869],[3.7849,46.3666],[3.785,46.3666],[3.785,46.3666],[3.7866,46.3439],[3.7852,46.3405],[3.7852,46.3405],[3.7852,46.3405],[3.7852,46.3405],[3.7852,46.3405],[3.8093,46.3257],[3.8093,46.3257],[3.8093,46.3257],[3.8093,46.3257],[3.8093,46.3257],[3.8191,46.3026],[3.824,46.2796],[3.824,46.2796],[3.824,46.2795],[3.8406,46.2573],[3.8406,46.2573],[3.8406,46.2573],[3.8509,46.2267],[3.8523,46.2035],[3.8523,46.2035],[3.8523,46.2035],[3.8762,46.1802],[3.8762,46.1802],[3.8763,46.1802],[3.8763,46.1802],[3.8763,46.1802],[3.8762,46.1802],[3.8762,46.1802],[3.8762,46.1802],[3.8022,46.1922],[3.7503,46.1873],[3.7173,46.1434],[3.6887,46.1133],[3.6513,46.0474],[3.6524,46.0387],[3.6035,46.0424],[3.5369,46.0819],[3.4739,46.1288],[3.4739,46.1288],[3.4779,46.143],[3.488,46.1552],[3.494,46.1694],[3.5044,46.1835],[3.5044,46.1835],[3.5044,46.1835],[3.5192,46.1863],[3.5192,46.1863],[3.5192,46.1863],[3.5192,46.1863],[3.5366,46.1754],[3.5366,46.1754],[3.5366,46.1754],[3.5366,46.1754],[3.5366,46.1754],[3.5366,46.1754],[3.5366,46.1754],[3.5504,46.1934],[3.5504,46.1934],[3.5504,46.1934],[3.5504,46.1934],[3.5504,46.1934],[3.5504,46.1934],[3.5504,46.1934],[3.5504,46.1934],[3.5687,46.1893],[3.5687,46.1893],[3.5687,46.1893],[3.5687,46.1893],[3.5688,46.1893],[3.5688,46.1893],[3.5688,46.1893],[3.5688,46.1893],[3.5733,46.1716],[3.5847,46.1449],[3.5847,46.1449],[3.5847,46.1449],[3.5847,46.1449],[3.5847,46.1449],[3.6093,46.1377],[3.6093,46.1377],[3.6093,46.1377],[3.6093,46.1377],[3.6525,46.1407],[3.6526,46.1407],[3.6526,46.1407],[3.661,46.1686],[3.6723,46.1945],[3.6711,46.2029],[3.6711,46.2029],[3.6711,46.2029],[3.6711,46.2029],[3.6711,46.2029],[3.6543,46.2085],[3.6543,46.2085],[3.6543,46.2085],[3.6543,46.2085],[3.6543,46.2085],[3.6487,46.2411],[3.6426,46.2528],[3.6401,46.262],[3.6443,46.2846],[3.6443,46.2846],[3.6443,46.2846],[3.6595,46.2942],[3.6595,46.2942],[3.6595,46.2942],[3.6548,46.3056],[3.6551,46.3166],[3.663,46.3263],[3.663,46.3263],[3.663,46.3263],[3.6452,46.3406],[3.6307,46.3609],[3.6307,46.3609],[3.6307,46.3609],[3.6311,46.3779],[3.6315,46.3965],[3.6425,46.4197],[3.6447,46.4347],[3.6447,46.4347],[3.6447,46.4347],[3.6447,46.4347],[3.6447,46.4347],[3.6448,46.4347],[3.6448,46.4347],[3.6546,46.4344],[3.6546,46.4344],[3.6546,46.4344],[3.6546,46.4344],[3.6796,46.4207]]]},"properties":{"code":48,"nom":"Montagne bourbonnaise","code_her1":21,"nom_her1":"MASSIF CENTRAL NORD"}},{"type":"Feature","geometry":{"type":"Polygon","coordinates":[[[4.3539,44.9922],[4.3427,44.9904],[4.3237,44.99],[4.2851,44.9708],[4.2461,44.9555],[4.2288,44.936],[4.204,44.9225],[4.1802,44.8994],[4.179,44.9007],[4.1702,44.9006],[4.1624,44.9041],[4.1543,44.9032],[4.1519,44.9012],[4.1503,44.8962],[4.1525,44.8911],[4.1564,44.8859],[4.1553,44.879],[4.1476,44.8756],[4.1466,44.8752],[4.1362,44.8737],[4.1249,44.8732],[4.1172,44.8691],[4.1115,44.8647],[4.1074,44.861],[4.1009,44.8552],[4.0925,44.85],[4.0873,44.8446],[4.0822,44.8405],[4.0703,44.8201],[4.0303,44.7995],[3.9983,44.7831],[3.9923,44.7792],[3.989,44.7727],[3.9886,44.766],[3.9822,44.7621],[3.9704,44.7627],[3.9626,44.7625],[3.956,44.7595],[3.9527,44.7537],[3.9543,44.7481],[3.9511,44.7432],[3.945,44.7431],[3.9407,44.7453],[3.9375,44.7509],[3.9279,44.7577],[3.9227,44.7558],[3.91,44.7496],[3.9078,44.7485],[3.9008,44.7467],[3.8953,44.7453],[3.8894,44.7475],[3.8853,44.749],[3.8791,44.7471],[3.8751,44.7452],[3.8685,44.7424],[3.8627,44.7426],[3.8579,44.7441],[3.8564,44.7446],[3.8493,44.7487],[3.849,44.7547],[3.8473,44.7564],[3.8429,44.7606],[3.8444,44.7665],[3.8437,44.7726],[3.8379,44.7743],[3.8341,44.7771],[3.8286,44.7768],[3.8149,44.773],[3.7992,44.7887],[3.7693,44.8048],[3.7623,44.8146],[3.7591,44.8181],[3.7652,44.8295],[3.7495,44.8325],[3.7417,44.8423],[3.7408,44.8449],[3.739,44.8502],[3.7481,44.8558],[3.7514,44.8693],[3.7489,44.882],[3.7313,44.886],[3.7282,44.8913],[3.7289,44.9012],[3.727,44.9108],[3.7159,44.9234],[3.7225,44.9293],[3.7092,44.9344],[3.7068,44.9539],[3.6958,44.9674],[3.6839,44.9723],[3.6796,44.9756],[3.674,44.9783],[3.6466,44.9712],[3.6438,44.9796],[3.632,44.9881],[3.6282,44.99],[3.6286,44.996],[3.6293,44.9982],[3.6506,44.9992],[3.6547,45.0064],[3.6326,45.0135],[3.6234,45.0177],[3.6124,45.0229],[3.5986,45.0257],[3.5978,45.0289],[3.5893,45.0384],[3.5936,45.0442],[3.5881,45.0477],[3.5851,45.049],[3.5802,45.0507],[3.582,45.0561],[3.5788,45.058],[3.5642,45.0644],[3.5487,45.0684],[3.5447,45.0724],[3.5314,45.0922],[3.5122,45.0996],[3.5117,45.1],[3.5339,45.1052],[3.5326,45.1329],[3.5128,45.1398],[3.4885,45.1381],[3.4786,45.1432],[3.4607,45.1468],[3.4532,45.1459],[3.4415,45.1566],[3.441,45.1743],[3.4434,45.1751],[3.4447,45.1761],[3.4486,45.1775],[3.453,45.1793],[3.4604,45.1842],[3.4688,45.1835],[3.4719,45.1894],[3.4853,45.1894],[3.4979,45.1985],[3.5006,45.1932],[3.4994,45.1909],[3.4997,45.187],[3.4978,45.1835],[3.4974,45.1799],[3.4955,45.1745],[3.4996,45.1723],[3.5052,45.1756],[3.51,45.1789],[3.5157,45.1824],[3.5229,45.1838],[3.5282,45.1832],[3.5309,45.1829],[3.5344,45.1812],[3.541,45.178],[3.5473,45.1755],[3.5522,45.1705],[3.5616,45.1705],[3.5697,45.17],[3.5724,45.17],[3.5758,45.1699],[3.5841,45.1695],[3.5876,45.167],[3.5861,45.1624],[3.5857,45.1613],[3.5852,45.1576],[3.587,45.154],[3.5951,45.1498],[3.603,45.1477],[3.6106,45.144],[3.6115,45.1436],[3.6203,45.1389],[3.6317,45.1336],[3.6382,45.129],[3.6369,45.1235],[3.6306,45.1198],[3.63,45.1159],[3.635,45.1121],[3.6418,45.1071],[3.6493,45.1084],[3.65,45.1085],[3.6558,45.1152],[3.6581,45.1211],[3.6644,45.1289],[3.6702,45.1331],[3.6721,45.1339],[3.6791,45.1367],[3.6864,45.1393],[3.6947,45.1427],[3.7045,45.1449],[3.7173,45.1482],[3.7189,45.1539],[3.7178,45.161],[3.7196,45.1702],[3.7188,45.1791],[3.7149,45.1834],[3.7054,45.1883],[3.6997,45.1905],[3.6987,45.1949],[3.7037,45.1977],[3.7112,45.1984],[3.7187,45.1984],[3.7245,45.1976],[3.7318,45.1957],[3.7322,45.1955],[3.7371,45.193],[3.7404,45.1874],[3.7424,45.1832],[3.7414,45.178],[3.7411,45.1725],[3.741,45.1658],[3.7489,45.1626],[3.7543,45.1604],[3.7629,45.1576],[3.7654,45.1536],[3.7658,45.1529],[3.7654,45.1526],[3.7618,45.1501],[3.7597,45.1485],[3.7567,45.1465],[3.7574,45.1422],[3.7617,45.1374],[3.7636,45.1336],[3.7654,45.1302],[3.7732,45.1245],[3.7793,45.1243],[3.7824,45.1272],[3.7856,45.1323],[3.7893,45.1343],[3.7941,45.1337],[3.7982,45.1322],[3.8036,45.1297],[3.8086,45.1269],[3.8092,45.1266],[3.8178,45.1187],[3.8232,45.1153],[3.8259,45.1083],[3.8255,45.1029],[3.8297,45.0972],[3.8325,45.0903],[3.8378,45.0823],[3.8393,45.08],[3.8481,45.0657],[3.8427,45.0617],[3.8376,45.0601],[3.8211,45.0603],[3.8255,45.0451],[3.863,45.0323],[3.8657,45.024],[3.8722,45.0135],[3.8746,45.0011],[3.8756,44.9956],[3.8781,44.9875],[3.8824,44.9736],[3.8854,44.9638],[3.9019,44.9643],[3.9078,44.9697],[3.9092,44.9689],[3.9174,44.9642],[3.9268,44.9589],[3.9288,44.9577],[3.9381,44.9478],[3.939,44.9467],[3.9571,44.9291],[3.9815,44.9281],[3.9851,44.928],[4.0042,44.9497],[4.0293,44.9473],[4.0437,44.9486],[4.0623,44.9502],[4.0583,44.9687],[4.0572,44.9737],[4.0654,44.976],[4.0895,44.9828],[4.1026,44.9984],[4.1116,45.0079],[4.1064,45.0252],[4.092,45.0316],[4.0814,45.0373],[4.0691,45.045],[4.0548,45.0522],[4.0511,45.0584],[4.0484,45.0653],[4.0496,45.0715],[4.0517,45.0816],[4.0519,45.0825],[4.0317,45.0871],[4.0269,45.0906],[4.0246,45.094],[4.0199,45.1051],[4.0226,45.1085],[4.0232,45.1093],[4.0286,45.1126],[4.0328,45.1139],[4.0375,45.1153],[4.0452,45.1128],[4.051,45.1103],[4.0543,45.1088],[4.0584,45.1062],[4.0612,45.1041],[4.0621,45.1038],[4.0627,45.1037],[4.0639,45.1033],[4.0671,45.1019],[4.0797,45.0976],[4.0903,45.0954],[4.1015,45.0932],[4.1059,45.0923],[4.1208,45.093],[4.135,45.092],[4.1545,45.0934],[4.1647,45.0919],[4.1702,45.086],[4.1817,45.0847],[4.1912,45.086],[4.2011,45.0845],[4.2101,45.0794],[4.2208,45.0746],[4.2293,45.0661],[4.2294,45.0622],[4.2296,45.0569],[4.2244,45.0513],[4.2168,45.0451],[4.207,45.0388],[4.2167,45.0385],[4.225,45.0373],[4.2346,45.0351],[4.2447,45.032],[4.2482,45.0271],[4.2463,45.023],[4.2435,45.0196],[4.2397,45.0157],[4.238,45.01],[4.237,45.0043],[4.2426,45.002],[4.2494,45.0022],[4.2551,45.0009],[4.2605,45.0039],[4.2635,45.0093],[4.2694,45.0114],[4.2758,45.0098],[4.2837,45.0077],[4.2853,45.0074],[4.291,45.0063],[4.3001,45.0062],[4.3027,45.0067],[4.3069,45.0075],[4.3171,45.0092],[4.3415,45.0188],[4.3537,44.9992],[4.3539,44.9922]]]},"properties":{"code":49,"nom":"Hautes Terres Volcaniques orientales","code_her1":3,"nom_her1":"MASSIF CENTRAL SUD"}},{"type":"Feature","geometry":{"type":"Polygon","coordinates":[[[2.383,43.4897],[2.3998,43.4776],[2.471,43.4368],[2.521,43.4221],[2.4585,43.3521],[2.485,43.3098],[2.4837,43.3097],[2.4627,43.3065],[2.4416,43.2947],[2.414,43.296],[2.3908,43.2932],[2.3605,43.2939],[2.327,43.2938],[2.2961,43.2972],[2.2735,43.2976],[2.2597,43.2942],[2.2428,43.2925],[2.21,43.2995],[2.1656,43.302],[2.156,43.3035],[2.1486,43.3043],[2.1359,43.3129],[1.9859,43.4147],[2.034,43.4378],[2.087,43.4562],[2.1229,43.4746],[2.1407,43.4809],[2.1497,43.4841],[2.1899,43.4855],[2.2154,43.4902],[2.2501,43.5049],[2.2743,43.5073],[2.3231,43.4947],[2.3431,43.4877],[2.383,43.4897]]]},"properties":{"code":72,"nom":"Montagne noire","code_her1":3,"nom_her1":"MASSIF CENTRAL SUD"}},{"type":"Feature","geometry":{"type":"Polygon","coordinates":[[[3.0653,43.8353],[3.1105,43.7848],[3.115,43.7494],[3.1648,43.7388],[3.1961,43.7136],[3.2019,43.6785],[3.1877,43.6628],[3.1388,43.6253],[3.155,43.603],[3.2274,43.5959],[3.2911,43.6028],[3.2395,43.6338],[3.2245,43.6533],[3.2695,43.6779],[3.2982,43.7183],[3.3245,43.7643],[3.3526,43.7669],[3.3754,43.7574],[3.3683,43.7361],[3.3912,43.7312],[3.4174,43.7432],[3.473,43.7249],[3.4716,43.724],[3.4483,43.704],[3.4184,43.6445],[3.4166,43.6285],[3.4137,43.6025],[3.4055,43.5807],[3.3844,43.5613],[3.3841,43.5602],[3.353,43.5401],[3.3067,43.5167],[3.2715,43.5042],[3.2437,43.5],[3.1818,43.4982],[3.1223,43.4814],[3.0653,43.4615],[3.0485,43.4542],[3.0439,43.4471],[3.0304,43.4464],[2.9826,43.4264],[2.9494,43.4158],[2.9216,43.4083],[2.7832,43.3682],[2.7419,43.359],[2.6608,43.3433],[2.6075,43.3364],[2.5795,43.3314],[2.5729,43.3296],[2.5329,43.3146],[2.5225,43.3113],[2.485,43.3098],[2.4585,43.3521],[2.521,43.4221],[2.471,43.4368],[2.3998,43.4776],[2.383,43.4897],[2.3878,43.5073],[2.4252,43.5155],[2.4432,43.5281],[2.4453,43.5553],[2.5188,43.5868],[2.6585,43.571],[2.6992,43.6107],[2.7711,43.619],[2.7661,43.6456],[2.8531,43.7353],[2.9388,43.7975],[2.9753,43.7878],[3.0494,43.8433],[3.0653,43.8353]]]},"properties":{"code":103,"nom":"Montagne Noire Climat cevenol","code_her1":8,"nom_her1":"CEVENNES"}},{"type":"Feature","geometry":{"type":"Polygon","coordinates":[[[6.2669,43.7802],[6.2355,43.7677],[6.2233,43.7489],[6.2034,43.7467],[6.1588,43.7101],[6.144,43.7304],[6.1318,43.7378],[6.093,43.7364],[6.0768,43.714],[6.0502,43.7092],[5.9942,43.7269],[5.9851,43.7388],[5.9459,43.7605],[5.9235,43.7546],[5.9048,43.759],[5.8838,43.7473],[5.8642,43.727],[5.8412,43.7146],[5.8175,43.7124],[5.7989,43.7046],[5.758,43.7046],[5.7301,43.6828],[5.7033,43.6617],[5.685,43.653],[5.6775,43.6442],[5.6774,43.619],[5.6646,43.6124],[5.6437,43.61],[5.6152,43.6236],[5.5097,43.6067],[5.4987,43.5938],[5.4987,43.5935],[5.4989,43.5755],[5.5543,43.5139],[5.5768,43.4842],[5.5846,43.4711],[5.5602,43.4671],[5.5012,43.4645],[5.4584,43.4344],[5.3648,43.4166],[5.2377,43.3801],[5.1901,43.3685],[5.0487,43.3851],[5.0746,43.4034],[5.101,43.3949],[5.1165,43.4055],[5.1237,43.3975],[5.1729,43.4184],[5.2221,43.4485],[5.2248,43.4802],[5.2069,43.491],[5.1575,43.4631],[5.1641,43.4546],[5.1589,43.4502],[5.134,43.4712],[5.1148,43.5098],[5.1166,43.5186],[5.1058,43.5235],[5.069,43.5274],[5.0483,43.5248],[5.0253,43.5584],[5.0157,43.5538],[5.005,43.5707],[5.0408,43.6089],[5.0872,43.6304],[5.0931,43.6941],[5.0949,43.7908],[5.0878,43.8198],[5.1104,43.8748],[5.1217,43.9302],[5.1593,43.9409],[5.1677,43.9378],[5.2017,43.9369],[5.2284,43.9538],[5.2617,43.957],[5.3268,43.9641],[5.3349,43.9578],[5.3878,43.9517],[5.4492,43.9551],[5.4716,43.9505],[5.4987,43.939],[5.5182,43.9224],[5.5486,43.9232],[5.5952,43.939],[5.6197,43.96],[5.6556,43.9621],[5.7151,43.9998],[5.7217,43.9973],[5.7319,43.9918],[5.7382,43.9872],[5.7521,43.9891],[5.7726,44.0092],[5.801,44.0238],[5.8515,44.039],[5.941,44.0493],[5.9475,44.0511],[5.9882,44.0721],[6.0154,44.0861],[6.0157,44.0838],[6.0438,44.0748],[6.0623,44.0638],[6.104,44.0613],[6.1641,44.0824],[6.2022,44.0891],[6.2237,44.0851],[6.2323,44.0783],[6.2404,44.0569],[6.2321,44.0402],[6.2348,44.0327],[6.2482,44.0286],[6.2543,44.0201],[6.2484,44.0129],[6.2233,43.9905],[6.2327,43.9698],[6.2299,43.9603],[6.2294,43.9453],[6.1996,43.93],[6.2033,43.8885],[6.2035,43.8876],[6.2086,43.8511],[6.2416,43.811],[6.2543,43.8056],[6.2639,43.788],[6.2669,43.7802]]]},"properties":{"code":56,"nom":"Collines de Basse Provence","code_her1":6,"nom_her1":"MEDITERRANEEN"}},{"type":"Feature","geometry":{"type":"Polygon","coordinates":[[[4.6377,47.0104],[4.6424,47.0289],[4.6799,47.0392],[4.7014,47.0514],[4.7254,47.0834],[4.7084,47.0964],[4.679,47.1141],[4.6656,47.1515],[4.6808,47.1935],[4.6838,47.2037],[4.6858,47.2128],[4.6852,47.2174],[4.6862,47.2214],[4.6961,47.2372],[4.7178,47.2527],[4.7353,47.2678],[4.7526,47.28],[4.7726,47.2956],[4.805,47.3235],[4.8254,47.383],[4.7976,47.3996],[4.7921,47.4089],[4.7618,47.4455],[4.7413,47.4574],[4.7412,47.4951],[4.79,47.5357],[4.8226,47.5623],[4.8555,47.5949],[4.8806,47.6005],[4.8872,47.6087],[4.9211,47.6403],[4.9418,47.6658],[4.9529,47.6897],[4.9785,47.6756],[5.0627,47.7196],[5.1621,47.7266],[5.1672,47.764],[5.1944,47.7801],[5.2274,47.7887],[5.2498,47.799],[5.27,47.802],[5.3362,47.8186],[5.3724,47.8369],[5.3731,47.8014],[5.3864,47.7884],[5.3326,47.7898],[5.2858,47.791],[5.2231,47.7563],[5.2431,47.7384],[5.2515,47.7193],[5.199,47.7016],[5.1329,47.689],[5.1953,47.6765],[5.31,47.7036],[5.3671,47.7125],[5.3757,47.7138],[5.3717,47.6972],[5.3111,47.6664],[5.2831,47.6319],[5.2315,47.6038],[5.2104,47.5749],[5.1439,47.5501],[5.1071,47.5098],[5.0907,47.4866],[5.046,47.4171],[5.0509,47.405],[5.0506,47.4049],[5.033,47.3661],[5.0183,47.3415],[5.0035,47.317],[5.0046,47.2872],[4.9784,47.2459],[4.9676,47.207],[4.9614,47.1843],[4.9627,47.1617],[4.9454,47.1217],[4.9356,47.1078],[4.915,47.0981],[4.8933,47.0781],[4.8616,47.0633],[4.7775,46.9913],[4.7628,46.9702],[4.7303,46.9235],[4.7506,46.9059],[4.7552,46.8924],[4.7502,46.8714],[4.7556,46.8497],[4.7588,46.8428],[4.7278,46.8157],[4.7542,46.8077],[4.7648,46.7875],[4.7516,46.7725],[4.717,46.7536],[4.7119,46.74],[4.709,46.7142],[4.7079,46.6887],[4.6976,46.6635],[4.689,46.6483],[4.6805,46.623],[4.6827,46.6073],[4.6694,46.5899],[4.6441,46.5818],[4.6622,46.5798],[4.6523,46.5628],[4.6069,46.5299],[4.6096,46.5241],[4.6328,46.5318],[4.6461,46.5362],[4.6702,46.5405],[4.6821,46.5543],[4.6988,46.5708],[4.7239,46.5872],[4.74,46.5916],[4.741,46.5739],[4.728,46.5644],[4.7193,46.5465],[4.6896,46.5165],[4.678,46.4858],[4.6768,46.4429],[4.6661,46.4205],[4.6607,46.401],[4.6505,46.3921],[4.6252,46.3741],[4.5887,46.3712],[4.5815,46.4005],[4.577,46.4043],[4.5761,46.4178],[4.5973,46.4361],[4.6047,46.456],[4.5988,46.4647],[4.5601,46.4533],[4.5435,46.4575],[4.5299,46.4717],[4.5255,46.4837],[4.5236,46.4888],[4.5176,46.4997],[4.5024,46.5278],[4.498,46.5433],[4.5006,46.56],[4.5116,46.5777],[4.5177,46.5898],[4.5334,46.6174],[4.5427,46.6402],[4.5436,46.65],[4.5449,46.6853],[4.5526,46.694],[4.5802,46.7014],[4.5948,46.712],[4.6072,46.7369],[4.6105,46.7462],[4.6225,46.7522],[4.6321,46.7631],[4.6544,46.7735],[4.6722,46.7862],[4.6696,46.8037],[4.6762,46.8184],[4.6806,46.8312],[4.6844,46.8367],[4.6819,46.8394],[4.6535,46.8432],[4.65,46.857],[4.6673,46.8733],[4.681,46.8902],[4.675,46.8954],[4.6575,46.9055],[4.632,46.9333],[4.6331,46.9413],[4.6326,46.9499],[4.6323,46.9619],[4.631,46.9694],[4.628,46.9774],[4.6354,46.9955],[4.6366,47.0041],[4.6377,47.0104]]]},"properties":{"code":99,"nom":"Cotes de Bourgogne","code_her1":10,"nom_her1":"COTES CALCAIRES EST"}},{"type":"Feature","geometry":{"type":"Polygon","coordinates":[[[6.3751,46.0782],[6.365,46.0822],[6.3454,46.0657],[6.3221,46.069],[6.2908,46.0438],[6.2882,46.0303],[6.2498,46.0056],[6.2192,45.9838],[6.1675,45.9253],[6.1576,45.8954],[6.1392,45.8769],[6.1184,45.8838],[6.1033,45.8751],[6.0642,45.8265],[6.0504,45.7585],[6.0357,45.7563],[6.0218,45.7465],[6.0148,45.7209],[6.0051,45.7129],[5.9552,45.6969],[5.9518,45.6862],[5.92,45.7039],[5.9197,45.7247],[5.9229,45.749],[5.8922,45.7847],[5.8855,45.8092],[5.9006,45.8377],[5.8921,45.8854],[5.897,45.9362],[5.8819,45.9599],[5.8318,45.98],[5.8151,46.0059],[5.7924,46.0077],[5.7696,46.0193],[5.7537,46.0411],[5.761,46.0944],[5.7766,46.1106],[5.8042,46.1255],[5.8345,46.1005],[5.8545,46.1017],[5.8722,46.1086],[5.8874,46.1173],[5.8835,46.16],[5.9074,46.1592],[5.9139,46.1679],[5.9156,46.1931],[5.932,46.2224],[6.0201,46.3001],[6.048,46.3399],[6.0666,46.35],[6.0836,46.3438],[6.0916,46.3385],[6.1008,46.3387],[6.1143,46.3772],[6.1288,46.3934],[6.1437,46.3847],[6.1525,46.3794],[6.1571,46.3768],[6.1728,46.3762],[6.1762,46.3688],[6.1586,46.3429],[6.1409,46.3351],[6.1308,46.3187],[6.1263,46.3065],[6.1267,46.2934],[6.1087,46.2844],[6.1175,46.2648],[6.127,46.2499],[6.1049,46.2374],[6.0915,46.2438],[6.067,46.2385],[6.0549,46.2288],[6.0472,46.2338],[6.0374,46.2357],[6.0238,46.2334],[6.0,46.2142],[5.9743,46.2145],[5.9681,46.1975],[5.9956,46.1865],[6.0006,46.1776],[5.9843,46.1688],[5.9752,46.1552],[5.9696,46.1416],[5.9722,46.1365],[5.9588,46.1306],[5.9624,46.1259],[5.9859,46.132],[5.9929,46.1434],[6.044,46.1374],[6.0502,46.1399],[6.0542,46.1503],[6.0998,46.1497],[6.1021,46.1437],[6.1416,46.1404],[6.1514,46.1448],[6.1505,46.1516],[6.1811,46.1615],[6.1917,46.1683],[6.1904,46.1772],[6.1968,46.1848],[6.2145,46.1926],[6.2299,46.2041],[6.2811,46.213],[6.2893,46.2207],[6.3013,46.2251],[6.3122,46.2389],[6.3122,46.2527],[6.308,46.2565],[6.2984,46.2602],[6.2729,46.248],[6.2427,46.2776],[6.2565,46.2897],[6.2524,46.306],[6.2745,46.3365],[6.2838,46.3491],[6.3184,46.3653],[6.3391,46.3671],[6.3491,46.3648],[6.3645,46.3456],[6.3909,46.3388],[6.412,46.3471],[6.4164,46.356],[6.4472,46.3568],[6.4686,46.3689],[6.484,46.3761],[6.4893,46.3901],[6.523,46.3985],[6.555,46.3902],[6.5995,46.4002],[6.6386,46.3993],[6.708,46.4051],[6.7413,46.4025],[6.8073,46.3889],[6.8071,46.378],[6.7655,46.3887],[6.7191,46.394],[6.7146,46.3901],[6.673,46.3872],[6.6742,46.3709],[6.6503,46.3675],[6.6055,46.3442],[6.5824,46.3458],[6.5505,46.3553],[6.5422,46.352],[6.5441,46.3452],[6.5352,46.3364],[6.4797,46.2981],[6.4702,46.2836],[6.4627,46.2842],[6.4117,46.2632],[6.3622,46.2499],[6.3485,46.2424],[6.3296,46.2209],[6.3274,46.1905],[6.3532,46.1794],[6.3634,46.1672],[6.3764,46.152],[6.4049,46.1458],[6.4141,46.1394],[6.3816,46.1154],[6.3573,46.1302],[6.3494,46.1252],[6.3772,46.0962],[6.3735,46.0907],[6.3751,46.0782]]]},"properties":{"code":76,"nom":"Piedmont Alpes Jura","code_her1":5,"nom_her1":"JURA-PREALPES DU NORD"}},{"type":"Feature","geometry":{"type":"Polygon","coordinates":[[[4.9025,45.0618],[4.9193,45.0534],[4.9396,45.0488],[4.9536,45.0372],[4.989,45.0298],[5.0108,45.017],[5.0434,45.0205],[5.0639,45.0204],[5.0765,45.0215],[5.0758,45.0094],[5.0985,44.9849],[5.1179,44.9769],[5.1356,44.961],[5.1375,44.9578],[5.1013,44.9224],[5.0635,44.8679],[5.0566,44.8498],[5.057,44.8266],[5.0544,44.8004],[5.0812,44.7968],[5.0839,44.7777],[5.0952,44.7699],[5.0971,44.7621],[5.1205,44.7494],[5.121,44.7313],[5.1163,44.7213],[5.0963,44.7102],[5.093,44.7079],[5.084,44.6993],[5.042,44.6744],[5.0356,44.6574],[5.0464,44.6491],[5.0605,44.6478],[5.07,44.6415],[5.0688,44.6153],[5.0583,44.6035],[5.0089,44.5715],[4.9955,44.5557],[4.9926,44.5246],[4.9759,44.4978],[4.9835,44.4805],[5.0009,44.462],[5.0765,44.4279],[5.1106,44.3993],[5.1483,44.3479],[5.1471,44.3362],[5.1394,44.3279],[5.1446,44.3193],[5.1358,44.3035],[5.15,44.2853],[5.1736,44.2779],[5.2109,44.2529],[5.2159,44.2427],[5.1728,44.1638],[5.1462,44.152],[5.1805,44.1396],[5.2174,44.1306],[5.2522,44.1091],[5.2791,44.0912],[5.293,44.0636],[5.2895,44.0235],[5.2706,44.0089],[5.2342,43.991],[5.1583,43.9592],[5.1523,43.9503],[5.1547,43.9427],[5.1593,43.9409],[5.1217,43.9302],[5.1104,43.8748],[5.0878,43.8198],[5.0949,43.7908],[5.0931,43.6941],[5.0872,43.6304],[5.0408,43.6089],[5.005,43.5707],[5.0157,43.5538],[5.017,43.5241],[4.9963,43.5027],[5.0114,43.4698],[5.0497,43.4681],[5.0567,43.4411],[5.0233,43.4355],[5.0219,43.4279],[5.0052,43.4261],[5.0033,43.4087],[4.9872,43.3963],[4.972,43.4254],[4.9286,43.431],[4.8878,43.4221],[4.8556,43.3987],[4.8661,43.369],[4.8494,43.3757],[4.8178,43.3831],[4.7958,43.3975],[4.7786,43.4063],[4.7658,43.4199],[4.761,43.4327],[4.7443,43.4257],[4.722,43.436],[4.7169,43.4444],[4.7171,43.4799],[4.7018,43.4954],[4.6845,43.5006],[4.6708,43.5124],[4.6655,43.5232],[4.6679,43.5399],[4.6254,43.5656],[4.6199,43.5863],[4.5872,43.5938],[4.5819,43.5993],[4.5844,43.6131],[4.5658,43.619],[4.5396,43.6199],[4.5428,43.6435],[4.5552,43.6594],[4.5466,43.6726],[4.5271,43.6744],[4.4981,43.6616],[4.4755,43.6439],[4.4464,43.6343],[4.4264,43.6387],[4.4186,43.6454],[4.4045,43.6371],[4.3971,43.6396],[4.3914,43.6524],[4.3784,43.6543],[4.2613,43.6195],[4.2618,43.619],[4.239,43.6194],[4.1956,43.6352],[4.1387,43.6315],[4.061,43.6252],[4.0281,43.6023],[3.9629,43.5808],[3.9175,43.5526],[3.8819,43.5426],[3.8552,43.5101],[3.8321,43.5133],[3.8021,43.5005],[3.7987,43.4678],[3.7427,43.4404],[3.7167,43.4294],[3.6862,43.4476],[3.6438,43.45],[3.5588,43.3901],[3.5268,43.3361],[3.5429,43.3059],[3.5422,43.305],[3.5088,43.2678],[3.4283,43.2874],[3.3729,43.2785],[3.3019,43.2502],[3.2358,43.2085],[3.1697,43.1603],[3.1094,43.0927],[3.0903,43.0643],[3.0776,43.0682],[3.074,43.0841],[3.0459,43.0909],[3.0474,43.1059],[3.0334,43.1097],[3.0302,43.0638],[3.0633,43.0523],[3.0749,43.0588],[3.0864,43.0569],[3.0432,42.969],[3.0254,42.9823],[3.0012,42.9796],[2.9927,42.9627],[3.016,42.9383],[3.0363,42.9316],[3.0626,42.9187],[3.039,42.8397],[3.0351,42.7936],[3.0371,42.652],[3.0531,42.5388],[3.0986,42.5244],[3.1385,42.5151],[3.1299,42.5008],[3.1344,42.4852],[3.1526,42.4783],[3.124,42.4664],[3.0438,42.5247],[2.9686,42.5181],[2.8838,42.5116],[2.796,42.4761],[2.7314,42.4756],[2.682,42.4641],[2.6085,42.5293],[2.607,42.5565],[2.5737,42.5801],[2.5771,42.6047],[2.5622,42.6468],[2.5288,42.6617],[2.4686,42.6469],[2.4452,42.6704],[2.4938,42.6827],[2.4921,42.6951],[2.4788,42.7099],[2.4654,42.721],[2.4554,42.7371],[2.3649,42.747],[2.3481,42.7952],[2.3683,42.8113],[2.3578,42.8395],[2.3782,42.8371],[2.4615,42.8251],[2.5077,42.8241],[2.5503,42.8274],[2.5628,42.8342],[2.5648,42.8378],[2.5686,42.8451],[2.5768,42.8546],[2.6052,42.8647],[2.6459,42.8817],[2.672,42.8984],[2.673,42.8995],[2.6769,42.9114],[2.6721,42.937],[2.6635,42.9611],[2.6619,42.9623],[2.6266,42.9873],[2.6206,43.0033],[2.6073,43.0076],[2.5849,43.0057],[2.5554,42.9968],[2.5374,42.9953],[2.5092,43.0068],[2.4997,43.013],[2.5019,43.0187],[2.524,43.0393],[2.5201,43.0499],[2.5192,43.0508],[2.4874,43.0649],[2.4653,43.0716],[2.4607,43.0757],[2.5044,43.1056],[2.509,43.1188],[2.5028,43.1239],[2.4233,43.1489],[2.4422,43.1728],[2.4337,43.2043],[2.4699,43.2332],[2.4837,43.3097],[2.485,43.3098],[2.5225,43.3113],[2.5329,43.3146],[2.5729,43.3296],[2.5795,43.3314],[2.6075,43.3364],[2.6608,43.3433],[2.7419,43.359],[2.7832,43.3682],[2.9216,43.4083],[2.9494,43.4158],[2.9826,43.4264],[3.0304,43.4464],[3.0439,43.4471],[3.0485,43.4542],[3.0653,43.4615],[3.1223,43.4814],[3.1818,43.4982],[3.2437,43.5],[3.2715,43.5042],[3.3067,43.5167],[3.353,43.5401],[3.3841,43.5602],[3.3844,43.5613],[3.4055,43.5807],[3.4137,43.6025],[3.4166,43.6285],[3.4184,43.6445],[3.4483,43.704],[3.4716,43.724],[3.473,43.7249],[3.6019,43.7042],[3.586,43.5966],[3.6027,43.5586],[3.6497,43.5212],[3.6692,43.5614],[3.6706,43.6249],[3.715,43.6727],[3.7601,43.6764],[3.7867,43.6942],[3.8548,43.7998],[3.9774,43.8894],[4.0031,43.9611],[4.0823,44.0067],[4.0699,44.0072],[4.1023,44.05],[4.1326,44.0608],[4.1579,44.0969],[4.2711,44.0504],[4.3756,44.0485],[4.4726,44.0711],[4.5409,44.084],[4.5653,44.1284],[4.5638,44.2344],[4.5738,44.2869],[4.5752,44.2935],[4.642,44.3456],[4.6559,44.3801],[4.6592,44.4095],[4.6835,44.4319],[4.6944,44.4546],[4.6936,44.4751],[4.6858,44.4801],[4.6816,44.4929],[4.6909,44.5056],[4.6866,44.5086],[4.6993,44.5199],[4.6841,44.5554],[4.6956,44.5589],[4.7353,44.6122],[4.7702,44.6552],[4.7773,44.6784],[4.7731,44.7002],[4.7485,44.7265],[4.7575,44.7575],[4.7796,44.7961],[4.8406,44.8455],[4.8433,44.8514],[4.8509,44.8679],[4.8594,44.8863],[4.8605,44.8971],[4.8496,44.8976],[4.8566,44.9593],[4.8575,44.9675],[4.8511,44.9715],[4.8503,44.9874],[4.8357,45.0181],[4.8335,45.0539],[4.87,45.0589],[4.8768,45.0584],[4.885,45.0577],[4.9025,45.0618]]]},"properties":{"code":105,"nom":"Plaine mediterraneenne","code_her1":6,"nom_her1":"MEDITERRANEEN"}},{"type":"Feature","geometry":{"type":"Polygon","coordinates":[[[6.0694,47.6397],[6.0326,47.639],[5.9794,47.6727],[5.8549,47.6078],[5.7801,47.5929],[5.7227,47.5603],[5.6805,47.549],[5.6379,47.5315],[5.6443,47.4861],[5.5842,47.4695],[5.5478,47.5131],[5.4762,47.4768],[5.4479,47.4747],[5.4079,47.5331],[5.2761,47.4476],[5.1864,47.4483],[5.1399,47.4385],[5.0509,47.405],[5.046,47.4171],[5.0907,47.4866],[5.1071,47.5098],[5.1439,47.5501],[5.2104,47.5749],[5.2315,47.6038],[5.2831,47.6319],[5.3111,47.6664],[5.3717,47.6972],[5.3757,47.7138],[5.4179,47.7203],[5.4462,47.7203],[5.4845,47.7151],[5.4866,47.7038],[5.4922,47.7028],[5.5073,47.7044],[5.5387,47.7079],[5.5634,47.7099],[5.5795,47.7001],[5.5961,47.6995],[5.6265,47.7088],[5.6882,47.7086],[5.7056,47.7162],[5.7112,47.7101],[5.7012,47.6743],[5.7069,47.6657],[5.7267,47.6739],[5.8189,47.7495],[5.9629,47.7397],[6.0449,47.7418],[6.071,47.7365],[6.0712,47.7305],[6.0833,47.7198],[6.0673,47.6756],[6.0694,47.6397]]]},"properties":{"code":1,"nom":"Plateau calcaire haute Saone","code_her1":10,"nom_her1":"COTES CALCAIRES EST"}},{"type":"Feature","geometry":{"type":"Polygon","coordinates":[[[4.467,47.6147],[4.5712,47.5802],[4.6538,47.5374],[4.7413,47.4574],[4.7618,47.4455],[4.7921,47.4089],[4.7976,47.3996],[4.8254,47.383],[4.805,47.3235],[4.7726,47.2956],[4.7526,47.28],[4.7353,47.2678],[4.7178,47.2527],[4.6961,47.2372],[4.6862,47.2214],[4.6852,47.2174],[4.6858,47.2128],[4.6838,47.2037],[4.6808,47.1935],[4.6656,47.1515],[4.679,47.1141],[4.7084,47.0964],[4.7254,47.0834],[4.7014,47.0514],[4.6799,47.0392],[4.6424,47.0289],[4.6377,47.0104],[4.6246,47.0239],[4.6165,47.0345],[4.5922,47.0446],[4.5846,47.0588],[4.5572,47.0781],[4.5323,47.0707],[4.5179,47.072],[4.5016,47.0809],[4.4649,47.0729],[4.4233,47.0563],[4.4123,47.0521],[4.4012,47.0504],[4.3956,47.0535],[4.3995,47.0596],[4.4055,47.062],[4.4534,47.0895],[4.4588,47.096],[4.4456,47.1003],[4.4198,47.0954],[4.4114,47.1018],[4.4145,47.1103],[4.4167,47.1134],[4.4286,47.1278],[4.4284,47.1314],[4.4288,47.1372],[4.4258,47.1393],[4.4052,47.1495],[4.3902,47.1646],[4.3795,47.171],[4.3595,47.1752],[4.3438,47.1707],[4.3424,47.1627],[4.3561,47.1358],[4.3504,47.1256],[4.348,47.1224],[4.3363,47.1186],[4.3215,47.1249],[4.3154,47.1306],[4.3159,47.1422],[4.3129,47.1465],[4.2909,47.1515],[4.2838,47.1534],[4.2702,47.1601],[4.273,47.1752],[4.2758,47.1827],[4.2703,47.1936],[4.2391,47.2091],[4.2351,47.2165],[4.2377,47.2215],[4.2551,47.223],[4.2587,47.2233],[4.2677,47.2232],[4.2849,47.2218],[4.2917,47.2237],[4.3043,47.244],[4.33,47.2588],[4.3385,47.2742],[4.3409,47.2996],[4.337,47.3088],[4.329,47.338],[4.3285,47.3451],[4.3138,47.3994],[4.2997,47.4226],[4.2987,47.4273],[4.2962,47.4364],[4.2956,47.4382],[4.2917,47.4415],[4.2764,47.4467],[4.2623,47.4518],[4.2465,47.4575],[4.2466,47.4591],[4.2277,47.4664],[4.206,47.4589],[4.206,47.4577],[4.1859,47.4548],[4.1627,47.459],[4.1521,47.4688],[4.1319,47.4776],[4.1245,47.4731],[4.1016,47.4599],[4.0718,47.4598],[3.9899,47.4811],[3.9677,47.4972],[3.9653,47.4982],[3.946,47.496],[3.9412,47.4946],[3.92,47.4911],[3.9007,47.4981],[3.8835,47.5001],[3.8651,47.4961],[3.864,47.4952],[3.8519,47.481],[3.8539,47.4731],[3.8549,47.4717],[3.8754,47.4631],[3.8756,47.4594],[3.8679,47.4524],[3.8508,47.4496],[3.8408,47.4371],[3.8276,47.4298],[3.8052,47.4351],[3.7886,47.4258],[3.795,47.4165],[3.7991,47.3953],[3.796,47.391],[3.7843,47.3662],[3.7848,47.354],[3.7895,47.2986],[3.7848,47.2755],[3.7738,47.2617],[3.7599,47.2517],[3.7495,47.2423],[3.7422,47.2307],[3.7369,47.2259],[3.7272,47.2034],[3.7258,47.1869],[3.7255,47.1856],[3.7243,47.1748],[3.7264,47.1577],[3.7273,47.1497],[3.7398,47.1339],[3.7502,47.1246],[3.7659,47.1098],[3.7779,47.0985],[3.7939,47.0713],[3.809,47.0242],[3.8334,46.9773],[3.8319,46.9657],[3.8186,46.9589],[3.8083,46.9536],[3.8083,46.9536],[3.8083,46.9536],[3.8083,46.9536],[3.8083,46.9536],[3.7952,46.9469],[3.7936,46.9467],[3.7936,46.9467],[3.7936,46.9467],[3.7821,46.9304],[3.7722,46.8934],[3.7625,46.8856],[3.7625,46.8856],[3.7625,46.8856],[3.7625,46.8856],[3.7324,46.8854],[3.7324,46.8854],[3.7021,46.8732],[3.7021,46.8732],[3.6907,46.8727],[3.6907,46.8727],[3.6907,46.8727],[3.6907,46.8727],[3.6907,46.8727],[3.6907,46.8727],[3.6907,46.8727],[3.6666,46.9192],[3.6666,46.9193],[3.6666,46.9193],[3.6666,46.9193],[3.6666,46.9193],[3.6358,46.9362],[3.6358,46.9362],[3.6358,46.9362],[3.6358,46.9362],[3.6358,46.9362],[3.6358,46.9362],[3.6358,46.9362],[3.59,46.9047],[3.5876,46.8735],[3.5876,46.8735],[3.5875,46.8735],[3.5009,46.8428],[3.4589,46.8388],[3.4589,46.8388],[3.4589,46.8388],[3.4589,46.8388],[3.4357,46.8412],[3.4357,46.8412],[3.4357,46.8412],[3.4357,46.8412],[3.4357,46.8412],[3.4164,46.8364],[3.4164,46.8364],[3.4164,46.8364],[3.4164,46.8364],[3.4164,46.8364],[3.4057,46.8405],[3.4057,46.8405],[3.4057,46.8405],[3.4057,46.8405],[3.4057,46.8405],[3.389,46.8345],[3.3672,46.8328],[3.3673,46.8329],[3.3673,46.8329],[3.3895,46.8641],[3.4061,46.9016],[3.418,46.9152],[3.4168,46.9369],[3.4041,46.9696],[3.4466,47.0103],[3.4547,47.0382],[3.435,47.0961],[3.3819,47.1358],[3.367,47.1704],[3.3984,47.1879],[3.4171,47.2037],[3.4182,47.2226],[3.3901,47.2382],[3.386,47.2828],[3.3968,47.3192],[3.4068,47.3574],[3.4439,47.3628],[3.4975,47.356],[3.4938,47.2983],[3.5161,47.2815],[3.569,47.3221],[3.5817,47.3807],[3.6195,47.3948],[3.6743,47.3666],[3.7063,47.3685],[3.7752,47.3357],[3.7733,47.3597],[3.7165,47.405],[3.7501,47.484],[3.759,47.5165],[3.7751,47.5163],[3.7919,47.4857],[3.8211,47.4751],[3.8522,47.5301],[3.8868,47.5611],[3.9557,47.5778],[3.996,47.599],[4.0077,47.5936],[4.0476,47.6011],[4.1048,47.5951],[4.1618,47.6073],[4.2383,47.6198],[4.2718,47.637],[4.3155,47.6427],[4.3845,47.6213],[4.467,47.6147]]]},"properties":{"code":51,"nom":"Bazois Auxois","code_her1":10,"nom_her1":"COTES CALCAIRES EST"}},{"type":"Feature","geometry":{"type":"Polygon","coordinates":[[[9.3992,41.8593],[9.3924,41.8586],[9.3791,41.8713],[9.3716,41.8921],[9.3652,41.9061],[9.3573,41.9159],[9.3601,41.9268],[9.3713,41.9374],[9.3781,41.9582],[9.3683,41.9728],[9.3628,41.9899],[9.3537,41.9946],[9.3498,42.0182],[9.3343,42.0248],[9.3312,42.037],[9.3373,42.0452],[9.3486,42.0562],[9.3553,42.0684],[9.364,42.081],[9.3681,42.0891],[9.3725,42.101],[9.3774,42.1115],[9.3836,42.1276],[9.396,42.1469],[9.4072,42.1692],[9.4151,42.182],[9.4264,42.2093],[9.4503,42.2308],[9.4593,42.2374],[9.4861,42.262],[9.4971,42.2801],[9.5058,42.2983],[9.5212,42.3146],[9.524,42.3425],[9.5057,42.3496],[9.5052,42.3707],[9.5028,42.388],[9.5156,42.3926],[9.5147,42.3983],[9.5153,42.4277],[9.4993,42.4504],[9.4655,42.4767],[9.4557,42.4949],[9.4497,42.5043],[9.4431,42.5146],[9.4386,42.5327],[9.439,42.5561],[9.4222,42.5798],[9.4269,42.6655],[9.4481,42.6711],[9.4504,42.6644],[9.4481,42.6584],[9.4503,42.6576],[9.454,42.6563],[9.4604,42.6457],[9.4639,42.6417],[9.4671,42.6379],[9.4755,42.6249],[9.4864,42.614],[9.4881,42.6125],[9.494,42.6073],[9.5129,42.5868],[9.5267,42.5684],[9.5279,42.5666],[9.5315,42.5573],[9.534,42.5464],[9.5341,42.5413],[9.535,42.5362],[9.5347,42.5298],[9.5344,42.5244],[9.5356,42.522],[9.5305,42.5111],[9.5298,42.4936],[9.5297,42.4925],[9.5312,42.4844],[9.5314,42.4811],[9.5355,42.4686],[9.5408,42.4522],[9.5414,42.4464],[9.5418,42.4414],[9.5421,42.4389],[9.5438,42.4265],[9.5409,42.4211],[9.5381,42.4173],[9.5381,42.4114],[9.538,42.4047],[9.5348,42.3966],[9.5348,42.3944],[9.5328,42.3751],[9.5363,42.3587],[9.5395,42.3415],[9.5413,42.3312],[9.5444,42.3248],[9.5502,42.3165],[9.5544,42.2996],[9.5553,42.2958],[9.5577,42.2906],[9.5574,42.2883],[9.5594,42.2854],[9.56,42.2786],[9.5581,42.2747],[9.5541,42.2526],[9.5511,42.2355],[9.5507,42.2329],[9.552,42.2186],[9.5543,42.2128],[9.5541,42.2049],[9.5567,42.2014],[9.5565,42.1997],[9.5579,42.1985],[9.558,42.1934],[9.5552,42.1823],[9.5531,42.1717],[9.554,42.1665],[9.5537,42.1614],[9.5526,42.1553],[9.5525,42.1542],[9.5546,42.1529],[9.5541,42.149],[9.5553,42.1469],[9.5557,42.1427],[9.5537,42.127],[9.549,42.1124],[9.5477,42.1082],[9.5444,42.1062],[9.5462,42.1021],[9.5397,42.0965],[9.5377,42.0948],[9.5226,42.0766],[9.5062,42.0596],[9.4971,42.0472],[9.494,42.0463],[9.4928,42.043],[9.4893,42.0387],[9.4863,42.0333],[9.4739,42.0177],[9.4621,42.0083],[9.4514,41.9949],[9.4403,41.9862],[9.4386,41.9854],[9.4297,41.9777],[9.4252,41.9718],[9.4147,41.9533],[9.414,41.9497],[9.4127,41.9427],[9.4149,41.9358],[9.413,41.9133],[9.4109,41.9084],[9.401,41.9092],[9.401,41.9079],[9.4044,41.9049],[9.4026,41.8966],[9.3959,41.8718],[9.3992,41.8593]]]},"properties":{"code":88,"nom":"Corse plaine d'Aleria","code_her1":16,"nom_her1":"CORSE"}},{"type":"Feature","geometry":{"type":"Polygon","coordinates":[[[2.5673,51.0522],[2.5769,51.0304],[2.574,51.0276],[2.5762,51.007],[2.5762,51.007],[2.5762,51.007],[2.5574,50.9964],[2.5449,50.9871],[2.5282,50.9857],[2.5282,50.9857],[2.5282,50.9857],[2.5282,50.9857],[2.5282,50.9857],[2.5256,50.9876],[2.5161,50.9946],[2.5161,50.9946],[2.5161,50.9946],[2.5161,50.9946],[2.5161,50.9946],[2.5104,50.9938],[2.5104,50.9938],[2.4936,50.9937],[2.4936,50.9937],[2.4936,50.9937],[2.4936,50.9937],[2.4529,50.9853],[2.4282,50.9745],[2.4282,50.9745],[2.4151,50.9744],[2.4151,50.9744],[2.4151,50.9744],[2.4151,50.9744],[2.4118,50.9755],[2.3967,50.9782],[2.3967,50.9782],[2.3967,50.9782],[2.3967,50.9782],[2.3967,50.9782],[2.3589,50.9695],[2.3267,50.9523],[2.3267,50.9523],[2.3267,50.9523],[2.3267,50.9523],[2.3267,50.9523],[2.3227,50.9526],[2.3226,50.9526],[2.3226,50.9526],[2.3226,50.9526],[2.3226,50.9526],[2.3107,50.9481],[2.3099,50.9419],[2.3099,50.9419],[2.3099,50.9419],[2.3203,50.9322],[2.3203,50.9322],[2.3203,50.9322],[2.3202,50.9295],[2.3191,50.9277],[2.31,50.925],[2.31,50.925],[2.31,50.925],[2.31,50.925],[2.31,50.925],[2.2883,50.9268],[2.2871,50.927],[2.2871,50.927],[2.2871,50.927],[2.2871,50.927],[2.2871,50.927],[2.2841,50.9251],[2.2841,50.9251],[2.2841,50.9251],[2.288,50.9055],[2.288,50.9055],[2.288,50.9055],[2.2738,50.9039],[2.2738,50.9039],[2.2738,50.9039],[2.2738,50.9039],[2.2738,50.9039],[2.2678,50.9043],[2.2678,50.9043],[2.2678,50.9043],[2.2678,50.9043],[2.2678,50.9043],[2.2482,50.903],[2.2416,50.8987],[2.2416,50.8987],[2.2416,50.8987],[2.2455,50.8918],[2.2487,50.8904],[2.2613,50.8857],[2.2613,50.8857],[2.2613,50.8857],[2.2601,50.8761],[2.2586,50.8752],[2.2372,50.8726],[2.2372,50.8726],[2.2372,50.8726],[2.2372,50.8726],[2.2372,50.8726],[2.2332,50.873],[2.2332,50.873],[2.2332,50.873],[2.2332,50.873],[2.2332,50.873],[2.2242,50.8702],[2.2222,50.8681],[2.2222,50.8681],[2.2222,50.8681],[2.2242,50.8639],[2.2242,50.8639],[2.2242,50.8639],[2.2163,50.8517],[2.2163,50.8517],[2.2163,50.8517],[2.2358,50.8264],[2.2504,50.8138],[2.2519,50.8131],[2.2691,50.8077],[2.325,50.8064],[2.3404,50.8029],[2.349,50.7983],[2.349,50.7983],[2.349,50.7983],[2.3489,50.7935],[2.3489,50.7935],[2.3489,50.7935],[2.3489,50.7935],[2.3179,50.7935],[2.3179,50.7935],[2.3179,50.7935],[2.3179,50.7935],[2.303,50.7869],[2.3019,50.7858],[2.2899,50.7557],[2.2764,50.7459],[2.2764,50.7459],[2.2764,50.7459],[2.2764,50.7459],[2.2764,50.7459],[2.2656,50.7487],[2.2387,50.7798],[2.2369,50.7798],[2.2135,50.8078],[2.1648,50.8568],[2.1633,50.8575],[2.1484,50.8637],[2.1439,50.8644],[2.1439,50.8644],[2.1439,50.8644],[2.1439,50.8644],[2.1439,50.8644],[2.1251,50.8627],[2.0863,50.848],[2.0674,50.8366],[2.0674,50.8366],[2.0674,50.8366],[2.0674,50.8366],[2.0674,50.8366],[2.066,50.8373],[2.0621,50.8479],[2.0621,50.8479],[2.0621,50.8479],[2.0871,50.8841],[2.0871,50.8841],[2.0871,50.8841],[2.0861,50.8914],[2.0825,50.8935],[2.0688,50.8966],[2.0688,50.8966],[2.0688,50.8966],[2.0688,50.8966],[2.0688,50.8966],[2.0319,50.8853],[2.0319,50.8853],[2.0319,50.8853],[2.0319,50.8853],[2.0319,50.8853],[2.0319,50.8853],[2.0319,50.8853],[2.0319,50.8866],[2.0319,50.8866],[2.0319,50.8866],[2.0117,50.8908],[2.0117,50.8908],[2.0117,50.8908],[2.0117,50.8908],[2.0117,50.8908],[2.0008,50.8865],[1.9989,50.8799],[1.9891,50.8767],[1.9891,50.8767],[1.9891,50.8767],[1.9891,50.8767],[1.9891,50.8767],[1.9697,50.8882],[1.9697,50.8882],[1.9697,50.8882],[1.9697,50.8882],[1.9697,50.8882],[1.9589,50.8842],[1.9577,50.8739],[1.9577,50.8739],[1.9349,50.8733],[1.9349,50.8733],[1.9349,50.8733],[1.9075,50.8795],[1.907,50.8798],[1.9061,50.8802],[1.8992,50.8823],[1.8958,50.884],[1.8709,50.8889],[1.8617,50.8898],[1.8481,50.8962],[1.8392,50.9177],[1.8266,50.9273],[1.8111,50.9322],[1.8093,50.9324],[1.7966,50.9468],[1.7964,50.947],[1.7978,50.9477],[1.7774,50.9526],[1.7764,50.9534],[1.7764,50.9534],[1.7761,50.9537],[1.776,50.9537],[1.8015,50.9585],[1.8165,50.9608],[1.8331,50.9633],[1.8383,50.9648],[1.843,50.9671],[1.8526,50.9698],[1.8668,50.9722],[1.8813,50.9752],[1.8843,50.9751],[1.8864,50.9723],[1.8919,50.9767],[1.9035,50.9807],[1.9159,50.9836],[1.9287,50.9852],[1.9346,50.9859],[1.9666,50.9877],[1.9734,50.9892],[1.9767,50.9899],[1.9906,50.9929],[2.0173,50.9975],[2.0341,51.0009],[2.0751,51.0033],[2.0983,51.0034],[2.1013,51.0038],[2.1063,51.0045],[2.1089,51.0068],[2.1141,51.0084],[2.1302,51.0136],[2.1682,51.0178],[2.1712,51.0182],[2.1819,51.0244],[2.1996,51.0289],[2.2293,51.0308],[2.2349,51.0312],[2.2371,51.0312],[2.2549,51.0335],[2.2636,51.0362],[2.2682,51.0375],[2.2985,51.0488],[2.3029,51.0516],[2.3136,51.055],[2.3261,51.0561],[2.3341,51.0539],[2.3386,51.0516],[2.3003,51.0471],[2.2949,51.042],[2.3006,51.042],[2.3144,51.042],[2.3299,51.0437],[2.3395,51.0449],[2.352,51.0415],[2.36,51.0359],[2.3645,51.0353],[2.3672,51.037],[2.3663,51.0421],[2.3716,51.0432],[2.3752,51.041],[2.3778,51.0404],[2.3769,51.046],[2.4211,51.0549],[2.426,51.0556],[2.4438,51.0607],[2.4524,51.0624],[2.4656,51.0654],[2.4723,51.0668],[2.5143,51.0803],[2.5339,51.0854],[2.5403,51.0891],[2.5471,51.0897],[2.5536,51.0803],[2.5596,51.0717],[2.5637,51.0658],[2.5637,51.0651],[2.5658,51.0597],[2.5673,51.0522]]]},"properties":{"code":119,"nom":"Moeres","code_her1":20,"nom_her1":"DEPOTS ARGILO SABLEUX"}},{"type":"Feature","geometry":{"type":"Polygon","coordinates":[[[5.9518,45.6862],[5.948,45.6743],[5.9124,45.6221],[5.9149,45.5981],[5.909,45.5837],[5.9128,45.5765],[5.9318,45.5709],[5.9336,45.5552],[5.9166,45.5578],[5.8856,45.5447],[5.8684,45.5442],[5.8496,45.5368],[5.8372,45.527],[5.8142,45.5257],[5.7949,45.5153],[5.7701,45.4838],[5.7634,45.4689],[5.7799,45.4583],[5.7946,45.4639],[5.7982,45.4498],[5.7327,45.3833],[5.7097,45.3634],[5.6825,45.3504],[5.6545,45.3227],[5.6369,45.3036],[5.63,45.31],[5.6252,45.3284],[5.6191,45.3369],[5.6056,45.3428],[5.5993,45.3429],[5.5921,45.3424],[5.5769,45.3582],[5.5584,45.3688],[5.5559,45.3809],[5.5642,45.4213],[5.5845,45.4435],[5.6278,45.4632],[5.6675,45.469],[5.7208,45.4986],[5.7257,45.5279],[5.7199,45.5495],[5.6965,45.5885],[5.6652,45.604],[5.6438,45.6048],[5.6202,45.5975],[5.5933,45.6133],[5.5846,45.6237],[5.5725,45.6231],[5.5332,45.6389],[5.5237,45.6506],[5.5061,45.6469],[5.4783,45.6488],[5.4696,45.6461],[5.4638,45.6355],[5.4471,45.6397],[5.4455,45.6326],[5.43,45.6314],[5.4163,45.6474],[5.392,45.6634],[5.3817,45.6652],[5.3791,45.67],[5.331,45.6714],[5.2442,45.6445],[5.2292,45.6393],[5.2287,45.6384],[5.2021,45.6425],[5.2068,45.6689],[5.2232,45.6811],[5.2219,45.6851],[5.2024,45.6839],[5.203,45.69],[5.2469,45.7305],[5.2736,45.7762],[5.305,45.802],[5.3102,45.8016],[5.315,45.824],[5.3333,45.8419],[5.3453,45.8692],[5.3503,45.8724],[5.3511,45.8755],[5.3522,45.876],[5.3597,45.8824],[5.3624,45.8817],[5.3678,45.8889],[5.3749,45.8939],[5.4108,45.8757],[5.4204,45.8679],[5.4263,45.8518],[5.4553,45.8338],[5.4765,45.781],[5.4836,45.7761],[5.5424,45.7267],[5.5551,45.7213],[5.5747,45.7253],[5.5952,45.7554],[5.601,45.8167],[5.6176,45.8172],[5.6419,45.8543],[5.6492,45.8711],[5.6682,45.8789],[5.67,45.89],[5.675,45.9034],[5.6884,45.9067],[5.6986,45.9008],[5.7068,45.883],[5.7269,45.8758],[5.7749,45.8509],[5.7927,45.8606],[5.8027,45.8926],[5.7986,45.9325],[5.8073,45.9451],[5.8003,45.9986],[5.7966,46.0055],[5.7924,46.0077],[5.8151,46.0059],[5.8318,45.98],[5.8819,45.9599],[5.897,45.9362],[5.8921,45.8854],[5.9006,45.8377],[5.8855,45.8092],[5.8922,45.7847],[5.9229,45.749],[5.9197,45.7247],[5.92,45.7039],[5.9518,45.6862]]]},"properties":{"code":120,"nom":"Bugey","code_her1":5,"nom_her1":"JURA-PREALPES DU NORD"}},{"type":"Feature","geometry":{"type":"Polygon","coordinates":[[[2.607,50.9902],[2.6218,50.966],[2.6351,50.9465],[2.6235,50.9347],[2.6199,50.9324],[2.6075,50.9285],[2.6057,50.9274],[2.6039,50.9263],[2.6021,50.9252],[2.5931,50.9194],[2.5944,50.9163],[2.6081,50.9161],[2.6092,50.9083],[2.6103,50.8953],[2.6091,50.8931],[2.6109,50.8892],[2.6097,50.8769],[2.614,50.862],[2.607,50.8563],[2.6036,50.8516],[2.6169,50.8484],[2.626,50.8373],[2.6354,50.8138],[2.656,50.8143],[2.6698,50.8222],[2.68,50.8135],[2.7155,50.8146],[2.725,50.8092],[2.7298,50.7925],[2.7358,50.7843],[2.7411,50.7785],[2.7476,50.7744],[2.755,50.7686],[2.7568,50.7675],[2.7586,50.7664],[2.7603,50.7652],[2.7621,50.7641],[2.7639,50.763],[2.7656,50.7619],[2.7716,50.7536],[2.7735,50.7506],[2.7846,50.7411],[2.791,50.7266],[2.8206,50.7159],[2.8492,50.7223],[2.8616,50.7092],[2.8745,50.7045],[2.8836,50.7028],[2.8962,50.6963],[2.9042,50.6986],[2.9096,50.7002],[2.9222,50.706],[2.9315,50.7184],[2.9285,50.7238],[2.9285,50.7283],[2.9403,50.7331],[2.9374,50.7444],[2.9577,50.7544],[2.9765,50.7516],[2.9783,50.7527],[2.98,50.7538],[2.9818,50.755],[2.9845,50.7545],[3.0174,50.7746],[3.0369,50.7717],[3.0646,50.7799],[3.0862,50.7738],[3.1055,50.7813],[3.1062,50.79],[3.1133,50.7956],[3.1266,50.7875],[3.1506,50.7917],[3.1545,50.7861],[3.1602,50.7732],[3.1649,50.7681],[3.1748,50.7597],[3.1816,50.7529],[3.184,50.7481],[3.1959,50.7416],[3.201,50.7324],[3.1956,50.7241],[3.2223,50.7096],[3.253,50.7094],[3.2634,50.6934],[3.2558,50.6902],[3.2674,50.6762],[3.2473,50.6696],[3.2475,50.6625],[3.2537,50.6444],[3.2547,50.6333],[3.2581,50.6321],[3.2578,50.6269],[3.23,50.6225],[3.1927,50.6266],[3.1748,50.6291],[3.1187,50.6285],[3.0571,50.6358],[3.0342,50.6295],[3.0004,50.6187],[2.994,50.5892],[3.0024,50.55],[2.938,50.5305],[2.8804,50.5091],[2.7901,50.5107],[2.7596,50.513],[2.7143,50.5165],[2.7122,50.4961],[2.6626,50.4882],[2.6112,50.4945],[2.5852,50.5017],[2.5844,50.5019],[2.5843,50.5019],[2.5666,50.507],[2.5058,50.528],[2.5054,50.5281],[2.505,50.5285],[2.482,50.5478],[2.4818,50.548],[2.4812,50.5483],[2.443,50.569],[2.4424,50.5693],[2.4422,50.5695],[2.4304,50.5794],[2.43,50.5797],[2.4296,50.5799],[2.3924,50.594],[2.3918,50.5942],[2.3916,50.5944],[2.3908,50.5953],[2.3818,50.6079],[2.3817,50.608],[2.3809,50.6083],[2.3599,50.6189],[2.3397,50.6219],[2.3396,50.6219],[2.3389,50.6223],[2.3358,50.6243],[2.3356,50.6244],[2.335,50.6247],[2.3114,50.6385],[2.3074,50.6396],[2.2917,50.6445],[2.2836,50.6466],[2.2835,50.6466],[2.2828,50.647],[2.2774,50.6505],[2.2761,50.6585],[2.2782,50.6647],[2.2886,50.6955],[2.2796,50.7081],[2.2794,50.7084],[2.2788,50.7086],[2.2776,50.7091],[2.2277,50.7139],[2.2273,50.7139],[2.2268,50.7144],[2.2234,50.7179],[2.2163,50.7248],[2.2142,50.7372],[2.2129,50.7401],[2.2129,50.7401],[2.2129,50.7401],[2.2249,50.7495],[2.2289,50.7517],[2.2289,50.7517],[2.2289,50.7517],[2.2262,50.764],[2.1985,50.7856],[2.1981,50.7859],[2.1977,50.7861],[2.1906,50.7888],[2.1903,50.7889],[2.1898,50.7893],[2.1573,50.8122],[2.1566,50.8127],[2.1564,50.8127],[2.1489,50.8139],[2.148,50.8141],[2.148,50.8141],[2.1479,50.8141],[2.1477,50.8139],[2.1371,50.8077],[2.124,50.8056],[2.1234,50.8055],[2.1233,50.8055],[2.1233,50.8055],[2.1228,50.8056],[2.0456,50.8221],[2.0222,50.8311],[1.9996,50.8378],[1.9739,50.8379],[1.9729,50.8379],[1.9728,50.8379],[1.9728,50.8379],[1.9727,50.8379],[1.9668,50.8369],[1.9661,50.8368],[1.966,50.8368],[1.966,50.8368],[1.9656,50.8369],[1.9433,50.8449],[1.9396,50.8461],[1.9263,50.8469],[1.9254,50.847],[1.9253,50.847],[1.9253,50.847],[1.9251,50.8469],[1.9072,50.8402],[1.9065,50.84],[1.9065,50.84],[1.9064,50.84],[1.906,50.8402],[1.899,50.8441],[1.8986,50.8443],[1.8982,50.8446],[1.8971,50.8453],[1.8965,50.8588],[1.8965,50.8588],[1.8965,50.8588],[1.9059,50.8798],[1.9059,50.8798],[1.906,50.88],[1.9061,50.8802],[1.9061,50.8802],[1.9061,50.8802],[1.9061,50.8802],[1.9061,50.8802],[1.907,50.8798],[1.9075,50.8795],[1.9349,50.8733],[1.9349,50.8733],[1.9349,50.8733],[1.9577,50.8739],[1.9577,50.8739],[1.9589,50.8842],[1.9697,50.8882],[1.9697,50.8882],[1.9697,50.8882],[1.9697,50.8882],[1.9697,50.8882],[1.9891,50.8767],[1.9891,50.8767],[1.9891,50.8767],[1.9891,50.8767],[1.9891,50.8767],[1.9989,50.8799],[2.0008,50.8865],[2.0117,50.8908],[2.0117,50.8908],[2.0117,50.8908],[2.0117,50.8908],[2.0117,50.8908],[2.0319,50.8866],[2.0319,50.8866],[2.0319,50.8866],[2.0319,50.8853],[2.0319,50.8853],[2.0319,50.8853],[2.0319,50.8853],[2.0319,50.8853],[2.0319,50.8853],[2.0319,50.8853],[2.0688,50.8966],[2.0688,50.8966],[2.0688,50.8966],[2.0688,50.8966],[2.0688,50.8966],[2.0825,50.8935],[2.0861,50.8914],[2.0871,50.8841],[2.0871,50.8841],[2.0871,50.8841],[2.0621,50.8479],[2.0621,50.8479],[2.0621,50.8479],[2.066,50.8373],[2.0674,50.8366],[2.0674,50.8366],[2.0674,50.8366],[2.0674,50.8366],[2.0674,50.8366],[2.0863,50.848],[2.1251,50.8627],[2.1439,50.8644],[2.1439,50.8644],[2.1439,50.8644],[2.1439,50.8644],[2.1439,50.8644],[2.1484,50.8637],[2.1633,50.8575],[2.1648,50.8568],[2.2135,50.8078],[2.2369,50.7798],[2.2387,50.7798],[2.2656,50.7487],[2.2764,50.7459],[2.2764,50.7459],[2.2764,50.7459],[2.2764,50.7459],[2.2764,50.7459],[2.2899,50.7557],[2.3019,50.7858],[2.303,50.7869],[2.3179,50.7935],[2.3179,50.7935],[2.3179,50.7935],[2.3179,50.7935],[2.3489,50.7935],[2.3489,50.7935],[2.3489,50.7935],[2.3489,50.7935],[2.349,50.7983],[2.349,50.7983],[2.349,50.7983],[2.3404,50.8029],[2.325,50.8064],[2.2691,50.8077],[2.2519,50.8131],[2.2504,50.8138],[2.2358,50.8264],[2.2163,50.8517],[2.2163,50.8517],[2.2163,50.8517],[2.2242,50.8639],[2.2242,50.8639],[2.2242,50.8639],[2.2222,50.8681],[2.2222,50.8681],[2.2222,50.8681],[2.2242,50.8702],[2.2332,50.873],[2.2332,50.873],[2.2332,50.873],[2.2332,50.873],[2.2332,50.873],[2.2372,50.8726],[2.2372,50.8726],[2.2372,50.8726],[2.2372,50.8726],[2.2372,50.8726],[2.2586,50.8752],[2.2601,50.8761],[2.2613,50.8857],[2.2613,50.8857],[2.2613,50.8857],[2.2487,50.8904],[2.2455,50.8918],[2.2416,50.8987],[2.2416,50.8987],[2.2416,50.8987],[2.2482,50.903],[2.2678,50.9043],[2.2678,50.9043],[2.2678,50.9043],[2.2678,50.9043],[2.2678,50.9043],[2.2738,50.9039],[2.2738,50.9039],[2.2738,50.9039],[2.2738,50.9039],[2.2738,50.9039],[2.288,50.9055],[2.288,50.9055],[2.288,50.9055],[2.2841,50.9251],[2.2841,50.9251],[2.2841,50.9251],[2.2871,50.927],[2.2871,50.927],[2.2871,50.927],[2.2871,50.927],[2.2871,50.927],[2.2883,50.9268],[2.31,50.925],[2.31,50.925],[2.31,50.925],[2.31,50.925],[2.31,50.925],[2.3191,50.9277],[2.3202,50.9295],[2.3203,50.9322],[2.3203,50.9322],[2.3203,50.9322],[2.3099,50.9419],[2.3099,50.9419],[2.3099,50.9419],[2.3107,50.9481],[2.3226,50.9526],[2.3226,50.9526],[2.3226,50.9526],[2.3226,50.9526],[2.3227,50.9526],[2.3267,50.9523],[2.3267,50.9523],[2.3267,50.9523],[2.3267,50.9523],[2.3267,50.9523],[2.3589,50.9695],[2.3967,50.9782],[2.3967,50.9782],[2.3967,50.9782],[2.3967,50.9782],[2.3967,50.9782],[2.4118,50.9755],[2.4151,50.9744],[2.4151,50.9744],[2.4151,50.9744],[2.4151,50.9744],[2.4282,50.9745],[2.4282,50.9745],[2.4529,50.9853],[2.4936,50.9937],[2.4936,50.9937],[2.4936,50.9937],[2.4936,50.9937],[2.5104,50.9938],[2.5104,50.9938],[2.5161,50.9946],[2.5161,50.9946],[2.5161,50.9946],[2.5161,50.9946],[2.5161,50.9946],[2.5256,50.9876],[2.5282,50.9857],[2.5282,50.9857],[2.5282,50.9857],[2.5282,50.9857],[2.5282,50.9857],[2.5449,50.9871],[2.5574,50.9964],[2.5762,51.007],[2.5762,51.007],[2.5762,51.007],[2.5762,51.007],[2.5762,51.007],[2.5781,51.0011],[2.5833,50.9992],[2.5921,50.9946],[2.607,50.9902]]]},"properties":{"code":31,"nom":"Flandres interieures","code_her1":20,"nom_her1":"DEPOTS ARGILO SABLEUX"}},{"type":"Feature","geometry":{"type":"Polygon","coordinates":[[[4.704,49.629],[4.736,49.6271],[4.7564,49.6267],[4.7795,49.6225],[4.8274,49.6069],[4.9085,49.5749],[4.9275,49.5663],[4.9463,49.5362],[4.9688,49.5186],[4.9819,49.5101],[4.9855,49.4854],[4.9829,49.4728],[4.9895,49.4695],[5.0182,49.4436],[5.0229,49.4226],[5.0522,49.4087],[5.0663,49.3995],[5.0771,49.4001],[5.0829,49.3664],[5.0912,49.3299],[5.0922,49.329],[5.1057,49.3226],[5.1342,49.3032],[5.155,49.2961],[5.1567,49.2947],[5.1514,49.274],[5.1568,49.2573],[5.1615,49.2391],[5.1484,49.2273],[5.1456,49.2274],[5.142,49.2169],[5.1525,49.2116],[5.176,49.2072],[5.1864,49.2016],[5.1968,49.1898],[5.198,49.1827],[5.1898,49.1749],[5.189,49.174],[5.1615,49.1714],[5.1616,49.1725],[5.1452,49.168],[5.1451,49.1666],[5.1217,49.1616],[5.1218,49.1627],[5.1047,49.1584],[5.1039,49.1575],[5.0976,49.1476],[5.0995,49.1292],[5.1129,49.1066],[5.1276,49.0719],[5.1286,49.0669],[5.1368,49.0447],[5.1368,49.0299],[5.134,48.9747],[5.1498,48.952],[5.15,48.9503],[5.149,48.9366],[5.1473,48.9367],[5.1325,48.9236],[5.1225,48.8959],[5.1163,48.872],[5.1026,48.86],[5.0998,48.8379],[5.0762,48.826],[5.0658,48.8203],[5.0683,48.806],[5.0714,48.7857],[5.0502,48.7746],[5.0339,48.7577],[5.0227,48.7306],[5.0368,48.7138],[5.0584,48.6936],[5.0831,48.6789],[5.105,48.6654],[5.1457,48.6497],[5.1803,48.6438],[5.1813,48.6428],[5.2068,48.6115],[5.225,48.5761],[5.2221,48.5594],[5.2119,48.5531],[5.1764,48.5785],[5.1515,48.5825],[5.1182,48.5771],[5.1004,48.5643],[5.0936,48.5461],[5.0922,48.543],[5.0916,48.5416],[5.0866,48.5142],[5.0742,48.4439],[5.0655,48.4288],[5.0638,48.4286],[5.0516,48.4262],[5.0145,48.4328],[5.0106,48.4325],[4.9929,48.425],[4.9866,48.418],[4.9496,48.426],[4.9058,48.4066],[4.8939,48.3592],[4.8924,48.3586],[4.8705,48.3553],[4.8478,48.3605],[4.835,48.3586],[4.7827,48.3533],[4.777,48.33],[4.7552,48.3103],[4.7295,48.3064],[4.6948,48.3129],[4.6702,48.3089],[4.6243,48.3124],[4.5988,48.311],[4.5782,48.3079],[4.5567,48.2963],[4.5514,48.2884],[4.5082,48.2535],[4.5078,48.2387],[4.5116,48.2193],[4.517,48.2029],[4.453,48.1766],[4.4305,48.1723],[4.3696,48.1628],[4.3569,48.1529],[4.3204,48.1521],[4.2926,48.1451],[4.2854,48.1398],[4.2772,48.1336],[4.2729,48.1014],[4.2631,48.0823],[4.2568,48.0753],[4.2412,48.0643],[4.2244,48.0626],[4.1969,48.0549],[4.1744,48.0196],[4.162,48.0127],[4.1587,48.0046],[4.1508,47.9946],[4.1114,47.9941],[4.0844,47.9826],[4.039,47.9613],[4.0268,47.9636],[4.0121,47.9844],[4.0021,47.983],[4.0007,47.9821],[3.9971,47.9702],[3.995,47.9485],[3.9842,47.9365],[3.9708,47.9331],[3.9562,47.9232],[3.9224,47.9053],[3.9025,47.8955],[3.8899,47.8889],[3.8736,47.8948],[3.8601,47.897],[3.8469,47.8873],[3.8458,47.8864],[3.8347,47.8824],[3.8141,47.8939],[3.7922,47.8911],[3.793,47.8775],[3.755,47.8688],[3.7357,47.8694],[3.7306,47.862],[3.7228,47.8529],[3.7184,47.8402],[3.7168,47.8335],[3.7035,47.8255],[3.6863,47.8217],[3.6688,47.8257],[3.6612,47.8226],[3.6677,47.8085],[3.6604,47.7951],[3.6423,47.7782],[3.6341,47.7768],[3.6251,47.7811],[3.6185,47.7954],[3.6171,47.795],[3.5992,47.7994],[3.5872,47.8026],[3.5479,47.7992],[3.5352,47.7801],[3.5241,47.7494],[3.4938,47.7281],[3.471,47.7282],[3.4642,47.7232],[3.4501,47.6748],[3.4351,47.674],[3.4137,47.6579],[3.3849,47.648],[3.368,47.6319],[3.3393,47.625],[3.3,47.6182],[3.2849,47.6161],[3.2653,47.6082],[3.2389,47.5949],[3.2369,47.5949],[3.2521,47.5797],[3.2417,47.565],[3.2415,47.5524],[3.2389,47.549],[3.2312,47.545],[3.2253,47.5428],[3.1964,47.5321],[3.1743,47.5237],[3.1566,47.5233],[3.1529,47.5114],[3.1434,47.4999],[3.1475,47.481],[3.1061,47.4648],[3.101,47.4612],[3.101,47.4612],[3.0922,47.4618],[3.0734,47.5098],[3.0734,47.5098],[3.135,47.561],[3.1466,47.5686],[3.1466,47.5686],[3.1473,47.6125],[3.1592,47.6459],[3.2285,47.6815],[3.252,47.7123],[3.302,47.7299],[3.337,47.7658],[3.337,47.7658],[3.3309,47.7892],[3.3079,47.822],[3.3078,47.8246],[3.3444,47.8468],[3.375,47.854],[3.3881,47.8884],[3.4274,47.9113],[3.4485,47.926],[3.4845,47.9247],[3.5085,47.945],[3.5656,47.9556],[3.5946,47.9703],[3.6245,47.981],[3.6291,48.0005],[3.654,48.0242],[3.666,48.0403],[3.6889,48.0647],[3.7114,48.0742],[3.7321,48.0833],[3.7332,48.0842],[3.7478,48.0899],[3.7575,48.0951],[3.7624,48.0937],[3.7692,48.0949],[3.7751,48.0975],[3.7848,48.098],[3.7926,48.1018],[3.8004,48.1036],[3.8179,48.1021],[3.8277,48.1059],[3.8374,48.1071],[3.88,48.1052],[3.9111,48.1061],[3.9387,48.1226],[3.9954,48.1342],[4.0044,48.1438],[4.0143,48.1482],[4.0328,48.1505],[4.0243,48.1584],[3.9969,48.2127],[3.9963,48.2264],[3.9965,48.2628],[4.0452,48.2647],[4.0649,48.2709],[4.1098,48.3046],[4.1602,48.298],[4.1921,48.291],[4.2176,48.2965],[4.2365,48.3072],[4.2439,48.3246],[4.256,48.3348],[4.2823,48.3617],[4.3282,48.3882],[4.3363,48.3971],[4.3453,48.4035],[4.3901,48.4261],[4.4006,48.4454],[4.4832,48.4582],[4.5083,48.4753],[4.5446,48.4805],[4.5753,48.4896],[4.5699,48.5235],[4.5496,48.5271],[4.5242,48.5529],[4.5246,48.5841],[4.5371,48.6021],[4.565,48.6132],[4.5875,48.6349],[4.5754,48.6728],[4.5666,48.6963],[4.5553,48.731],[4.6058,48.7417],[4.6829,48.7746],[4.71,48.8072],[4.7401,48.8202],[4.7778,48.8279],[4.8007,48.8333],[4.809,48.8429],[4.8282,48.8459],[4.8297,48.8536],[4.8332,48.8656],[4.8403,48.8907],[4.8454,48.8987],[4.8568,48.9137],[4.8565,48.9203],[4.8575,48.9336],[4.8605,48.9521],[4.8594,48.9994],[4.8585,49.0279],[4.8455,49.059],[4.8292,49.0718],[4.8088,49.0898],[4.7992,49.1091],[4.7458,49.1687],[4.7437,49.1863],[4.7113,49.2571],[4.6255,49.3387],[4.6017,49.4073],[4.5399,49.428],[4.5068,49.4317],[4.4776,49.4512],[4.4634,49.4603],[4.4285,49.4806],[4.3982,49.5435],[4.3555,49.5519],[4.2599,49.592],[4.2524,49.6123],[4.2242,49.6242],[4.2138,49.6326],[4.2057,49.6523],[4.181,49.6672],[4.1741,49.6932],[4.145,49.6955],[4.117,49.7042],[4.0784,49.7142],[4.0582,49.7492],[4.0389,49.7862],[4.0056,49.8388],[4.0179,49.9028],[4.0543,49.8931],[4.0698,49.8889],[4.115,49.8761],[4.1403,49.8648],[4.1608,49.86],[4.1988,49.8583],[4.2913,49.8115],[4.3034,49.8014],[4.3245,49.7987],[4.339,49.7931],[4.3495,49.7927],[4.3609,49.7856],[4.3824,49.7792],[4.3973,49.7659],[4.4063,49.7489],[4.4025,49.7362],[4.4204,49.7126],[4.428,49.7074],[4.4395,49.7047],[4.4469,49.6938],[4.4799,49.692],[4.4934,49.6892],[4.506,49.6871],[4.5674,49.6657],[4.6274,49.6564],[4.6688,49.6474],[4.704,49.629]]]},"properties":{"code":40,"nom":"Champagne humide","code_her1":9,"nom_her1":"TABLES CALCAIRES"}},{"type":"Feature","geometry":{"type":"Polygon","coordinates":[[[3.3079,47.822],[3.3309,47.7892],[3.337,47.7658],[3.337,47.7658],[3.302,47.7299],[3.252,47.7123],[3.2285,47.6815],[3.1592,47.6459],[3.1473,47.6125],[3.1466,47.5686],[3.1466,47.5686],[3.135,47.561],[3.0734,47.5098],[3.0734,47.5098],[3.0922,47.4618],[3.101,47.4612],[3.2044,47.4445],[3.2104,47.3978],[3.2104,47.3978],[3.1323,47.3636],[3.1323,47.3635],[3.1562,47.2886],[3.1562,47.2886],[3.0923,47.1365],[3.0432,47.0761],[3.0639,47.0636],[3.0618,47.0606],[3.0412,47.0319],[3.0298,47.016],[3.0093,47.0489],[2.9828,46.9834],[2.9828,46.9834],[2.9828,46.9834],[2.9828,46.9834],[2.9257,47.0263],[2.9257,47.0263],[2.9257,47.0263],[2.9257,47.0262],[2.9222,46.9689],[2.9222,46.9688],[2.9473,46.9292],[2.9473,46.9292],[2.9455,46.8869],[2.9223,46.8475],[2.9223,46.8475],[2.9246,46.8172],[2.9246,46.8172],[2.9137,46.798],[2.9079,46.7829],[2.9079,46.7829],[2.9079,46.7829],[2.9079,46.7829],[2.9079,46.7829],[2.9079,46.7829],[2.8767,46.7874],[2.8612,46.7633],[2.8394,46.761],[2.8142,46.7622],[2.7965,46.7571],[2.7787,46.7479],[2.7787,46.7479],[2.7807,46.7269],[2.7807,46.7269],[2.7625,46.7116],[2.7264,46.725],[2.713,46.7262],[2.7054,46.7233],[2.7008,46.7119],[2.6918,46.7055],[2.643,46.7021],[2.6355,46.712],[2.5935,46.7008],[2.5935,46.7008],[2.6084,46.6675],[2.6084,46.6675],[2.5864,46.6443],[2.5818,46.6331],[2.562,46.6277],[2.5497,46.6373],[2.5497,46.6384],[2.5377,46.6387],[2.5192,46.6335],[2.4907,46.6428],[2.4519,46.6429],[2.4519,46.6429],[2.4303,46.6428],[2.4118,46.6354],[2.3673,46.6296],[2.3421,46.6285],[2.327,46.6291],[2.3027,46.6178],[2.3001,46.6088],[2.2909,46.6007],[2.2699,46.5897],[2.2406,46.5787],[2.2003,46.5775],[2.1869,46.574],[2.1768,46.5711],[2.1567,46.5647],[2.1333,46.5653],[2.1073,46.5646],[2.0858,46.5686],[2.0668,46.5772],[2.051,46.5755],[2.0393,46.5668],[2.0183,46.5771],[1.9995,46.5989],[1.9831,46.603],[1.9594,46.6013],[1.9251,46.5988],[1.8748,46.5842],[1.8513,46.5824],[1.8269,46.5787],[1.8053,46.5704],[1.7852,46.5659],[1.7471,46.5477],[1.7385,46.5454],[1.725,46.5387],[1.6552,46.5152],[1.6259,46.522],[1.5997,46.5214],[1.5685,46.5141],[1.5588,46.5096],[1.5369,46.5041],[1.5307,46.4886],[1.5082,46.4912],[1.4968,46.496],[1.4686,46.5227],[1.4545,46.5325],[1.4503,46.5478],[1.3823,46.6054],[1.3323,46.6185],[1.3191,46.6007],[1.2937,46.6036],[1.2599,46.6123],[1.0922,46.6242],[1.0994,46.6367],[1.1039,46.641],[1.248,46.6387],[1.2831,46.6396],[1.3061,46.6478],[1.3277,46.6468],[1.3642,46.6554],[1.4279,46.6822],[1.449,46.7571],[1.4395,46.764],[1.4385,46.7833],[1.4175,46.7965],[1.4081,46.7978],[1.4001,46.7913],[1.3706,46.7942],[1.3257,46.7929],[1.3298,46.8299],[1.3114,46.8511],[1.2704,46.853],[1.2194,46.8649],[1.1765,46.852],[1.1535,46.8046],[1.098,46.7995],[1.0556,46.7923],[0.9884,46.7961],[0.952,46.7644],[0.9516,46.7642],[0.9516,46.7641],[0.9723,46.7456],[1.0345,46.719],[1.0301,46.7138],[1.0249,46.7077],[0.9724,46.7183],[0.89,46.7431],[0.8328,46.6255],[0.7852,46.5788],[0.6631,46.5737],[0.6959,46.6214],[0.6245,46.6597],[0.5373,46.6786],[0.4548,46.7042],[0.3401,46.7113],[0.2773,46.7292],[0.1749,46.7555],[0.1327,46.7873],[0.0148,46.7894],[-0.0185,46.8393],[-0.054,46.9004],[-0.0576,46.9813],[-0.096,46.9962],[-0.1418,46.9919],[-0.1418,46.9919],[-0.2287,47.0203],[-0.2357,47.0289],[-0.2371,47.0423],[-0.2375,47.0662],[-0.2615,47.0794],[-0.2645,47.0895],[-0.2841,47.0847],[-0.2944,47.0907],[-0.3049,47.0864],[-0.3305,47.0828],[-0.351,47.0816],[-0.3507,47.098],[-0.3368,47.1113],[-0.3439,47.1226],[-0.3344,47.1298],[-0.3469,47.1337],[-0.3594,47.1308],[-0.3716,47.1359],[-0.3867,47.1367],[-0.3871,47.1368],[-0.3959,47.1316],[-0.4,47.1418],[-0.4,47.1418],[-0.3851,47.1558],[-0.3987,47.1654],[-0.4311,47.1779],[-0.4276,47.2014],[-0.4148,47.2025],[-0.4076,47.2119],[-0.3993,47.2148],[-0.3839,47.1896],[-0.3822,47.1885],[-0.3418,47.1678],[-0.3177,47.1606],[-0.2681,47.1558],[-0.273,47.1816],[-0.3252,47.1949],[-0.2857,47.21],[-0.3002,47.2217],[-0.0805,47.2309],[0.1843,47.2542],[0.5687,47.3501],[0.7926,47.3873],[0.8724,47.3806],[0.9469,47.4001],[1.1208,47.453],[1.2725,47.4962],[1.2725,47.4962],[1.2877,47.5124],[1.2877,47.5124],[1.2938,47.5031],[1.3023,47.5005],[1.3537,47.5169],[1.3662,47.5151],[1.3675,47.508],[1.3675,47.508],[1.3662,47.5073],[1.3311,47.4866],[1.3277,47.4832],[1.3071,47.473],[1.3054,47.4723],[1.3054,47.4723],[1.3071,47.4633],[1.3257,47.4522],[1.315,47.4503],[1.2794,47.459],[1.2615,47.4548],[1.2602,47.4541],[1.2464,47.4389],[1.2336,47.4219],[1.2316,47.4219],[1.2107,47.4157],[1.201,47.4084],[1.2084,47.3971],[1.2386,47.377],[1.2683,47.3725],[1.3061,47.373],[1.3061,47.3746],[1.3263,47.3705],[1.3277,47.3701],[1.3419,47.3565],[1.3409,47.3517],[1.3602,47.3458],[1.377,47.3334],[1.4216,47.3273],[1.4641,47.3087],[1.4641,47.3076],[1.486,47.2996],[1.5207,47.2899],[1.5514,47.298],[1.6093,47.3074],[1.635,47.3078],[1.6501,47.308],[1.6518,47.3082],[1.7067,47.3047],[1.7438,47.2992],[1.8451,47.2776],[1.891,47.2869],[1.9102,47.2868],[1.9479,47.2805],[1.9715,47.2882],[1.9715,47.2893],[1.9973,47.3042],[2.0649,47.3245],[2.0967,47.3326],[2.1338,47.3354],[2.2009,47.3314],[2.2245,47.3326],[2.2465,47.3359],[2.2696,47.3466],[2.2878,47.3678],[2.3098,47.4172],[2.3314,47.4822],[2.3438,47.5154],[2.359,47.5329],[2.3703,47.539],[2.392,47.5455],[2.4373,47.5562],[2.4386,47.5571],[2.4793,47.5916],[2.5122,47.6141],[2.5526,47.6348],[2.5696,47.6535],[2.5754,47.6709],[2.5855,47.6809],[2.6407,47.6888],[2.6711,47.7067],[2.6752,47.7084],[2.6878,47.7209],[2.7116,47.7235],[2.718,47.7261],[2.7262,47.7296],[2.7259,47.7418],[2.7255,47.7598],[2.7254,47.7626],[2.7156,47.7833],[2.712,47.8021],[2.7117,47.8124],[2.7011,47.8259],[2.6758,47.8433],[2.7311,47.843],[2.7355,47.8519],[2.7459,47.8585],[2.7547,47.8556],[2.7604,47.8515],[2.7689,47.8461],[2.7698,47.8455],[2.7839,47.8366],[2.8138,47.8236],[2.8232,47.8252],[2.8323,47.8321],[2.8382,47.8399],[2.8485,47.8536],[2.918,47.8649],[2.9339,47.888],[2.9544,47.9091],[2.9713,47.9601],[2.9713,47.9601],[2.9246,48.1036],[2.9797,48.1574],[3.0218,48.2065],[3.1195,48.1769],[3.1594,48.1475],[3.1606,48.0955],[3.1606,48.0955],[3.1372,48.0767],[3.1562,48.0718],[3.156,48.0597],[3.1457,48.0428],[3.1451,48.003],[3.1451,48.0029],[3.1567,47.9745],[3.1816,47.9567],[3.2923,47.9507],[3.3038,47.8994],[3.3065,47.8497],[3.3078,47.8246],[3.3079,47.822]]]},"properties":{"code":41,"nom":"Tables calcaires Sud Loire","code_her1":9,"nom_her1":"TABLES CALCAIRES"}},{"type":"Feature","geometry":{"type":"Polygon","coordinates":[[[2.9768,49.7717],[2.9858,49.7676],[2.9859,49.7675],[2.9865,49.7671],[2.9905,49.7645],[2.9975,49.7552],[2.9977,49.755],[2.9983,49.7547],[3.0123,49.7489],[3.0214,49.7477],[3.0296,49.7453],[3.0297,49.7453],[3.0307,49.7453],[3.0413,49.7452],[3.0423,49.7452],[3.0424,49.7452],[3.0625,49.7391],[3.0863,49.7378],[3.111,49.7341],[3.1312,49.7317],[3.1319,49.7316],[3.132,49.7316],[3.132,49.7316],[3.1323,49.7317],[3.1384,49.7333],[3.1484,49.7344],[3.1489,49.7344],[3.1489,49.7344],[3.149,49.7344],[3.1495,49.7344],[3.154,49.7338],[3.1563,49.7328],[3.1567,49.7326],[3.1567,49.7326],[3.1568,49.7326],[3.1574,49.7328],[3.1604,49.7338],[3.1669,49.7342],[3.1677,49.7343],[3.1677,49.7343],[3.1678,49.7343],[3.168,49.7342],[3.1772,49.732],[3.1778,49.7319],[3.178,49.7315],[3.1851,49.7183],[3.1854,49.7178],[3.1859,49.7178],[3.2074,49.7166],[3.2146,49.7145],[3.2162,49.714],[3.2163,49.714],[3.2163,49.714],[3.2166,49.7139],[3.2333,49.7091],[3.2749,49.6903],[3.2899,49.6274],[3.3003,49.6172],[3.3441,49.6196],[3.3671,49.6401],[3.4782,49.6193],[3.4947,49.5999],[3.5143,49.5942],[3.5189,49.5795],[3.5484,49.5772],[3.5733,49.5729],[3.6214,49.5606],[3.6549,49.574],[3.6965,49.5625],[3.7286,49.5496],[3.7632,49.5443],[3.8339,49.5424],[3.8462,49.5303],[3.8462,49.5303],[3.8464,49.5303],[3.859,49.5245],[3.8563,49.5148],[3.8529,49.5047],[3.8405,49.4888],[3.8389,49.4784],[3.8291,49.4735],[3.8307,49.4699],[3.8281,49.4671],[3.8178,49.4608],[3.8029,49.4571],[3.8057,49.4465],[3.7993,49.4269],[3.7724,49.4082],[3.7592,49.3803],[3.7805,49.374],[3.8235,49.3782],[3.8425,49.3748],[3.8697,49.3815],[3.8836,49.3734],[3.8956,49.3698],[3.9003,49.3532],[3.9111,49.3443],[3.9135,49.3325],[3.8991,49.313],[3.8657,49.2958],[3.8352,49.2871],[3.8104,49.2709],[3.8567,49.2459],[3.8688,49.2356],[3.8906,49.2378],[3.9094,49.2213],[3.9362,49.204],[3.9569,49.1929],[3.9705,49.1875],[3.9933,49.1832],[4.0329,49.1755],[4.0492,49.1754],[4.0727,49.1639],[4.107,49.1583],[4.1224,49.1592],[4.1378,49.1655],[4.1378,49.1666],[4.1509,49.1695],[4.1661,49.1655],[4.184,49.1546],[4.1984,49.1428],[4.2081,49.1284],[4.2039,49.1145],[4.2025,49.1138],[4.1748,49.1099],[4.1613,49.1008],[4.1312,49.0967],[4.0996,49.0671],[4.0874,49.0546],[4.0586,49.0451],[4.0471,49.0428],[3.9744,49.0599],[3.9531,49.0462],[3.9574,49.0381],[4.0036,49.0158],[4.0146,49.0041],[4.0105,48.9923],[4.0166,48.9622],[4.0197,48.9511],[4.0216,48.9426],[4.0126,48.9248],[3.9997,48.8992],[3.994,48.8761],[3.9822,48.8727],[3.9771,48.8914],[3.9756,48.919],[3.9739,48.9199],[3.9647,48.9229],[3.9484,48.9165],[3.9253,48.8982],[3.9187,48.8921],[3.8967,48.879],[3.8654,48.8785],[3.8539,48.8748],[3.8515,48.8673],[3.8311,48.8519],[3.8245,48.8447],[3.8244,48.8436],[3.795,48.8236],[3.7709,48.8269],[3.7806,48.8138],[3.7873,48.7933],[3.8015,48.788],[3.8074,48.7807],[3.8145,48.7747],[3.8244,48.7701],[3.8263,48.7562],[3.7848,48.7507],[3.758,48.7376],[3.755,48.7332],[3.7419,48.7378],[3.7282,48.7307],[3.7275,48.7298],[3.7243,48.7127],[3.7222,48.6921],[3.714,48.6768],[3.6972,48.6768],[3.6841,48.6707],[3.6832,48.6327],[3.6902,48.6174],[3.6675,48.6104],[3.662,48.5957],[3.6214,48.6077],[3.6065,48.6075],[3.5931,48.5931],[3.5734,48.6018],[3.5555,48.6037],[3.5334,48.5959],[3.5266,48.5623],[3.5191,48.5461],[3.4784,48.5422],[3.4451,48.5274],[3.3901,48.506],[3.3533,48.5038],[3.3124,48.4915],[3.2643,48.4961],[3.2957,48.5489],[3.2752,48.5381],[3.2331,48.5224],[3.2149,48.5015],[3.1717,48.4968],[3.1549,48.4758],[3.1255,48.4575],[3.0963,48.4543],[3.0809,48.4417],[3.073,48.4207],[3.0437,48.4074],[3.0221,48.4025],[3.0007,48.4076],[2.9796,48.3987],[2.9587,48.3904],[2.9017,48.3896],[2.8886,48.386],[2.8525,48.383],[2.8071,48.3715],[2.7997,48.3817],[2.7817,48.3883],[2.7952,48.4062],[2.7843,48.4123],[2.7486,48.4086],[2.7392,48.4287],[2.7402,48.4586],[2.5997,48.465],[2.5246,48.4799],[2.4525,48.5124],[2.2184,48.5008],[2.1012,48.5018],[1.9933,48.481],[1.8621,48.5034],[1.7357,48.4929],[1.7339,48.5023],[1.6823,48.5343],[1.6506,48.5504],[1.6479,48.5563],[1.6515,48.5695],[1.643,48.5838],[1.6469,48.5987],[1.6749,48.5966],[1.6787,48.5982],[1.6691,48.612],[1.6377,48.6228],[1.6365,48.6346],[1.6347,48.6462],[1.5925,48.6657],[1.5726,48.6729],[1.5614,48.6977],[1.5863,48.7078],[1.5952,48.7271],[1.6059,48.741],[1.6065,48.751],[1.6142,48.762],[1.6135,48.7629],[1.6198,48.7753],[1.625,48.7856],[1.6236,48.7987],[1.6101,48.8076],[1.5866,48.8202],[1.5752,48.8425],[1.5602,48.848],[1.5399,48.8533],[1.5165,48.8601],[1.4856,48.8819],[1.4815,48.8904],[1.4668,48.9156],[1.4571,48.9325],[1.4522,48.9408],[1.4449,48.947],[1.4383,48.9591],[1.4411,48.9724],[1.4254,48.9838],[1.3797,49.0225],[1.3402,49.0558],[1.2922,49.0867],[1.2702,49.0951],[1.261,49.1409],[1.2266,49.1636],[1.2265,49.1636],[1.2265,49.1636],[1.2259,49.164],[1.2258,49.1641],[1.2258,49.1641],[1.2237,49.1641],[1.2153,49.175],[1.2201,49.1881],[1.2218,49.1881],[1.2288,49.1987],[1.2395,49.2053],[1.2399,49.2056],[1.2399,49.2056],[1.24,49.2056],[1.2406,49.2054],[1.2413,49.2051],[1.2621,49.2005],[1.2626,49.2004],[1.2627,49.2004],[1.2627,49.2004],[1.2632,49.2005],[1.2888,49.2073],[1.3221,49.22],[1.3225,49.2201],[1.3231,49.2203],[1.3231,49.2204],[1.3232,49.2203],[1.3232,49.22],[1.3232,49.2196],[1.3274,49.1887],[1.3274,49.1887],[1.3282,49.1883],[1.3905,49.1571],[1.3911,49.1568],[1.3913,49.1567],[1.4101,49.1387],[1.4102,49.1387],[1.4109,49.1383],[1.4414,49.121],[1.4419,49.1207],[1.4422,49.1205],[1.5001,49.0804],[1.52,49.0583],[1.5204,49.0578],[1.5205,49.0577],[1.5205,49.0577],[1.5206,49.0577],[1.5208,49.0578],[1.5215,49.0579],[1.5578,49.0619],[1.5582,49.062],[1.5583,49.062],[1.5583,49.062],[1.5589,49.062],[1.5708,49.061],[1.5716,49.0609],[1.5717,49.0609],[1.5717,49.0609],[1.5719,49.061],[1.6167,49.0827],[1.6355,49.097],[1.6356,49.0971],[1.6356,49.0971],[1.6357,49.0971],[1.6366,49.097],[1.6464,49.0966],[1.6474,49.0966],[1.6474,49.0966],[1.6474,49.0966],[1.6475,49.0966],[1.6534,49.1019],[1.6534,49.1019],[1.6534,49.1019],[1.652,49.1147],[1.652,49.1147],[1.652,49.1147],[1.6703,49.1371],[1.6812,49.1566],[1.6812,49.1566],[1.6812,49.1566],[1.6879,49.1852],[1.6832,49.2023],[1.6832,49.2023],[1.6868,49.2114],[1.6868,49.2114],[1.6954,49.2181],[1.7048,49.2227],[1.7127,49.2292],[1.7127,49.2292],[1.7128,49.2292],[1.7155,49.2461],[1.7165,49.2514],[1.7165,49.2514],[1.7165,49.2514],[1.7298,49.2612],[1.7298,49.2612],[1.7298,49.2612],[1.7298,49.2624],[1.7298,49.2624],[1.7298,49.2624],[1.7422,49.2666],[1.7424,49.2667],[1.7425,49.2667],[1.7425,49.2667],[1.7433,49.2666],[1.7608,49.265],[1.7614,49.2649],[1.7614,49.2649],[1.7615,49.2649],[1.762,49.265],[1.7774,49.2668],[1.785,49.274],[1.785,49.274],[1.785,49.274],[1.7858,49.2871],[1.7858,49.2871],[1.7858,49.2871],[1.8053,49.2912],[1.8057,49.2914],[1.8058,49.2914],[1.8058,49.2914],[1.8064,49.2913],[1.829,49.2869],[1.8552,49.2798],[1.9049,49.267],[1.9051,49.2669],[1.9057,49.2665],[1.9245,49.2531],[1.9246,49.253],[1.9253,49.2526],[1.9504,49.238],[2.0476,49.2273],[2.0829,49.213],[2.0837,49.2127],[2.0837,49.2125],[2.0837,49.2114],[2.0837,49.2113],[2.0845,49.2109],[2.1073,49.1995],[2.1301,49.1982],[2.1496,49.1979],[2.1774,49.1825],[2.1774,49.1825],[2.1782,49.182],[2.202,49.1673],[2.2278,49.149],[2.2284,49.1486],[2.2286,49.1485],[2.2519,49.1402],[2.2524,49.14],[2.2525,49.1399],[2.2525,49.14],[2.253,49.1402],[2.2747,49.1492],[2.2933,49.1575],[2.3349,49.1609],[2.3433,49.1633],[2.3566,49.1852],[2.3566,49.1852],[2.3566,49.1852],[2.3572,49.2057],[2.3572,49.2057],[2.3572,49.2057],[2.3658,49.2129],[2.3658,49.2129],[2.3658,49.2129],[2.357,49.2308],[2.356,49.232],[2.3314,49.248],[2.3307,49.2484],[2.3306,49.2485],[2.3165,49.2547],[2.2659,49.2769],[2.2657,49.277],[2.2651,49.2774],[2.2017,49.3199],[2.2016,49.32],[2.2009,49.3204],[2.1418,49.3561],[2.1292,49.3615],[2.1276,49.3621],[2.1275,49.3622],[2.1275,49.3622],[2.1204,49.3678],[2.1091,49.3798],[2.1017,49.3832],[2.1009,49.3836],[2.1009,49.3836],[2.1009,49.3836],[2.1009,49.3837],[2.1008,49.3841],[2.0995,49.3898],[2.0978,49.3985],[2.1018,49.409],[2.1018,49.409],[2.1035,49.4097],[2.1155,49.4155],[2.1155,49.4156],[2.1155,49.4156],[2.1156,49.4156],[2.1166,49.4156],[2.1408,49.4154],[2.2027,49.3811],[2.2422,49.3575],[2.2428,49.3572],[2.2429,49.3571],[2.2429,49.3572],[2.2434,49.3575],[2.2595,49.3695],[2.3097,49.395],[2.3163,49.4044],[2.3163,49.4045],[2.3163,49.4045],[2.3164,49.4045],[2.3174,49.4044],[2.3498,49.4037],[2.3761,49.3944],[2.3765,49.3943],[2.3769,49.3939],[2.3827,49.3889],[2.3832,49.3884],[2.3835,49.3884],[2.4014,49.3856],[2.4021,49.3855],[2.4021,49.3855],[2.4022,49.3855],[2.4025,49.3856],[2.4443,49.4],[2.4445,49.4],[2.4445,49.4],[2.4446,49.4],[2.4454,49.4],[2.4768,49.3971],[2.5229,49.3755],[2.5235,49.3752],[2.5237,49.375],[2.5403,49.3548],[2.5403,49.3548],[2.5403,49.3548],[2.5368,49.3514],[2.5368,49.3514],[2.5368,49.3514],[2.5394,49.349],[2.5399,49.3486],[2.5401,49.3486],[2.5509,49.3472],[2.5605,49.3461],[2.5816,49.3435],[2.5818,49.3434],[2.5818,49.3434],[2.5819,49.3434],[2.5827,49.3435],[2.6359,49.3452],[2.7002,49.3508],[2.7005,49.3508],[2.7005,49.3508],[2.7006,49.3508],[2.7013,49.3508],[2.7395,49.3493],[2.7405,49.3492],[2.7406,49.3492],[2.7406,49.3492],[2.7406,49.3493],[2.7574,49.3666],[2.7766,49.392],[2.7957,49.4167],[2.8338,49.4362],[2.8539,49.4404],[2.8539,49.4404],[2.8539,49.4404],[2.8442,49.4584],[2.8441,49.4587],[2.8434,49.4589],[2.8338,49.4628],[2.833,49.4631],[2.833,49.4632],[2.8341,49.4748],[2.8341,49.475],[2.8333,49.4753],[2.8188,49.4807],[2.7842,49.4982],[2.7577,49.5062],[2.7574,49.5063],[2.7569,49.5067],[2.7337,49.5239],[2.7337,49.5239],[2.7337,49.5239],[2.7337,49.5239],[2.7358,49.5239],[2.7358,49.5239],[2.7358,49.5239],[2.7005,49.536],[2.6996,49.5363],[2.6996,49.5363],[2.6996,49.5363],[2.6997,49.5365],[2.7098,49.5566],[2.7098,49.5566],[2.7098,49.5566],[2.7144,49.5741],[2.6908,49.5894],[2.6887,49.6087],[2.6887,49.6087],[2.7253,49.619],[2.7253,49.619],[2.7276,49.6249],[2.7276,49.6249],[2.7574,49.6337],[2.7574,49.6337],[2.758,49.6335],[2.8343,49.6142],[2.8348,49.6141],[2.8348,49.6141],[2.8349,49.6141],[2.8355,49.6142],[2.8691,49.6199],[2.8992,49.6568],[2.8992,49.6568],[2.8992,49.6568],[2.9039,49.6746],[2.904,49.6746],[2.904,49.6746],[2.9316,49.6967],[2.9316,49.6967],[2.9316,49.6967],[2.9155,49.7224],[2.9155,49.7224],[2.9155,49.7224],[2.9344,49.7353],[2.9344,49.7353],[2.9344,49.7353],[2.9415,49.7545],[2.9415,49.7545],[2.9553,49.7559],[2.9553,49.7559],[2.9553,49.7559],[2.9556,49.7653],[2.9556,49.7653],[2.9556,49.7653],[2.9676,49.7717],[2.9677,49.7717],[2.9688,49.7717],[2.9757,49.7717],[2.9767,49.7717],[2.9768,49.7717]]]},"properties":{"code":36,"nom":"BP-Ile de France","code_her1":9,"nom_her1":"TABLES CALCAIRES"}},{"type":"Feature","geometry":{"type":"Polygon","coordinates":[[[9.4481,42.6711],[9.4269,42.6655],[9.4222,42.5798],[9.439,42.5561],[9.4386,42.5327],[9.4431,42.5146],[9.4497,42.5043],[9.4557,42.4949],[9.4655,42.4767],[9.4993,42.4504],[9.5153,42.4277],[9.5147,42.3983],[9.5156,42.3926],[9.5028,42.388],[9.5052,42.3707],[9.5057,42.3496],[9.524,42.3425],[9.5212,42.3146],[9.5058,42.2983],[9.4971,42.2801],[9.4861,42.262],[9.4593,42.2374],[9.4503,42.2308],[9.4264,42.2093],[9.4151,42.182],[9.4072,42.1692],[9.396,42.1469],[9.3836,42.1276],[9.3774,42.1115],[9.3725,42.101],[9.3681,42.0891],[9.364,42.081],[9.3553,42.0684],[9.3486,42.0562],[9.3373,42.0452],[9.3312,42.037],[9.3343,42.0248],[9.3498,42.0182],[9.3537,41.9946],[9.3628,41.9899],[9.3683,41.9728],[9.3781,41.9582],[9.3713,41.9374],[9.3601,41.9268],[9.3573,41.9159],[9.3652,41.9061],[9.3716,41.8921],[9.3791,41.8713],[9.3924,41.8586],[9.3992,41.8593],[9.4021,41.8475],[9.4049,41.8388],[9.4049,41.832],[9.4072,41.8268],[9.4061,41.8173],[9.4014,41.8091],[9.3977,41.7975],[9.4006,41.7894],[9.3994,41.7799],[9.3982,41.776],[9.4017,41.7735],[9.4046,41.7728],[9.4086,41.7685],[9.407,41.7545],[9.4065,41.7501],[9.4084,41.7471],[9.4077,41.7415],[9.4033,41.7362],[9.4041,41.7299],[9.4066,41.7258],[9.4055,41.7225],[9.4046,41.7211],[9.4038,41.7197],[9.4082,41.7138],[9.4091,41.7087],[9.4058,41.6999],[9.4054,41.6965],[9.3983,41.6936],[9.3914,41.6924],[9.3893,41.6942],[9.3878,41.6943],[9.3785,41.6853],[9.3756,41.6804],[9.3803,41.675],[9.387,41.6746],[9.3905,41.6727],[9.3887,41.67],[9.3817,41.6682],[9.3808,41.6665],[9.3881,41.6644],[9.3908,41.6619],[9.3912,41.6591],[9.3869,41.6548],[9.3892,41.6485],[9.3854,41.6482],[9.3806,41.6519],[9.379,41.6514],[9.3742,41.6427],[9.3685,41.6391],[9.3648,41.6394],[9.3609,41.6447],[9.3586,41.6443],[9.3476,41.6399],[9.3475,41.6326],[9.3534,41.6322],[9.3553,41.6287],[9.355,41.6259],[9.3582,41.6217],[9.3558,41.6202],[9.3461,41.6208],[9.3396,41.6235],[9.335,41.6227],[9.331,41.6207],[9.3134,41.6179],[9.313,41.6208],[9.325,41.6268],[9.3187,41.6249],[9.3159,41.6268],[9.3141,41.6295],[9.3127,41.6315],[9.3081,41.6301],[9.3037,41.6253],[9.3046,41.6196],[9.2948,41.6135],[9.2898,41.615],[9.2874,41.614],[9.2862,41.6039],[9.2867,41.6016],[9.2835,41.6001],[9.2848,41.5983],[9.2844,41.595],[9.2934,41.5882],[9.2938,41.5848],[9.2992,41.5867],[9.3007,41.5928],[9.3073,41.5974],[9.3134,41.6049],[9.3222,41.6094],[9.3265,41.6075],[9.336,41.6057],[9.3407,41.6003],[9.3458,41.5989],[9.3578,41.5986],[9.3677,41.5997],[9.3698,41.5984],[9.3687,41.5957],[9.3557,41.5869],[9.3542,41.5814],[9.3494,41.5783],[9.3526,41.5741],[9.3513,41.5692],[9.3487,41.5659],[9.3414,41.5619],[9.3363,41.5628],[9.3318,41.5631],[9.324,41.5602],[9.3222,41.5575],[9.3173,41.5545],[9.311,41.5521],[9.3099,41.5493],[9.3019,41.5447],[9.2975,41.5394],[9.2853,41.5312],[9.2801,41.5321],[9.2757,41.5324],[9.2734,41.5257],[9.2747,41.524],[9.283,41.524],[9.285,41.5222],[9.2844,41.5166],[9.2814,41.5105],[9.2748,41.5053],[9.27,41.5028],[9.2704,41.5],[9.2764,41.4996],[9.277,41.4984],[9.28,41.4988],[9.2833,41.5008],[9.2861,41.4995],[9.2885,41.4937],[9.2875,41.4888],[9.2866,41.4837],[9.2814,41.4778],[9.2749,41.4737],[9.2703,41.4729],[9.27,41.4707],[9.2772,41.4679],[9.276,41.4635],[9.2716,41.4644],[9.2695,41.4662],[9.269,41.4679],[9.2628,41.4661],[9.2603,41.4645],[9.2614,41.4605],[9.2549,41.4564],[9.2421,41.4494],[9.2242,41.4437],[9.2235,41.4376],[9.228,41.4311],[9.2285,41.4288],[9.2237,41.4263],[9.225,41.4245],[9.2252,41.42],[9.2236,41.419],[9.2168,41.4183],[9.2143,41.4162],[9.2178,41.4143],[9.218,41.4092],[9.2239,41.4088],[9.2323,41.4167],[9.242,41.4223],[9.2445,41.4249],[9.2532,41.4283],[9.2595,41.4313],[9.2625,41.4311],[9.2661,41.4297],[9.265,41.427],[9.2607,41.4222],[9.2596,41.4189],[9.2547,41.4152],[9.252,41.4115],[9.25,41.4077],[9.2384,41.3977],[9.2365,41.3939],[9.2339,41.3912],[9.2329,41.3885],[9.2245,41.3805],[9.2244,41.3738],[9.2204,41.3712],[9.2051,41.3688],[9.1851,41.3701],[9.1802,41.3733],[9.1755,41.3781],[9.1733,41.385],[9.1655,41.3894],[9.162,41.3908],[9.1587,41.3949],[9.1534,41.3942],[9.1486,41.3916],[9.1449,41.3924],[9.14,41.395],[9.1312,41.3973],[9.1318,41.4023],[9.1263,41.4004],[9.118,41.3993],[9.108,41.3976],[9.104,41.3951],[9.0996,41.3959],[9.0984,41.3982],[9.0988,41.4016],[9.0952,41.403],[9.0998,41.4173],[9.106,41.4192],[9.1109,41.4228],[9.1084,41.4269],[9.1096,41.4314],[9.1225,41.4396],[9.127,41.444],[9.1284,41.4454],[9.1317,41.448],[9.1327,41.4502],[9.1249,41.4473],[9.1185,41.4438],[9.1141,41.4446],[9.1106,41.4465],[9.1066,41.4445],[9.1022,41.4454],[9.0981,41.4522],[9.0946,41.4509],[9.0902,41.4456],[9.0826,41.4444],[9.0774,41.4453],[9.0731,41.4467],[9.0672,41.4544],[9.0679,41.4605],[9.0714,41.4654],[9.0729,41.4715],[9.0801,41.4761],[9.083,41.4816],[9.0746,41.4799],[9.0679,41.4741],[9.0649,41.4737],[9.062,41.4682],[9.0547,41.4636],[9.0509,41.4627],[9.0464,41.463],[9.0431,41.4604],[9.0402,41.4612],[9.0406,41.4713],[9.0378,41.4732],[9.029,41.4681],[9.0279,41.4648],[9.025,41.4655],[9.0217,41.4697],[9.0176,41.4733],[9.0188,41.4777],[9.0206,41.4804],[9.0202,41.4839],[9.0139,41.4809],[9.0098,41.4777],[9.0054,41.4786],[8.9997,41.4812],[8.9946,41.4864],[8.9911,41.4851],[8.9883,41.4802],[8.9872,41.4763],[8.9848,41.4754],[8.9788,41.4819],[8.9738,41.4839],[8.9725,41.4863],[8.9649,41.4856],[8.9654,41.4895],[8.9657,41.4923],[8.9615,41.495],[8.9525,41.4949],[8.9437,41.4921],[8.9395,41.4928],[8.9362,41.497],[8.9316,41.4962],[8.9313,41.4934],[8.9274,41.4919],[8.9237,41.4927],[8.9223,41.4934],[8.9229,41.499],[8.9192,41.5059],[8.9193,41.5076],[8.9164,41.5084],[8.9136,41.5097],[8.9,41.5094],[8.8893,41.5072],[8.8841,41.5081],[8.8831,41.5121],[8.8911,41.5173],[8.8914,41.5195],[8.8833,41.5211],[8.8793,41.5259],[8.8756,41.5261],[8.8733,41.5257],[8.8685,41.5226],[8.8531,41.519],[8.8419,41.5197],[8.8427,41.527],[8.8509,41.5338],[8.8564,41.5358],[8.8551,41.5381],[8.8524,41.5405],[8.853,41.5461],[8.8499,41.5452],[8.8467,41.5431],[8.8437,41.5439],[8.8427,41.5484],[8.833,41.549],[8.8275,41.5465],[8.8217,41.548],[8.816,41.5512],[8.8142,41.5553],[8.8115,41.5582],[8.8061,41.5569],[8.7897,41.5584],[8.787,41.5609],[8.7875,41.5653],[8.7924,41.569],[8.7979,41.5709],[8.8021,41.5752],[8.7923,41.582],[8.792,41.5865],[8.7832,41.5882],[8.7797,41.5916],[8.7762,41.5931],[8.7771,41.5947],[8.7858,41.5981],[8.7889,41.5991],[8.7895,41.6053],[8.7921,41.6085],[8.7921,41.6153],[8.7877,41.6166],[8.7888,41.6194],[8.7944,41.6224],[8.793,41.631],[8.7995,41.6351],[8.8041,41.636],[8.8056,41.6426],[8.8078,41.6425],[8.8119,41.6389],[8.8122,41.6343],[8.8156,41.6313],[8.8225,41.632],[8.8347,41.6409],[8.8433,41.6437],[8.8521,41.6488],[8.8636,41.6509],[8.8671,41.6485],[8.8741,41.6509],[8.8769,41.6558],[8.8784,41.6596],[8.8791,41.6613],[8.8799,41.6624],[8.8834,41.6734],[8.885,41.6745],[8.8896,41.6747],[8.8929,41.6779],[8.9096,41.6792],[8.9193,41.6853],[8.9177,41.6911],[8.9004,41.6916],[8.8863,41.693],[8.8801,41.6984],[8.8738,41.696],[8.8447,41.6984],[8.8391,41.7002],[8.8272,41.7101],[8.8284,41.7133],[8.8133,41.7144],[8.8118,41.7139],[8.8116,41.7128],[8.8069,41.7102],[8.7976,41.7085],[8.7949,41.7042],[8.7902,41.7022],[8.7842,41.7026],[8.7845,41.7054],[8.7881,41.7108],[8.7762,41.7121],[8.7733,41.7134],[8.7747,41.719],[8.7822,41.7258],[8.785,41.7307],[8.7861,41.734],[8.7763,41.7414],[8.7639,41.7382],[8.725,41.7259],[8.714,41.722],[8.7088,41.7224],[8.7039,41.726],[8.708,41.7359],[8.7067,41.7383],[8.698,41.741],[8.6732,41.742],[8.6663,41.7412],[8.6625,41.7403],[8.6589,41.7422],[8.66,41.7455],[8.6627,41.7493],[8.6698,41.7523],[8.6809,41.7505],[8.6859,41.748],[8.6905,41.7488],[8.7,41.7528],[8.7025,41.7554],[8.711,41.7572],[8.7159,41.7614],[8.7228,41.7689],[8.726,41.771],[8.7314,41.7718],[8.7315,41.7734],[8.7303,41.7758],[8.7329,41.779],[8.7294,41.782],[8.7291,41.786],[8.7271,41.7884],[8.7205,41.7899],[8.712,41.7949],[8.7131,41.7982],[8.718,41.8019],[8.7202,41.8018],[8.7243,41.797],[8.7417,41.7982],[8.7431,41.8038],[8.7484,41.8046],[8.7496,41.8085],[8.7558,41.8104],[8.7581,41.8102],[8.7594,41.8084],[8.764,41.8087],[8.7733,41.811],[8.7761,41.8232],[8.7857,41.8289],[8.7838,41.8318],[8.7735,41.8341],[8.7681,41.8401],[8.7628,41.8404],[8.7605,41.8394],[8.7568,41.8402],[8.754,41.8421],[8.7551,41.8454],[8.7591,41.848],[8.7839,41.847],[8.7891,41.8495],[8.7904,41.8512],[8.7921,41.8601],[8.791,41.8655],[8.783,41.873],[8.7832,41.8753],[8.7848,41.8763],[8.7852,41.8797],[8.781,41.8828],[8.7819,41.8844],[8.791,41.885],[8.8036,41.8898],[8.8062,41.8925],[8.8057,41.898],[8.8047,41.8999],[8.8012,41.9024],[8.8014,41.9044],[8.8018,41.9074],[8.8069,41.9128],[8.8104,41.9164],[8.812,41.9181],[8.814,41.9225],[8.8144,41.9265],[8.815,41.9315],[8.8124,41.9361],[8.8067,41.9325],[8.8052,41.9306],[8.8006,41.925],[8.7961,41.9253],[8.7886,41.9257],[8.7839,41.9238],[8.7781,41.9258],[8.7659,41.9248],[8.762,41.9239],[8.7552,41.9311],[8.7438,41.9307],[8.7426,41.9195],[8.7438,41.916],[8.7392,41.9152],[8.737,41.9164],[8.7316,41.9156],[8.7202,41.9078],[8.7148,41.9065],[8.7051,41.907],[8.6923,41.9078],[8.6839,41.9066],[8.6807,41.9051],[8.6666,41.9082],[8.6531,41.909],[8.6456,41.9094],[8.6316,41.9052],[8.622,41.9001],[8.614,41.896],[8.6118,41.8967],[8.6137,41.9006],[8.6163,41.9032],[8.6151,41.9061],[8.613,41.908],[8.6137,41.9147],[8.6172,41.9196],[8.6191,41.9228],[8.6247,41.9259],[8.624,41.9338],[8.6251,41.9366],[8.6223,41.939],[8.6112,41.9413],[8.6055,41.9518],[8.6011,41.9532],[8.6001,41.9578],[8.5953,41.962],[8.5962,41.9642],[8.6056,41.9671],[8.611,41.9679],[8.6135,41.9705],[8.6266,41.9698],[8.6301,41.9696],[8.6343,41.9665],[8.6542,41.9687],[8.6623,41.9745],[8.6657,41.9776],[8.673,41.9829],[8.6739,41.9907],[8.6698,41.9949],[8.6667,41.9939],[8.6615,41.9948],[8.6617,41.9965],[8.6604,41.9988],[8.6623,42.0094],[8.6657,42.0137],[8.684,42.0217],[8.6896,42.0242],[8.6929,42.0274],[8.6961,42.0283],[8.7005,42.0275],[8.7073,42.0271],[8.718,42.0305],[8.7284,42.0337],[8.7317,42.0363],[8.7286,42.0427],[8.734,42.0436],[8.739,42.041],[8.7421,42.0414],[8.7478,42.045],[8.7496,42.0477],[8.7491,42.057],[8.7472,42.0608],[8.7445,42.0632],[8.7337,42.0622],[8.7233,42.0634],[8.7233,42.0687],[8.7233,42.0742],[8.7217,42.077],[8.7176,42.0812],[8.7085,42.088],[8.7123,42.0951],[8.7112,42.0996],[8.7051,42.1062],[8.7048,42.1092],[8.7012,42.1121],[8.6953,42.1136],[8.6942,42.1108],[8.6901,42.1077],[8.687,42.1067],[8.6852,42.104],[8.68,42.1049],[8.6724,42.1053],[8.6686,42.1044],[8.6668,42.1017],[8.6638,42.1024],[8.6629,42.1081],[8.6546,42.1154],[8.6503,42.1192],[8.6386,42.122],[8.6373,42.1238],[8.6288,42.1226],[8.6249,42.1217],[8.6168,42.1312],[8.6132,42.1325],[8.6033,42.1319],[8.5961,42.1284],[8.5906,42.1292],[8.5856,42.1296],[8.5866,42.1323],[8.5902,42.1372],[8.5968,42.1425],[8.5964,42.1465],[8.5878,42.1509],[8.5802,42.1508],[8.5706,42.1463],[8.5623,42.1467],[8.5643,42.1511],[8.5698,42.1525],[8.5754,42.1556],[8.5815,42.1558],[8.5874,42.1616],[8.5952,42.1635],[8.5957,42.1685],[8.5943,42.1697],[8.5821,42.1687],[8.5701,42.17],[8.5634,42.1715],[8.5653,42.1748],[8.571,42.179],[8.5892,42.1799],[8.5888,42.1819],[8.583,42.185],[8.5819,42.1885],[8.5798,42.1903],[8.5808,42.1931],[8.5827,42.2037],[8.5806,42.2055],[8.5744,42.2036],[8.5699,42.2044],[8.5718,42.2083],[8.5752,42.2114],[8.5784,42.213],[8.5763,42.2153],[8.5718,42.2156],[8.5697,42.2174],[8.5707,42.2196],[8.5779,42.2231],[8.578,42.2243],[8.5703,42.2298],[8.5603,42.2287],[8.5578,42.2266],[8.5518,42.2275],[8.5435,42.2347],[8.5453,42.2374],[8.5492,42.2389],[8.5552,42.238],[8.5635,42.2375],[8.5758,42.2385],[8.5869,42.2435],[8.5945,42.2431],[8.6088,42.249],[8.613,42.2533],[8.6163,42.2553],[8.6247,42.256],[8.6289,42.2523],[8.6379,42.2518],[8.6413,42.2556],[8.6667,42.2586],[8.6762,42.2614],[8.6899,42.2618],[8.6963,42.2653],[8.6951,42.2682],[8.6896,42.2703],[8.6895,42.2782],[8.6827,42.2797],[8.6799,42.2821],[8.6784,42.2895],[8.6763,42.2913],[8.6697,42.2934],[8.6662,42.2964],[8.6633,42.2991],[8.6551,42.2993],[8.6499,42.3008],[8.6475,42.2992],[8.6436,42.2983],[8.6415,42.3001],[8.6341,42.3017],[8.6331,42.3068],[8.6304,42.3098],[8.6134,42.3074],[8.6102,42.3059],[8.605,42.3068],[8.6047,42.3113],[8.5997,42.315],[8.6002,42.3195],[8.6051,42.322],[8.6096,42.3223],[8.6268,42.3264],[8.6293,42.3285],[8.6301,42.3358],[8.6287,42.337],[8.6235,42.3384],[8.621,42.3431],[8.619,42.3461],[8.615,42.3446],[8.612,42.3442],[8.6049,42.3491],[8.5988,42.3495],[8.5917,42.3471],[8.5864,42.3468],[8.5828,42.3414],[8.5752,42.3345],[8.5719,42.3318],[8.5687,42.3303],[8.5637,42.3306],[8.5611,42.3308],[8.5553,42.3334],[8.5555,42.3351],[8.5571,42.3361],[8.5599,42.3416],[8.5542,42.3447],[8.5547,42.3492],[8.5579,42.3513],[8.5566,42.3536],[8.5561,42.3559],[8.5586,42.3575],[8.5593,42.3647],[8.5519,42.3663],[8.5484,42.3693],[8.5495,42.38],[8.555,42.3814],[8.5564,42.3802],[8.5568,42.3773],[8.5588,42.3744],[8.5624,42.3725],[8.573,42.3713],[8.5788,42.376],[8.5798,42.3788],[8.5784,42.38],[8.5805,42.3836],[8.582,42.3834],[8.5895,42.3839],[8.5897,42.3856],[8.5913,42.3866],[8.5979,42.3845],[8.6032,42.3837],[8.6087,42.3856],[8.6122,42.3893],[8.6096,42.394],[8.6103,42.4002],[8.6135,42.4022],[8.6153,42.4044],[8.6103,42.4081],[8.6105,42.4092],[8.6137,42.4113],[8.6134,42.4158],[8.6234,42.4163],[8.625,42.4174],[8.6261,42.4207],[8.6307,42.4204],[8.6375,42.42],[8.6472,42.4178],[8.6529,42.4141],[8.6589,42.4132],[8.6633,42.4191],[8.6653,42.4235],[8.6672,42.4273],[8.6664,42.4342],[8.6623,42.4378],[8.6563,42.4393],[8.6549,42.4405],[8.6559,42.4427],[8.663,42.4451],[8.6699,42.4452],[8.6731,42.4468],[8.6737,42.4518],[8.6693,42.4543],[8.6705,42.4576],[8.6754,42.4607],[8.6829,42.4671],[8.6832,42.4734],[8.6793,42.4757],[8.6717,42.4767],[8.664,42.4755],[8.6615,42.474],[8.6571,42.4748],[8.6536,42.4778],[8.6545,42.4795],[8.661,42.4836],[8.6691,42.495],[8.6701,42.5039],[8.6682,42.508],[8.6693,42.5113],[8.6783,42.5165],[8.6874,42.5165],[8.6994,42.5209],[8.699,42.5248],[8.7075,42.5255],[8.7118,42.5229],[8.7164,42.5232],[8.722,42.5265],[8.7131,42.5347],[8.7141,42.5375],[8.719,42.54],[8.7225,42.5443],[8.7234,42.546],[8.7214,42.5483],[8.7228,42.5545],[8.7237,42.5556],[8.7189,42.5604],[8.7192,42.5699],[8.7124,42.5709],[8.7142,42.5736],[8.7153,42.5764],[8.7218,42.5799],[8.7266,42.5819],[8.7286,42.5795],[8.7288,42.5739],[8.7317,42.5726],[8.7309,42.5659],[8.7329,42.5629],[8.736,42.5633],[8.74,42.5653],[8.7434,42.5685],[8.7591,42.5715],[8.7621,42.5714],[8.7625,42.5612],[8.7645,42.5582],[8.7674,42.5569],[8.7758,42.557],[8.7859,42.5586],[8.7889,42.5585],[8.7995,42.5652],[8.8013,42.5662],[8.8054,42.5693],[8.8054,42.5761],[8.8028,42.5802],[8.8039,42.5835],[8.8053,42.5891],[8.8124,42.5915],[8.8123,42.5972],[8.8057,42.6004],[8.8068,42.6026],[8.8285,42.6052],[8.8297,42.6023],[8.8357,42.602],[8.8423,42.6061],[8.8457,42.6093],[8.8544,42.6111],[8.8589,42.6107],[8.8681,42.6113],[8.8745,42.6105],[8.8774,42.6124],[8.8779,42.6159],[8.879,42.6197],[8.8839,42.6228],[8.8841,42.6245],[8.8827,42.6257],[8.8838,42.629],[8.8954,42.6294],[8.8978,42.6304],[8.9029,42.6284],[8.9098,42.6286],[8.9154,42.631],[8.9167,42.636],[8.9215,42.6383],[8.9231,42.6391],[8.93,42.6386],[8.931,42.6403],[8.9275,42.6433],[8.9276,42.6444],[8.9338,42.6452],[8.9374,42.6427],[8.9384,42.6387],[8.945,42.636],[8.9477,42.636],[8.958,42.6358],[8.9721,42.6383],[8.9823,42.6411],[8.9986,42.6429],[9.0042,42.6448],[9.0087,42.6445],[9.0122,42.6415],[9.0177,42.6428],[9.026,42.648],[9.0298,42.6551],[9.0393,42.6573],[9.0444,42.6553],[9.0526,42.6599],[9.0565,42.6608],[9.0649,42.6608],[9.0667,42.6633],[9.0637,42.6632],[9.0628,42.6689],[9.0599,42.6707],[9.0618,42.6735],[9.0562,42.6783],[9.0569,42.6845],[9.0594,42.6866],[9.0605,42.6961],[9.0636,42.6959],[9.0685,42.6922],[9.0716,42.6926],[9.0767,42.6974],[9.0771,42.7007],[9.0844,42.7037],[9.0863,42.707],[9.0844,42.7105],[9.0855,42.7138],[9.0912,42.7168],[9.0973,42.7164],[9.1011,42.7162],[9.104,42.7217],[9.1059,42.7249],[9.1136,42.725],[9.1147,42.7278],[9.1266,42.7315],[9.1319,42.7306],[9.1378,42.7291],[9.1398,42.7324],[9.143,42.7339],[9.1483,42.733],[9.1536,42.7327],[9.1656,42.737],[9.1694,42.7368],[9.1801,42.7304],[9.186,42.7278],[9.2026,42.7256],[9.2059,42.7282],[9.2115,42.7301],[9.2166,42.7343],[9.2244,42.7355],[9.2324,42.7249],[9.2396,42.7207],[9.2442,42.7207],[9.2475,42.7228],[9.2569,42.7182],[9.2572,42.708],[9.2584,42.7051],[9.2612,42.7027],[9.2688,42.7022],[9.271,42.7015],[9.272,42.6969],[9.2785,42.6937],[9.2782,42.6909],[9.2817,42.6878],[9.2821,42.685],[9.2894,42.676],[9.2933,42.6763],[9.2997,42.6782],[9.3006,42.6798],[9.3056,42.6837],[9.3074,42.685],[9.31,42.6883],[9.3181,42.6935],[9.3241,42.697],[9.3253,42.7003],[9.322,42.7056],[9.3224,42.7151],[9.3259,42.7195],[9.3307,42.7203],[9.3339,42.7217],[9.3354,42.7273],[9.3368,42.7287],[9.344,42.7352],[9.3456,42.7425],[9.3437,42.746],[9.3396,42.7573],[9.3385,42.7604],[9.3391,42.7655],[9.3399,42.7722],[9.3398,42.7835],[9.3432,42.7867],[9.3445,42.7911],[9.3431,42.7924],[9.3427,42.7952],[9.333,42.8043],[9.3317,42.8123],[9.3241,42.8134],[9.3215,42.8175],[9.3211,42.8203],[9.3157,42.8269],[9.3109,42.8312],[9.3121,42.835],[9.3157,42.8393],[9.3172,42.8455],[9.3226,42.8462],[9.3308,42.8564],[9.3342,42.8591],[9.3331,42.8631],[9.3388,42.8661],[9.3376,42.8684],[9.3304,42.8729],[9.3289,42.8797],[9.3305,42.8864],[9.3237,42.8936],[9.3246,42.8999],[9.3352,42.9065],[9.3489,42.9118],[9.3599,42.9201],[9.3603,42.9235],[9.3522,42.9268],[9.3555,42.9345],[9.3593,42.9405],[9.359,42.9445],[9.3563,42.9475],[9.3505,42.9507],[9.3492,42.9593],[9.3499,42.9649],[9.3532,42.9675],[9.3535,42.9692],[9.3457,42.9753],[9.3455,42.9861],[9.3438,42.9913],[9.3463,42.997],[9.3623,43.0048],[9.3753,43.0039],[9.3794,43.0059],[9.3867,43.0088],[9.4077,43.0041],[9.4163,43.0052],[9.419,43.0084],[9.4208,43.0106],[9.4239,43.0104],[9.4305,43.0077],[9.4332,43.0047],[9.4357,43.0],[9.4436,42.9955],[9.4463,42.9919],[9.4537,42.9898],[9.4566,42.9879],[9.4634,42.9869],[9.4614,42.9836],[9.4599,42.9769],[9.4549,42.9744],[9.4558,42.9687],[9.4553,42.9648],[9.4534,42.9615],[9.4552,42.958],[9.4561,42.9523],[9.469,42.9379],[9.4694,42.935],[9.4661,42.933],[9.4683,42.9261],[9.4717,42.9224],[9.4714,42.9134],[9.4704,42.9056],[9.4738,42.902],[9.4738,42.8952],[9.4756,42.8917],[9.4749,42.8855],[9.4759,42.8815],[9.4763,42.8781],[9.4738,42.8765],[9.4734,42.8732],[9.4805,42.8682],[9.4809,42.8593],[9.4827,42.855],[9.4823,42.8387],[9.4818,42.8353],[9.4857,42.8294],[9.4866,42.8257],[9.4887,42.8162],[9.4904,42.811],[9.4939,42.8085],[9.4937,42.8068],[9.4904,42.8042],[9.4881,42.7965],[9.4864,42.7903],[9.479,42.7801],[9.4783,42.7745],[9.4733,42.7714],[9.4674,42.7601],[9.4678,42.7514],[9.4644,42.7483],[9.4637,42.7426],[9.4635,42.741],[9.4625,42.7352],[9.4611,42.7276],[9.4564,42.7205],[9.4546,42.709],[9.4529,42.6976],[9.4483,42.6911],[9.4481,42.6832],[9.449,42.6781],[9.4481,42.6711]]]},"properties":{"code":22,"nom":"Corse","code_her1":16,"nom_her1":"CORSE"}},{"type":"Feature","geometry":{"type":"Polygon","coordinates":[[[-1.5411,48.3209],[-1.5599,48.2895],[-1.4714,48.3155],[-1.3453,48.2464],[-1.2766,48.2524],[-1.2134,48.2274],[-1.178,48.2369],[-1.1324,48.1537],[-1.1254,48.0729],[-1.1066,48.0441],[-1.0858,48.0268],[-1.0294,48.0285],[-1.0304,48.0306],[-1.0262,48.0293],[-0.9991,48.0232],[-0.9702,48.0331],[-0.9225,48.0567],[-0.9106,48.0736],[-0.9089,48.076],[-0.8848,48.097],[-0.8621,48.1169],[-0.8609,48.1177],[-0.8112,48.1487],[-0.7411,48.1736],[-0.6601,48.1807],[-0.5941,48.1683],[-0.5337,48.1467],[-0.4965,48.1222],[-0.4891,48.1184],[-0.4369,48.0915],[-0.399,48.069],[-0.3323,48.0197],[-0.29,47.9885],[-0.2676,47.987],[-0.2674,47.987],[-0.277,47.9605],[-0.2846,47.9481],[-0.3077,47.9476],[-0.3089,47.943],[-0.2997,47.9316],[-0.2982,47.9159],[-0.2915,47.9006],[-0.2822,47.8941],[-0.2718,47.8772],[-0.2854,47.8609],[-0.2875,47.8506],[-0.2868,47.8437],[-0.2925,47.8354],[-0.3062,47.8242],[-0.2945,47.7982],[-0.3074,47.7896],[-0.3203,47.7792],[-0.3278,47.7684],[-0.3327,47.7613],[-0.3565,47.7421],[-0.3695,47.7346],[-0.3915,47.7369],[-0.4034,47.7498],[-0.4446,47.7481],[-0.4719,47.7474],[-0.4767,47.7388],[-0.4803,47.7315],[-0.4741,47.7245],[-0.4937,47.7255],[-0.5105,47.7153],[-0.4766,47.6823],[-0.4985,47.657],[-0.5148,47.6517],[-0.541,47.6453],[-0.5512,47.642],[-0.5354,47.6297],[-0.5602,47.6244],[-0.5782,47.6296],[-0.5809,47.6256],[-0.5807,47.6216],[-0.6614,47.6297],[-0.6978,47.626],[-0.7973,47.6198],[-0.8654,47.6159],[-0.9732,47.6063],[-0.9967,47.6063],[-1.0298,47.6092],[-1.0606,47.6142],[-1.0996,47.6226],[-1.1038,47.6214],[-1.1084,47.6202],[-1.1143,47.6188],[-1.1196,47.6173],[-1.1235,47.6155],[-1.1268,47.6129],[-1.1297,47.6102],[-1.1333,47.6068],[-1.1367,47.6039],[-1.1395,47.6012],[-1.1432,47.6],[-1.1504,47.5992],[-1.1539,47.5997],[-1.1624,47.6013],[-1.1692,47.6022],[-1.1766,47.603],[-1.1827,47.6045],[-1.1883,47.6054],[-1.1929,47.6063],[-1.2001,47.607],[-1.2061,47.6073],[-1.2121,47.6079],[-1.2166,47.6087],[-1.2223,47.6091],[-1.2284,47.6097],[-1.2348,47.611],[-1.2407,47.6123],[-1.2454,47.6127],[-1.252,47.6126],[-1.2574,47.6121],[-1.2608,47.6104],[-1.2624,47.6089],[-1.2628,47.6085],[-1.2641,47.6058],[-1.2639,47.6044],[-1.2949,47.609],[-1.3386,47.6193],[-1.3764,47.6235],[-1.4223,47.626],[-1.4736,47.6281],[-1.5216,47.6314],[-1.5666,47.6335],[-1.5975,47.631],[-1.6282,47.6271],[-1.6591,47.622],[-1.6989,47.6134],[-1.7382,47.602],[-1.8004,47.5844],[-1.8621,47.5746],[-1.8867,47.5743],[-1.9069,47.5683],[-1.9286,47.5635],[-1.9641,47.5568],[-2.0131,47.5488],[-2.0497,47.546],[-2.0553,47.5473],[-2.0669,47.5495],[-2.0749,47.5495],[-2.079,47.5489],[-2.086,47.5463],[-2.0882,47.5454],[-2.1256,47.545],[-2.1305,47.5449],[-2.2148,47.546],[-2.2527,47.5458],[-2.2969,47.5519],[-2.3014,47.5525],[-2.3152,47.5544],[-2.3645,47.5645],[-2.419,47.5787],[-2.4684,47.5894],[-2.5149,47.6005],[-2.5157,47.6007],[-2.5352,47.6053],[-2.5556,47.6101],[-2.5564,47.6103],[-2.5581,47.6109],[-2.5763,47.6165],[-2.5966,47.6234],[-2.606,47.6266],[-2.6171,47.6309],[-2.6416,47.6404],[-2.6447,47.6416],[-2.6466,47.642],[-2.6494,47.6425],[-2.653,47.6431],[-2.6691,47.6461],[-2.6876,47.6499],[-2.7071,47.6532],[-2.7227,47.6558],[-2.7392,47.6567],[-2.7496,47.6578],[-2.7719,47.6588],[-2.7975,47.6588],[-2.811,47.6579],[-2.8263,47.6568],[-2.846,47.6531],[-2.8814,47.6421],[-2.9251,47.623],[-2.9253,47.6069],[-2.9092,47.6059],[-2.9124,47.5951],[-2.9124,47.5947],[-2.9127,47.5919],[-2.9127,47.5919],[-2.9142,47.5912],[-2.9139,47.5878],[-2.9145,47.5865],[-2.9177,47.5859],[-2.9163,47.5816],[-2.9196,47.5817],[-2.9251,47.5855],[-2.9271,47.5888],[-2.9273,47.5921],[-2.9273,47.6013],[-2.9295,47.6023],[-2.9364,47.5965],[-2.9337,47.5867],[-2.9363,47.5856],[-2.9509,47.606],[-2.9491,47.6115],[-2.9605,47.613],[-2.9646,47.6021],[-2.9592,47.6018],[-2.9527,47.5975],[-2.9593,47.5934],[-2.9618,47.5877],[-2.9607,47.5855],[-2.9473,47.5799],[-2.9445,47.575],[-2.9436,47.5716],[-2.9407,47.5682],[-2.9366,47.568],[-2.9359,47.5627],[-2.9288,47.5601],[-2.9258,47.5574],[-2.9281,47.5535],[-2.9394,47.5538],[-2.9518,47.5563],[-2.9533,47.5597],[-2.9582,47.5582],[-2.9622,47.5575],[-2.9626,47.553],[-2.9791,47.5621],[-2.9729,47.5652],[-2.9817,47.578],[-2.9865,47.5765],[-2.9926,47.5805],[-2.9939,47.5859],[-2.9955,47.5906],[-2.9988,47.5899],[-2.9921,47.5718],[-2.9961,47.5663],[-3.0065,47.5671],[-3.0115,47.5753],[-3.0137,47.5814],[-3.0164,47.5834],[-3.019,47.5875],[-3.0245,47.5919],[-3.0281,47.5904],[-3.0263,47.5869],[-3.0261,47.5821],[-3.0217,47.5793],[-3.022,47.5755],[-3.0178,47.5682],[-3.0239,47.5671],[-3.0289,47.5736],[-3.0339,47.5726],[-3.04,47.5735],[-3.0396,47.5778],[-3.0437,47.5781],[-3.0478,47.5782],[-3.0519,47.5778],[-3.0517,47.5757],[-3.054,47.5736],[-3.0527,47.5689],[-3.0605,47.5721],[-3.069,47.5717],[-3.076,47.5703],[-3.0785,47.5679],[-3.0885,47.5645],[-3.097,47.5632],[-3.0983,47.568],[-3.107,47.5741],[-3.1061,47.578],[-3.104,47.5794],[-3.105,47.5812],[-3.1041,47.5847],[-3.1092,47.5846],[-3.1161,47.5901],[-3.1198,47.5908],[-3.123,47.596],[-3.1259,47.5985],[-3.1287,47.5977],[-3.1305,47.595],[-3.1255,47.5926],[-3.1302,47.5887],[-3.1281,47.575],[-3.125,47.574],[-3.1216,47.5756],[-3.1155,47.5783],[-3.1147,47.5761],[-3.12,47.573],[-3.1237,47.5679],[-3.1292,47.5592],[-3.1288,47.5508],[-3.1335,47.5444],[-3.1303,47.5379],[-3.1325,47.5338],[-3.1316,47.5283],[-3.1275,47.5261],[-3.1255,47.5182],[-3.1259,47.513],[-3.1179,47.5103],[-3.1186,47.5048],[-3.1191,47.5021],[-3.1171,47.4973],[-3.1131,47.4963],[-3.1091,47.4901],[-3.0943,47.4833],[-3.0906,47.4768],[-3.09,47.4742],[-3.0803,47.4705],[-3.0784,47.4687],[-3.0872,47.4695],[-3.0939,47.4734],[-3.1008,47.4712],[-3.1089,47.4705],[-3.115,47.4775],[-3.118,47.4787],[-3.1209,47.479],[-3.1235,47.4781],[-3.1249,47.4773],[-3.1273,47.4755],[-3.1293,47.4735],[-3.1309,47.4727],[-3.143,47.4832],[-3.1459,47.4828],[-3.1454,47.4866],[-3.1461,47.489],[-3.144,47.4904],[-3.1441,47.4912],[-3.1471,47.4928],[-3.1491,47.4968],[-3.1511,47.5016],[-3.1523,47.5063],[-3.1525,47.5144],[-3.1538,47.5232],[-3.1563,47.5232],[-3.1599,47.5232],[-3.1631,47.53],[-3.1598,47.53],[-3.1573,47.528],[-3.1527,47.5282],[-3.1507,47.5303],[-3.1475,47.5304],[-3.1425,47.5338],[-3.1391,47.5429],[-3.1349,47.5459],[-3.1388,47.5595],[-3.1389,47.5669],[-3.1393,47.5724],[-3.1399,47.5796],[-3.1442,47.5869],[-3.1466,47.5921],[-3.1481,47.5942],[-3.1495,47.5964],[-3.1562,47.6032],[-3.1586,47.6062],[-3.163,47.6087],[-3.1567,47.614],[-3.148,47.623],[-3.108,47.6522],[-3.1044,47.6555],[-3.0946,47.6669],[-3.0857,47.6776],[-3.0753,47.69],[-3.0569,47.7114],[-3.046,47.7246],[-3.0379,47.7398],[-3.0317,47.7526],[-3.0009,47.815],[-2.9452,47.8177],[-2.9033,47.8091],[-2.8348,47.8644],[-2.7659,47.9251],[-2.734,47.945],[-2.7359,47.9737],[-2.7637,48.0137],[-2.7538,48.0259],[-2.7339,48.049],[-2.7138,48.0696],[-2.7006,48.085],[-2.6875,48.1028],[-2.6589,48.1171],[-2.6389,48.1393],[-2.6223,48.1449],[-2.5803,48.1417],[-2.5245,48.149],[-2.4425,48.1638],[-2.391,48.1905],[-2.3651,48.2293],[-2.3657,48.2303],[-2.3657,48.2303],[-2.3436,48.2353],[-2.2767,48.2174],[-2.2449,48.225],[-2.1772,48.22],[-2.0902,48.2387],[-2.071,48.2137],[-2.0113,48.2134],[-1.9614,48.2126],[-1.906,48.2647],[-1.844,48.2811],[-1.7714,48.2644],[-1.7427,48.3655],[-1.6818,48.3997],[-1.5411,48.3209]]]},"properties":{"code":117,"nom":"MA-est interieur","code_her1":12,"nom_her1":"ARMORICAIN"}},{"type":"Feature","geometry":{"type":"Polygon","coordinates":[[[-2.6107,48.5502],[-2.6017,48.5557],[-2.6016,48.5579],[-2.5972,48.5603],[-2.5941,48.5616],[-2.5893,48.5663],[-2.5819,48.5719],[-2.576,48.577],[-2.5717,48.5791],[-2.5707,48.5804],[-2.5709,48.5819],[-2.57,48.584],[-2.5668,48.5847],[-2.5637,48.5849],[-2.5555,48.5898],[-2.5523,48.5937],[-2.5523,48.5956],[-2.5561,48.5974],[-2.5554,48.5989],[-2.5531,48.6001],[-2.5478,48.5985],[-2.5402,48.5976],[-2.5377,48.597],[-2.5318,48.598],[-2.5306,48.5979],[-2.5238,48.5996],[-2.5229,48.6005],[-2.5119,48.6032],[-2.5019,48.6065],[-2.4947,48.6095],[-2.4944,48.6102],[-2.4921,48.6121],[-2.4914,48.6145],[-2.4854,48.6157],[-2.4733,48.6226],[-2.4747,48.6255],[-2.4764,48.6297],[-2.4759,48.6309],[-2.4746,48.6307],[-2.473,48.6294],[-2.4704,48.6292],[-2.4693,48.6296],[-2.4683,48.6302],[-2.4675,48.6319],[-2.4677,48.6344],[-2.4685,48.6356],[-2.4793,48.6361],[-2.485,48.6379],[-2.4844,48.6396],[-2.4843,48.6409],[-2.4867,48.641],[-2.4895,48.6436],[-2.4892,48.6452],[-2.4856,48.6471],[-2.4845,48.6456],[-2.4814,48.6447],[-2.4769,48.6446],[-2.4736,48.646],[-2.4682,48.65],[-2.4643,48.6491],[-2.463,48.6478],[-2.4575,48.649],[-2.4538,48.6479],[-2.4368,48.653],[-2.4318,48.65],[-2.4274,48.6494],[-2.4221,48.648],[-2.4179,48.6467],[-2.4217,48.6447],[-2.4201,48.6432],[-2.4206,48.6415],[-2.4186,48.6417],[-2.4028,48.6422],[-2.3955,48.6436],[-2.3955,48.6465],[-2.3915,48.6496],[-2.3871,48.6529],[-2.3836,48.6541],[-2.3816,48.6525],[-2.3757,48.6539],[-2.373,48.6559],[-2.3687,48.6582],[-2.3669,48.657],[-2.364,48.6551],[-2.3573,48.659],[-2.3487,48.6643],[-2.337,48.6705],[-2.329,48.6736],[-2.3285,48.6766],[-2.3277,48.6791],[-2.3282,48.6831],[-2.3249,48.683],[-2.3222,48.6845],[-2.3195,48.6865],[-2.3196,48.6877],[-2.3167,48.6882],[-2.3143,48.6853],[-2.3128,48.6819],[-2.3098,48.6811],[-2.3122,48.6767],[-2.313,48.6737],[-2.3087,48.6709],[-2.3011,48.6688],[-2.2882,48.6687],[-2.2823,48.6693],[-2.2849,48.6636],[-2.2894,48.6625],[-2.2927,48.6601],[-2.2928,48.658],[-2.296,48.6561],[-2.2976,48.6509],[-2.3069,48.6457],[-2.31,48.6417],[-2.3072,48.6404],[-2.3113,48.6339],[-2.3198,48.6301],[-2.3189,48.6278],[-2.3263,48.6263],[-2.3336,48.6223],[-2.3346,48.6206],[-2.3331,48.6201],[-2.3302,48.6198],[-2.3264,48.6197],[-2.3205,48.618],[-2.3196,48.6162],[-2.3189,48.6134],[-2.3158,48.6104],[-2.313,48.6108],[-2.3118,48.6139],[-2.3086,48.6164],[-2.3061,48.6194],[-2.3017,48.6217],[-2.3,48.6253],[-2.2987,48.6261],[-2.2942,48.6271],[-2.2947,48.6243],[-2.2942,48.6251],[-2.2924,48.6255],[-2.29,48.6265],[-2.2904,48.6286],[-2.2873,48.6298],[-2.2876,48.6321],[-2.2776,48.6366],[-2.2761,48.6373],[-2.274,48.6372],[-2.2731,48.6386],[-2.2751,48.6397],[-2.2712,48.6416],[-2.2682,48.6414],[-2.2661,48.6418],[-2.265,48.6434],[-2.2592,48.6461],[-2.2571,48.6443],[-2.2547,48.6452],[-2.2454,48.6461],[-2.2431,48.6409],[-2.2476,48.6402],[-2.2512,48.6385],[-2.2529,48.6371],[-2.2554,48.6359],[-2.2535,48.6315],[-2.243,48.6237],[-2.2389,48.6268],[-2.237,48.6258],[-2.2436,48.62],[-2.2438,48.6181],[-2.2454,48.6163],[-2.2441,48.6145],[-2.2327,48.6105],[-2.2277,48.6114],[-2.2275,48.6075],[-2.2262,48.6057],[-2.2222,48.6024],[-2.2221,48.5981],[-2.223,48.5948],[-2.2187,48.5946],[-2.2132,48.5932],[-2.2094,48.5857],[-2.2114,48.5812],[-2.2101,48.5764],[-2.2078,48.5753],[-2.2063,48.5803],[-2.2031,48.5812],[-2.2023,48.5842],[-2.1967,48.588],[-2.1924,48.594],[-2.195,48.5985],[-2.195,48.6004],[-2.1934,48.6023],[-2.1931,48.6049],[-2.1956,48.6068],[-2.1957,48.6081],[-2.1968,48.6103],[-2.1949,48.6109],[-2.1915,48.6081],[-2.1839,48.6061],[-2.1811,48.5991],[-2.1835,48.5976],[-2.1829,48.5916],[-2.1874,48.588],[-2.1861,48.5829],[-2.185,48.5808],[-2.1815,48.5773],[-2.1772,48.5768],[-2.1713,48.5796],[-2.1665,48.5795],[-2.1649,48.5794],[-2.1672,48.5822],[-2.1637,48.5835],[-2.1616,48.5858],[-2.1597,48.5872],[-2.1572,48.5877],[-2.1602,48.5894],[-2.1639,48.5926],[-2.1686,48.5931],[-2.1727,48.5958],[-2.1719,48.5967],[-2.1687,48.5969],[-2.1673,48.6041],[-2.1645,48.6077],[-2.1619,48.6072],[-2.1532,48.61],[-2.1543,48.6147],[-2.1508,48.6183],[-2.1447,48.6202],[-2.144,48.6186],[-2.1434,48.6175],[-2.1404,48.6168],[-2.1415,48.6151],[-2.1425,48.6125],[-2.1421,48.6107],[-2.1357,48.6094],[-2.1345,48.6087],[-2.1325,48.6077],[-2.1322,48.6061],[-2.1301,48.6057],[-2.1281,48.6047],[-2.1246,48.6045],[-2.124,48.6066],[-2.1313,48.6103],[-2.1308,48.6118],[-2.1317,48.6122],[-2.1349,48.6115],[-2.1371,48.6127],[-2.1374,48.6148],[-2.1377,48.6182],[-2.1393,48.6228],[-2.1421,48.623],[-2.1439,48.6232],[-2.145,48.6254],[-2.1506,48.6265],[-2.1521,48.6302],[-2.1509,48.6308],[-2.1499,48.632],[-2.1518,48.6341],[-2.1504,48.6352],[-2.1469,48.634],[-2.1435,48.6328],[-2.1416,48.632],[-2.1379,48.634],[-2.1376,48.6348],[-2.1357,48.6348],[-2.1338,48.6357],[-2.1346,48.6381],[-2.1325,48.6391],[-2.1267,48.6356],[-2.1222,48.6362],[-2.1178,48.6388],[-2.119,48.6406],[-2.1187,48.642],[-2.1164,48.643],[-2.1145,48.6447],[-2.1115,48.6462],[-2.1118,48.6421],[-2.1109,48.6385],[-2.1073,48.6382],[-2.1038,48.6396],[-2.0988,48.6394],[-2.0945,48.6344],[-2.0853,48.6364],[-2.0815,48.6385],[-2.0784,48.6415],[-2.0732,48.6408],[-2.0712,48.639],[-2.0652,48.6394],[-2.0625,48.6411],[-2.0559,48.6404],[-2.0549,48.6369],[-2.0521,48.6363],[-2.0505,48.6394],[-2.0468,48.6397],[-2.0458,48.6371],[-2.0504,48.6311],[-2.0539,48.6268],[-2.0511,48.6253],[-2.0466,48.6255],[-2.0365,48.6265],[-2.0325,48.6276],[-2.0285,48.6243],[-2.0301,48.6215],[-2.0297,48.6194],[-2.0287,48.6178],[-2.0191,48.62],[-2.0145,48.6239],[-2.0153,48.6272],[-2.0184,48.6273],[-2.0234,48.6325],[-2.032,48.6339],[-2.0314,48.6383],[-2.0297,48.6476],[-2.0295,48.6509],[-2.0217,48.6525],[-2.016,48.6529],[-2.0096,48.6545],[-1.9951,48.6608],[-1.9898,48.6644],[-1.9905,48.6667],[-1.9865,48.6684],[-1.9832,48.6731],[-1.9827,48.6762],[-1.9876,48.6769],[-1.9922,48.6824],[-1.99,48.6849],[-1.9867,48.6843],[-1.9863,48.6823],[-1.9819,48.6833],[-1.9795,48.6845],[-1.9767,48.6854],[-1.9749,48.6837],[-1.9716,48.6839],[-1.9708,48.6871],[-1.9672,48.6878],[-1.9636,48.6877],[-1.9616,48.6885],[-1.9607,48.6894],[-1.959,48.6922],[-1.9538,48.693],[-1.9458,48.692],[-1.9428,48.6928],[-1.939,48.6945],[-1.9385,48.7001],[-1.9393,48.7021],[-1.9363,48.7024],[-1.9315,48.7017],[-1.931,48.6958],[-1.9302,48.6936],[-1.9259,48.6933],[-1.9212,48.6934],[-1.9199,48.696],[-1.9168,48.6964],[-1.9131,48.6915],[-1.9044,48.6911],[-1.8964,48.693],[-1.8909,48.6999],[-1.8807,48.6992],[-1.8774,48.6961],[-1.8707,48.6993],[-1.8692,48.7015],[-1.8626,48.7007],[-1.8578,48.7049],[-1.8565,48.7073],[-1.8521,48.7067],[-1.8471,48.7096],[-1.8434,48.7134],[-1.842,48.7091],[-1.8444,48.7062],[-1.8428,48.7023],[-1.8496,48.7018],[-1.8491,48.6988],[-1.8441,48.6978],[-1.8474,48.694],[-1.8453,48.6904],[-1.841,48.6881],[-1.8414,48.6846],[-1.835,48.6806],[-1.8394,48.6786],[-1.8452,48.6766],[-1.8473,48.6732],[-1.8513,48.6708],[-1.8578,48.6692],[-1.8628,48.6661],[-1.8641,48.6618],[-1.8622,48.6584],[-1.8641,48.6548],[-1.8681,48.6521],[-1.868,48.6487],[-1.8705,48.6476],[-1.8713,48.6454],[-1.869,48.6434],[-1.8679,48.6415],[-1.8669,48.6396],[-1.8666,48.6392],[-1.862,48.633],[-1.8634,48.6319],[-1.8554,48.6238],[-1.8532,48.6227],[-1.8496,48.6213],[-1.8464,48.6183],[-1.8394,48.6157],[-1.8342,48.6134],[-1.8168,48.6092],[-1.7893,48.6066],[-1.785,48.606],[-1.7731,48.6038],[-1.7727,48.6045],[-1.7706,48.605],[-1.7678,48.6055],[-1.7661,48.6036],[-1.7534,48.6051],[-1.6992,48.6082],[-1.6734,48.612],[-1.6664,48.6103],[-1.6306,48.6168],[-1.6222,48.6185],[-1.6082,48.6204],[-1.5788,48.6252],[-1.5687,48.6195],[-1.5489,48.5876],[-1.5445,48.5792],[-1.5561,48.5748],[-1.5605,48.5731],[-1.557,48.5731],[-1.55,48.5706],[-1.545,48.5582],[-1.5488,48.5554],[-1.5525,48.5499],[-1.5549,48.548],[-1.5498,48.5338],[-1.541,48.5223],[-1.5408,48.5196],[-1.5393,48.5169],[-1.5274,48.5029],[-1.5197,48.4925],[-1.5153,48.4891],[-1.5135,48.4819],[-1.5092,48.4794],[-1.4958,48.4796],[-1.4889,48.4772],[-1.4777,48.473],[-1.452,48.4541],[-1.4481,48.456],[-1.4138,48.4528],[-1.4125,48.4537],[-1.3996,48.4623],[-1.3774,48.4747],[-1.3733,48.4739],[-1.3695,48.4777],[-1.3711,48.482],[-1.344,48.4878],[-1.3376,48.4803],[-1.3516,48.4434],[-1.3247,48.4045],[-1.2937,48.3667],[-1.2541,48.2857],[-1.1791,48.239],[-1.178,48.2369],[-1.2134,48.2274],[-1.2766,48.2524],[-1.3453,48.2464],[-1.4714,48.3155],[-1.5599,48.2895],[-1.5411,48.3209],[-1.6818,48.3997],[-1.7427,48.3655],[-1.7714,48.2644],[-1.844,48.2811],[-1.906,48.2647],[-1.9614,48.2126],[-2.0113,48.2134],[-2.071,48.2137],[-2.0902,48.2387],[-2.1772,48.22],[-2.2449,48.225],[-2.2767,48.2174],[-2.3436,48.2353],[-2.3657,48.2303],[-2.4055,48.2966],[-2.4525,48.3259],[-2.5295,48.3604],[-2.6419,48.3771],[-2.7202,48.3984],[-2.7615,48.4179],[-2.8227,48.4382],[-2.8675,48.4412],[-2.9441,48.4673],[-2.9736,48.4906],[-3.0297,48.5078],[-3.1195,48.5168],[-3.1647,48.5475],[-3.182,48.5697],[-3.2088,48.6127],[-3.2308,48.6408],[-3.2533,48.6767],[-3.27,48.6932],[-3.294,48.7093],[-3.3107,48.7258],[-3.3277,48.7447],[-3.3715,48.7698],[-3.3914,48.7856],[-3.4085,48.7916],[-3.4108,48.7952],[-3.4129,48.7975],[-3.4169,48.7998],[-3.3918,48.8025],[-3.3885,48.8049],[-3.3894,48.8084],[-3.3879,48.8119],[-3.3909,48.8129],[-3.3908,48.8163],[-3.3868,48.8168],[-3.3844,48.8156],[-3.3808,48.817],[-3.373,48.8173],[-3.3714,48.8185],[-3.3669,48.8191],[-3.3654,48.8204],[-3.3676,48.822],[-3.366,48.8226],[-3.3635,48.8222],[-3.3601,48.8221],[-3.3569,48.82],[-3.3517,48.8215],[-3.3514,48.823],[-3.3531,48.8239],[-3.3524,48.8246],[-3.3416,48.8287],[-3.3355,48.8291],[-3.3331,48.8307],[-3.3312,48.8331],[-3.322,48.8389],[-3.3077,48.8377],[-3.2957,48.8329],[-3.2931,48.8304],[-3.2915,48.835],[-3.2876,48.8366],[-3.2864,48.8389],[-3.2845,48.8403],[-3.2841,48.8424],[-3.2793,48.8425],[-3.2777,48.8436],[-3.2749,48.8439],[-3.2757,48.8395],[-3.2729,48.8379],[-3.2704,48.8367],[-3.2695,48.8345],[-3.2632,48.8352],[-3.2627,48.8374],[-3.2584,48.8402],[-3.2562,48.844],[-3.2582,48.8453],[-3.2577,48.8478],[-3.2541,48.8494],[-3.2515,48.8518],[-3.2485,48.8555],[-3.2445,48.859],[-3.2387,48.8619],[-3.2351,48.8632],[-3.2397,48.8664],[-3.238,48.8679],[-3.2306,48.8688],[-3.2272,48.8697],[-3.224,48.8703],[-3.2231,48.8677],[-3.2182,48.8663],[-3.2156,48.8622],[-3.2147,48.8588],[-3.2121,48.8574],[-3.211,48.8549],[-3.2118,48.8519],[-3.2113,48.8499],[-3.2102,48.849],[-3.2099,48.8473],[-3.2121,48.8439],[-3.2129,48.8396],[-3.2179,48.8371],[-3.218,48.8355],[-3.2098,48.8373],[-3.2065,48.8388],[-3.2032,48.8352],[-3.2031,48.8251],[-3.2043,48.8221],[-3.2063,48.8178],[-3.206,48.8136],[-3.2019,48.8139],[-3.2002,48.8151],[-3.2007,48.8203],[-3.1992,48.8261],[-3.1911,48.8374],[-3.1826,48.8439],[-3.1729,48.8433],[-3.1712,48.8493],[-3.168,48.8535],[-3.1619,48.8533],[-3.1579,48.8523],[-3.1521,48.853],[-3.1465,48.855],[-3.1428,48.8577],[-3.1366,48.8583],[-3.1331,48.86],[-3.1332,48.8621],[-3.1277,48.8652],[-3.1228,48.865],[-3.1174,48.8666],[-3.1111,48.8674],[-3.1089,48.866],[-3.1,48.8687],[-3.0952,48.8701],[-3.0823,48.8774],[-3.0776,48.8812],[-3.0714,48.8851],[-3.0743,48.8798],[-3.0798,48.8761],[-3.0864,48.8731],[-3.0918,48.8695],[-3.0851,48.8685],[-3.0807,48.8642],[-3.0754,48.8584],[-3.0763,48.8562],[-3.0788,48.8556],[-3.0804,48.8595],[-3.0838,48.8611],[-3.0868,48.8624],[-3.0874,48.8602],[-3.0913,48.8606],[-3.0933,48.8587],[-3.0878,48.8575],[-3.0871,48.8553],[-3.086,48.8516],[-3.0822,48.8481],[-3.0865,48.8414],[-3.0902,48.8377],[-3.0921,48.8354],[-3.0982,48.8338],[-3.0982,48.8338],[-3.0967,48.8321],[-3.0943,48.833],[-3.0882,48.8336],[-3.0876,48.8321],[-3.086,48.8323],[-3.0831,48.8337],[-3.0811,48.8334],[-3.0778,48.8308],[-3.0733,48.8336],[-3.0711,48.8335],[-3.071,48.8299],[-3.0756,48.8275],[-3.0784,48.8283],[-3.0828,48.8272],[-3.0849,48.8256],[-3.0838,48.8218],[-3.0876,48.8168],[-3.0877,48.8127],[-3.0855,48.8113],[-3.081,48.8153],[-3.0738,48.8203],[-3.0656,48.8226],[-3.0613,48.8227],[-3.0575,48.8225],[-3.053,48.8223],[-3.0545,48.8197],[-3.0563,48.818],[-3.0533,48.8161],[-3.0472,48.8177],[-3.0431,48.8178],[-3.0411,48.8193],[-3.0366,48.82],[-3.027,48.8217],[-3.0233,48.8214],[-3.0192,48.8227],[-3.014,48.8225],[-3.01,48.8207],[-3.0069,48.8188],[-3.0141,48.8126],[-3.0159,48.8112],[-3.0129,48.8077],[-3.0088,48.8054],[-3.0051,48.8058],[-3.0022,48.8044],[-3.0039,48.7983],[-3.013,48.7985],[-3.0185,48.7976],[-3.0221,48.7953],[-3.025,48.7908],[-3.0349,48.7894],[-3.0448,48.7874],[-3.0451,48.785],[-3.0402,48.7838],[-3.0282,48.7843],[-3.0206,48.7834],[-3.0085,48.7822],[-3.0082,48.7794],[-3.0276,48.778],[-3.0281,48.7746],[-3.0173,48.7696],[-3.0144,48.7668],[-3.0061,48.7677],[-2.9932,48.7652],[-2.9852,48.7636],[-2.9789,48.7629],[-2.9669,48.7629],[-2.9588,48.7652],[-2.9572,48.7697],[-2.9511,48.7726],[-2.9482,48.7693],[-2.9505,48.765],[-2.9435,48.7598],[-2.9414,48.7583],[-2.9337,48.7573],[-2.9313,48.7564],[-2.9275,48.7543],[-2.9406,48.7454],[-2.9411,48.743],[-2.9396,48.7406],[-2.9364,48.7404],[-2.9334,48.7382],[-2.9366,48.7312],[-2.9412,48.7286],[-2.9472,48.7265],[-2.9489,48.7233],[-2.9489,48.7233],[-2.947,48.7233],[-2.9451,48.7217],[-2.9421,48.72],[-2.939,48.7202],[-2.9347,48.7192],[-2.9305,48.7215],[-2.9291,48.7205],[-2.9317,48.7168],[-2.9267,48.7132],[-2.9257,48.7089],[-2.9191,48.7057],[-2.9144,48.7058],[-2.9105,48.7039],[-2.9057,48.7021],[-2.9028,48.7],[-2.8969,48.701],[-2.8971,48.703],[-2.8948,48.704],[-2.8942,48.7017],[-2.8924,48.7004],[-2.8884,48.7002],[-2.8877,48.6967],[-2.8887,48.6938],[-2.8825,48.6906],[-2.8858,48.6842],[-2.8816,48.679],[-2.8828,48.6765],[-2.8774,48.675],[-2.8709,48.6749],[-2.8668,48.6728],[-2.8625,48.6744],[-2.8596,48.677],[-2.857,48.6764],[-2.8549,48.6724],[-2.852,48.6683],[-2.8483,48.6683],[-2.8448,48.6657],[-2.8392,48.6623],[-2.8388,48.6599],[-2.8356,48.6584],[-2.8319,48.6559],[-2.8263,48.6564],[-2.8263,48.6522],[-2.8239,48.6488],[-2.8266,48.6474],[-2.8251,48.6442],[-2.8216,48.6421],[-2.8254,48.6378],[-2.8255,48.6362],[-2.8209,48.6325],[-2.8188,48.6284],[-2.8236,48.6244],[-2.8143,48.6154],[-2.8157,48.6132],[-2.8132,48.6103],[-2.8187,48.6076],[-2.8193,48.6045],[-2.8185,48.6031],[-2.819,48.6005],[-2.8237,48.5992],[-2.8202,48.5943],[-2.8077,48.593],[-2.7999,48.5895],[-2.8013,48.5887],[-2.7952,48.5856],[-2.79,48.5856],[-2.7877,48.5849],[-2.7843,48.5862],[-2.7791,48.5858],[-2.7744,48.5804],[-2.7732,48.5767],[-2.7741,48.572],[-2.7644,48.5682],[-2.7633,48.567],[-2.7481,48.5624],[-2.7403,48.561],[-2.7387,48.5616],[-2.7313,48.5619],[-2.7305,48.5596],[-2.7193,48.5562],[-2.713,48.5562],[-2.7113,48.5539],[-2.7241,48.5467],[-2.7208,48.5428],[-2.7171,48.5399],[-2.7181,48.5358],[-2.724,48.5317],[-2.7236,48.53],[-2.7189,48.5308],[-2.716,48.5291],[-2.7166,48.5272],[-2.7153,48.526],[-2.716,48.5246],[-2.7136,48.5232],[-2.7063,48.5179],[-2.7026,48.5136],[-2.7024,48.5112],[-2.7003,48.5093],[-2.6971,48.5046],[-2.6931,48.5026],[-2.6915,48.5006],[-2.6897,48.499],[-2.6851,48.4985],[-2.6827,48.5018],[-2.6801,48.5035],[-2.6796,48.506],[-2.6767,48.5087],[-2.6771,48.5123],[-2.6768,48.5174],[-2.6784,48.5224],[-2.6801,48.5239],[-2.6817,48.5286],[-2.6836,48.532],[-2.6811,48.5341],[-2.6688,48.5367],[-2.6667,48.5349],[-2.6625,48.5337],[-2.6617,48.5316],[-2.6583,48.5301],[-2.6553,48.5259],[-2.645,48.5249],[-2.6418,48.5242],[-2.6341,48.5254],[-2.6321,48.527],[-2.6351,48.5299],[-2.6332,48.5336],[-2.6335,48.5377],[-2.6291,48.5411],[-2.6183,48.5458],[-2.6107,48.5502]],[[-2.6107,48.5502],[-2.6127,48.549],[-2.6082,48.5516],[-2.6107,48.5502]]]},"properties":{"code":118,"nom":"MA-cotes du nord","code_her1":12,"nom_her1":"ARMORICAIN"}},{"type":"Feature","geometry":{"type":"Polygon","coordinates":[[[-1.2561,46.1641],[-1.2543,46.1626],[-1.2566,46.1606],[-1.2631,46.1579],[-1.2688,46.1554],[-1.2735,46.1522],[-1.276,46.1492],[-1.2776,46.1455],[-1.2794,46.144],[-1.2819,46.1448],[-1.286,46.1457],[-1.2875,46.1457],[-1.2887,46.145],[-1.2921,46.1445],[-1.2945,46.1447],[-1.2972,46.1441],[-1.2998,46.1442],[-1.3021,46.1442],[-1.3051,46.143],[-1.3088,46.1431],[-1.3123,46.1434],[-1.3145,46.1438],[-1.317,46.1447],[-1.3186,46.1452],[-1.3213,46.1451],[-1.3241,46.1456],[-1.3265,46.1471],[-1.3307,46.1498],[-1.335,46.1502],[-1.3374,46.151],[-1.3409,46.1507],[-1.3449,46.1522],[-1.3493,46.1543],[-1.3546,46.1555],[-1.3591,46.1592],[-1.3624,46.1606],[-1.3643,46.1625],[-1.3679,46.1649],[-1.3716,46.1672],[-1.374,46.1684],[-1.3788,46.1701],[-1.3812,46.1721],[-1.3858,46.174],[-1.3873,46.1752],[-1.3912,46.1768],[-1.3965,46.1783],[-1.4001,46.1797],[-1.4059,46.1818],[-1.4132,46.1847],[-1.4191,46.1869],[-1.422,46.1882],[-1.4264,46.1892],[-1.4312,46.1901],[-1.4354,46.1921],[-1.4396,46.1941],[-1.4428,46.1954],[-1.4475,46.1971],[-1.4539,46.1992],[-1.4612,46.2015],[-1.4663,46.2028],[-1.4717,46.2029],[-1.4785,46.2019],[-1.4856,46.2008],[-1.4902,46.1987],[-1.4931,46.1964],[-1.4982,46.1945],[-1.5016,46.1934],[-1.5059,46.1927],[-1.5106,46.1955],[-1.514,46.1975],[-1.5198,46.1995],[-1.5237,46.2007],[-1.5299,46.2013],[-1.535,46.2019],[-1.5382,46.2081],[-1.5401,46.211],[-1.5426,46.2129],[-1.5427,46.2171],[-1.5499,46.2259],[-1.5542,46.2289],[-1.5582,46.2324],[-1.5629,46.2374],[-1.5639,46.2456],[-1.5611,46.246],[-1.557,46.2455],[-1.5529,46.2445],[-1.5484,46.2441],[-1.5441,46.2441],[-1.5373,46.2455],[-1.5309,46.2482],[-1.524,46.252],[-1.5184,46.2563],[-1.5136,46.2586],[-1.5096,46.2588],[-1.5055,46.2583],[-1.5022,46.2582],[-1.5002,46.2585],[-1.4943,46.2568],[-1.4905,46.2546],[-1.4877,46.253],[-1.4868,46.2499],[-1.4826,46.2484],[-1.4807,46.2465],[-1.4809,46.2429],[-1.4807,46.24],[-1.4776,46.2379],[-1.475,46.237],[-1.4728,46.2333],[-1.4651,46.23],[-1.4622,46.2288],[-1.454,46.229],[-1.4488,46.2289],[-1.4454,46.2294],[-1.4392,46.2294],[-1.4298,46.2304],[-1.4248,46.2307],[-1.4163,46.2312],[-1.4123,46.2307],[-1.4099,46.2295],[-1.4095,46.227],[-1.4118,46.2261],[-1.4134,46.2271],[-1.4153,46.2267],[-1.4173,46.2253],[-1.4178,46.2244],[-1.416,46.2222],[-1.4163,46.2205],[-1.4176,46.2188],[-1.4201,46.218],[-1.4269,46.217],[-1.4321,46.2163],[-1.4339,46.2154],[-1.4373,46.2165],[-1.4384,46.2153],[-1.4381,46.2141],[-1.4369,46.2131],[-1.4387,46.211],[-1.4373,46.2104],[-1.436,46.2111],[-1.4312,46.2108],[-1.4307,46.2095],[-1.4305,46.2071],[-1.4286,46.207],[-1.4263,46.2066],[-1.4252,46.2055],[-1.4196,46.205],[-1.4162,46.2051],[-1.4136,46.2052],[-1.4079,46.2037],[-1.4042,46.2034],[-1.3967,46.204],[-1.3934,46.2037],[-1.389,46.2044],[-1.3831,46.2049],[-1.3773,46.206],[-1.3736,46.2062],[-1.3716,46.2062],[-1.3699,46.2065],[-1.3687,46.2073],[-1.3667,46.2081],[-1.3652,46.2084],[-1.3634,46.2067],[-1.3597,46.2064],[-1.355,46.2064],[-1.3536,46.2061],[-1.3535,46.205],[-1.3494,46.2038],[-1.3453,46.2021],[-1.3424,46.2008],[-1.3382,46.1988],[-1.3368,46.1978],[-1.3341,46.195],[-1.3307,46.1924],[-1.3265,46.1899],[-1.3235,46.1888],[-1.3215,46.1876],[-1.3185,46.1874],[-1.3161,46.1877],[-1.3125,46.1892],[-1.3098,46.1908],[-1.3078,46.1911],[-1.3046,46.1907],[-1.2985,46.1893],[-1.2933,46.1881],[-1.2905,46.1863],[-1.29,46.1834],[-1.2878,46.1821],[-1.2868,46.18],[-1.2881,46.1781],[-1.2859,46.1758],[-1.2834,46.1735],[-1.2809,46.1708],[-1.2824,46.1683],[-1.2811,46.166],[-1.2809,46.1648],[-1.28,46.1637],[-1.2784,46.1634],[-1.2766,46.1621],[-1.2755,46.1611],[-1.2736,46.1603],[-1.2717,46.1602],[-1.2693,46.1602],[-1.2654,46.1609],[-1.2618,46.1626],[-1.2591,46.1639],[-1.2574,46.164],[-1.2561,46.1641]]]},"properties":{"code":18,"nom":"Ile de re","code_her1":13,"nom_her1":"LANDES"}},{"type":"Feature","geometry":{"type":"Polygon","coordinates":[[[-1.4125,46.0484],[-1.4077,46.0489],[-1.4047,46.0475],[-1.4009,46.0462],[-1.3959,46.0444],[-1.3904,46.0426],[-1.3863,46.0418],[-1.3833,46.042],[-1.3787,46.041],[-1.3732,46.0399],[-1.3693,46.0397],[-1.3674,46.0378],[-1.3674,46.0352],[-1.3686,46.0339],[-1.3707,46.0337],[-1.3703,46.032],[-1.3684,46.0295],[-1.3646,46.027],[-1.3599,46.0258],[-1.3556,46.0237],[-1.3541,46.021],[-1.3498,46.0183],[-1.3452,46.0162],[-1.3414,46.0153],[-1.3372,46.0143],[-1.3355,46.0138],[-1.3351,46.0109],[-1.3285,46.0082],[-1.327,46.007],[-1.3275,46.006],[-1.3241,46.0039],[-1.3187,46.0019],[-1.3201,45.9991],[-1.3201,45.9977],[-1.3185,45.9962],[-1.3146,45.9943],[-1.3069,45.9916],[-1.3009,45.9904],[-1.2948,45.9893],[-1.2873,45.9888],[-1.2798,45.9893],[-1.2757,45.9896],[-1.2676,45.9905],[-1.2599,45.9908],[-1.2522,45.9911],[-1.2487,45.991],[-1.2433,45.9894],[-1.2375,45.986],[-1.2347,45.9826],[-1.2346,45.9801],[-1.2359,45.9755],[-1.235,45.9734],[-1.232,45.9721],[-1.2291,45.9708],[-1.2328,45.969],[-1.2355,45.9678],[-1.2354,45.9663],[-1.2363,45.9648],[-1.2382,45.9634],[-1.2404,45.9609],[-1.2413,45.958],[-1.2404,45.955],[-1.2371,45.9506],[-1.2327,45.947],[-1.2299,45.9453],[-1.2268,45.9426],[-1.2281,45.9398],[-1.2289,45.938],[-1.2284,45.9354],[-1.2269,45.9331],[-1.2291,45.9312],[-1.2303,45.93],[-1.231,45.9252],[-1.2286,45.924],[-1.228,45.9217],[-1.2281,45.9203],[-1.2251,45.9166],[-1.2233,45.9141],[-1.2197,45.9108],[-1.2164,45.9086],[-1.2142,45.9075],[-1.2109,45.9059],[-1.2101,45.9044],[-1.2058,45.9025],[-1.2037,45.902],[-1.2011,45.902],[-1.2005,45.8994],[-1.2012,45.8974],[-1.1981,45.8937],[-1.195,45.8912],[-1.1923,45.8898],[-1.1872,45.8862],[-1.1876,45.884],[-1.1891,45.8821],[-1.192,45.8816],[-1.1934,45.8793],[-1.1924,45.8753],[-1.1924,45.8733],[-1.1923,45.8709],[-1.1954,45.8704],[-1.1974,45.8698],[-1.198,45.8689],[-1.1956,45.868],[-1.1968,45.8663],[-1.1946,45.8652],[-1.1952,45.864],[-1.1949,45.8632],[-1.1937,45.862],[-1.1934,45.8604],[-1.1928,45.8582],[-1.1942,45.857],[-1.1963,45.8566],[-1.1991,45.8568],[-1.2007,45.8562],[-1.2017,45.8547],[-1.202,45.8525],[-1.2034,45.8523],[-1.2045,45.8528],[-1.2064,45.8507],[-1.2064,45.8497],[-1.205,45.8484],[-1.2023,45.8478],[-1.2012,45.8455],[-1.1995,45.8429],[-1.197,45.8422],[-1.196,45.8409],[-1.1958,45.8378],[-1.198,45.8362],[-1.1963,45.8333],[-1.1947,45.8305],[-1.196,45.8283],[-1.1992,45.8275],[-1.2011,45.8263],[-1.2042,45.825],[-1.2079,45.8216],[-1.2133,45.8169],[-1.2152,45.8153],[-1.2157,45.8137],[-1.2192,45.8128],[-1.2224,45.8119],[-1.2239,45.8107],[-1.2251,45.8087],[-1.2261,45.8075],[-1.228,45.8062],[-1.2304,45.806],[-1.2301,45.8046],[-1.2284,45.8047],[-1.2252,45.8052],[-1.2251,45.8037],[-1.2282,45.8009],[-1.2315,45.7985],[-1.2334,45.7992],[-1.236,45.7994],[-1.239,45.8002],[-1.2422,45.8023],[-1.2448,45.8059],[-1.2469,45.8094],[-1.2486,45.814],[-1.2503,45.8229],[-1.2519,45.8343],[-1.2529,45.8422],[-1.2543,45.8512],[-1.2583,45.8616],[-1.2612,45.8682],[-1.2665,45.8756],[-1.2698,45.8802],[-1.2736,45.8825],[-1.2796,45.8864],[-1.2818,45.8881],[-1.2847,45.8915],[-1.2896,45.8951],[-1.293,45.8992],[-1.2956,45.9001],[-1.298,45.8999],[-1.2995,45.8993],[-1.3048,45.9006],[-1.3089,45.9026],[-1.3132,45.9059],[-1.315,45.9069],[-1.3174,45.9096],[-1.3201,45.9108],[-1.3233,45.9124],[-1.3257,45.9123],[-1.3301,45.913],[-1.3338,45.9148],[-1.3363,45.9168],[-1.3398,45.918],[-1.3425,45.9186],[-1.3455,45.9219],[-1.3479,45.9237],[-1.3526,45.9253],[-1.3556,45.9276],[-1.3596,45.9322],[-1.3659,45.9362],[-1.3697,45.9392],[-1.3745,45.9422],[-1.3773,45.9457],[-1.3808,45.9499],[-1.3836,45.9509],[-1.3857,45.9515],[-1.3883,45.9543],[-1.3894,45.9578],[-1.3879,45.9597],[-1.387,45.9622],[-1.3885,45.9659],[-1.3911,45.9691],[-1.3914,45.9719],[-1.3929,45.9743],[-1.3951,45.9756],[-1.3969,45.9776],[-1.3944,45.9822],[-1.3913,45.986],[-1.3885,45.9929],[-1.3881,45.9972],[-1.3894,46.0016],[-1.392,46.0049],[-1.3958,46.0114],[-1.3978,46.0136],[-1.401,46.0158],[-1.4023,46.0194],[-1.4035,46.0236],[-1.4058,46.0276],[-1.4075,46.0308],[-1.4085,46.0355],[-1.4103,46.0396],[-1.4114,46.0408],[-1.4118,46.0452],[-1.4138,46.0466],[-1.4125,46.0484]]]},"properties":{"code":19,"nom":"Ile d'oleron","code_her1":13,"nom_her1":"LANDES"}}]}